[16Feb2026 16:57:27.971] [main/INFO] [cpw.mods.modlauncher.Launcher/MODLAUNCHER]: ModLauncher running: args [--launchTarget, forgeserver, --fml.forgeVersion, 47.4.10, --fml.mcVersion, 1.20.1, --fml.forgeGroup, net.minecraftforge, --fml.mcpVersion, 20230612.114412, nogui]
[16Feb2026 16:57:27.974] [main/INFO] [cpw.mods.modlauncher.Launcher/MODLAUNCHER]: ModLauncher 10.0.9+10.0.9+main.dcd20f30 starting: java version 17.0.17 by Ubuntu; OS Linux arch amd64 version 6.8.0-1030-azure
[16Feb2026 16:57:27.999] [main/DEBUG] [cpw.mods.modlauncher.LaunchServiceHandler/MODLAUNCHER]: Found launch services [fmlclientdev,forgeclient,minecraft,forgegametestserverdev,fmlserveruserdev,fmlclient,fmldatauserdev,forgeserverdev,forgeserveruserdev,forgeclientdev,forgeclientuserdev,forgeserver,forgedatadev,fmlserver,fmlclientuserdev,fmlserverdev,forgedatauserdev,testharness,forgegametestserveruserdev]
[16Feb2026 16:57:28.009] [main/DEBUG] [cpw.mods.modlauncher.NameMappingServiceHandler/MODLAUNCHER]: Found naming services : [srgtomcp]
[16Feb2026 16:57:28.023] [main/DEBUG] [cpw.mods.modlauncher.LaunchPluginHandler/MODLAUNCHER]: Found launch plugins: [mixin,eventbus,slf4jfixer,object_holder_definalize,runtime_enum_extender,capability_token_subclass,accesstransformer,runtimedistcleaner]
[16Feb2026 16:57:28.032] [main/DEBUG] [cpw.mods.modlauncher.TransformationServicesHandler/MODLAUNCHER]: Discovering transformation services
[16Feb2026 16:57:28.037] [main/DEBUG] [net.minecraftforge.fml.loading.FMLPaths/CORE]: Path GAMEDIR is /workspaces/RPG_minecraft/servidor_minecraft
[16Feb2026 16:57:28.037] [main/DEBUG] [net.minecraftforge.fml.loading.FMLPaths/CORE]: Path MODSDIR is /workspaces/RPG_minecraft/servidor_minecraft/mods
[16Feb2026 16:57:28.037] [main/DEBUG] [net.minecraftforge.fml.loading.FMLPaths/CORE]: Path CONFIGDIR is /workspaces/RPG_minecraft/servidor_minecraft/config
[16Feb2026 16:57:28.037] [main/DEBUG] [net.minecraftforge.fml.loading.FMLPaths/CORE]: Path FMLCONFIG is /workspaces/RPG_minecraft/servidor_minecraft/config/fml.toml
[16Feb2026 16:57:32.336] [main/DEBUG] [cpw.mods.modlauncher.TransformationServicesHandler/MODLAUNCHER]: Found additional transformation services from discovery services: 
[16Feb2026 16:57:32.341] [main/INFO] [net.minecraftforge.fml.loading.ImmediateWindowHandler/]: ImmediateWindowProvider not loading because launch target is forgeserver
[16Feb2026 16:57:32.348] [main/DEBUG] [cpw.mods.modlauncher.TransformationServicesHandler/MODLAUNCHER]: Found transformer services : [mixin,fml]
[16Feb2026 16:57:32.348] [main/DEBUG] [cpw.mods.modlauncher.TransformationServicesHandler/MODLAUNCHER]: Transformation services loading
[16Feb2026 16:57:32.349] [main/DEBUG] [cpw.mods.modlauncher.TransformationServiceDecorator/MODLAUNCHER]: Loading service mixin
[16Feb2026 16:57:32.349] [main/DEBUG] [cpw.mods.modlauncher.TransformationServiceDecorator/MODLAUNCHER]: Loaded service mixin
[16Feb2026 16:57:32.349] [main/DEBUG] [cpw.mods.modlauncher.TransformationServiceDecorator/MODLAUNCHER]: Loading service fml
[16Feb2026 16:57:32.350] [main/DEBUG] [net.minecraftforge.fml.loading.LauncherVersion/CORE]: Found FMLLauncher version 1.0
[16Feb2026 16:57:32.350] [main/DEBUG] [net.minecraftforge.fml.loading.FMLLoader/CORE]: FML 1.0 loading
[16Feb2026 16:57:32.350] [main/DEBUG] [net.minecraftforge.fml.loading.FMLLoader/CORE]: FML found ModLauncher version : 10.0.9+10.0.9+main.dcd20f30
[16Feb2026 16:57:32.351] [main/DEBUG] [net.minecraftforge.fml.loading.FMLLoader/CORE]: Requesting CoreMods to not apply the fix for ASMAPI.findFirstInstructionBefore by default
[16Feb2026 16:57:32.351] [main/DEBUG] [net.minecraftforge.fml.loading.FMLLoader/CORE]: FML found AccessTransformer version : 8.0.4+66+master.c09db6d7
[16Feb2026 16:57:32.351] [main/DEBUG] [net.minecraftforge.fml.loading.FMLLoader/CORE]: FML found EventBus version : 6.0.5+6.0.5+master.eb8e549b
[16Feb2026 16:57:32.352] [main/DEBUG] [net.minecraftforge.fml.loading.FMLLoader/CORE]: Found Runtime Dist Cleaner
[16Feb2026 16:57:32.353] [main/DEBUG] [net.minecraftforge.coremod.CoreModEngine/]: CoreMods will preserve legacy behavior of ASMAPI.findFirstInstructionBefore for backwards-compatibility
[16Feb2026 16:57:32.353] [main/DEBUG] [net.minecraftforge.fml.loading.FMLLoader/CORE]: FML found CoreMod version : 5.2.4
[16Feb2026 16:57:32.354] [main/DEBUG] [net.minecraftforge.fml.loading.FMLLoader/CORE]: Found ForgeSPI package implementation version 7.0.1+7.0.1+master.d2b38bf6
[16Feb2026 16:57:32.354] [main/DEBUG] [net.minecraftforge.fml.loading.FMLLoader/CORE]: Found ForgeSPI package specification 5
[16Feb2026 16:57:32.354] [main/DEBUG] [cpw.mods.modlauncher.TransformationServiceDecorator/MODLAUNCHER]: Loaded service fml
[16Feb2026 16:57:32.354] [main/DEBUG] [cpw.mods.modlauncher.TransformationServicesHandler/MODLAUNCHER]: Configuring option handling for services
[16Feb2026 16:57:32.361] [main/DEBUG] [cpw.mods.modlauncher.TransformationServicesHandler/MODLAUNCHER]: Transformation services initializing
[16Feb2026 16:57:32.361] [main/DEBUG] [cpw.mods.modlauncher.TransformationServiceDecorator/MODLAUNCHER]: Initializing transformation service mixin
[16Feb2026 16:57:32.375] [main/DEBUG] [mixin/]: MixinService [ModLauncher] was successfully booted in cpw.mods.cl.ModuleClassLoader@7a3d45bd
[16Feb2026 16:57:32.396] [main/INFO] [mixin/]: SpongePowered MIXIN Subsystem Version=0.8.5 Source=union:/workspaces/RPG_minecraft/servidor_minecraft/libraries/org/spongepowered/mixin/0.8.5/mixin-0.8.5.jar%2365!/ Service=ModLauncher Env=SERVER
[16Feb2026 16:57:32.399] [main/DEBUG] [mixin/]: Initialising Mixin Platform Manager
[16Feb2026 16:57:32.399] [main/DEBUG] [mixin/]: Adding mixin platform agents for container ModLauncher Root Container(ModLauncher:4f56a0a2)
[16Feb2026 16:57:32.399] [main/DEBUG] [mixin/]: Instancing new MixinPlatformAgentMinecraftForge for ModLauncher Root Container(ModLauncher:4f56a0a2)
[16Feb2026 16:57:32.400] [main/DEBUG] [mixin/]: MixinPlatformAgentMinecraftForge rejected container ModLauncher Root Container(ModLauncher:4f56a0a2)
[16Feb2026 16:57:32.400] [main/DEBUG] [mixin/]: Instancing new MixinPlatformAgentDefault for ModLauncher Root Container(ModLauncher:4f56a0a2)
[16Feb2026 16:57:32.401] [main/DEBUG] [mixin/]: MixinPlatformAgentDefault accepted container ModLauncher Root Container(ModLauncher:4f56a0a2)
[16Feb2026 16:57:32.404] [main/DEBUG] [cpw.mods.modlauncher.TransformationServiceDecorator/MODLAUNCHER]: Initialized transformation service mixin
[16Feb2026 16:57:32.404] [main/DEBUG] [cpw.mods.modlauncher.TransformationServiceDecorator/MODLAUNCHER]: Initializing transformation service fml
[16Feb2026 16:57:32.404] [main/DEBUG] [net.minecraftforge.fml.loading.FMLServiceProvider/CORE]: Setting up basic FML game directories
[16Feb2026 16:57:32.404] [main/DEBUG] [net.minecraftforge.fml.loading.FMLPaths/CORE]: Path GAMEDIR is /workspaces/RPG_minecraft/servidor_minecraft
[16Feb2026 16:57:32.405] [main/DEBUG] [net.minecraftforge.fml.loading.FMLPaths/CORE]: Path MODSDIR is /workspaces/RPG_minecraft/servidor_minecraft/mods
[16Feb2026 16:57:32.405] [main/DEBUG] [net.minecraftforge.fml.loading.FMLPaths/CORE]: Path CONFIGDIR is /workspaces/RPG_minecraft/servidor_minecraft/config
[16Feb2026 16:57:32.405] [main/DEBUG] [net.minecraftforge.fml.loading.FMLPaths/CORE]: Path FMLCONFIG is /workspaces/RPG_minecraft/servidor_minecraft/config/fml.toml
[16Feb2026 16:57:32.405] [main/DEBUG] [net.minecraftforge.fml.loading.FMLServiceProvider/CORE]: Loading configuration
[16Feb2026 16:57:32.407] [main/DEBUG] [net.minecraftforge.fml.loading.FMLServiceProvider/CORE]: Preparing ModFile
[16Feb2026 16:57:32.410] [main/DEBUG] [net.minecraftforge.fml.loading.FMLServiceProvider/CORE]: Preparing launch handler
[16Feb2026 16:57:32.410] [main/DEBUG] [net.minecraftforge.fml.loading.FMLLoader/CORE]: Using forgeserver as launch service
[16Feb2026 16:57:32.425] [main/DEBUG] [net.minecraftforge.fml.loading.FMLLoader/CORE]: Received command line version data  : VersionInfo[forgeVersion=47.4.10, mcVersion=1.20.1, mcpVersion=20230612.114412, forgeGroup=net.minecraftforge]
[16Feb2026 16:57:32.426] [main/DEBUG] [cpw.mods.modlauncher.TransformationServiceDecorator/MODLAUNCHER]: Initialized transformation service fml
[16Feb2026 16:57:32.426] [main/DEBUG] [cpw.mods.modlauncher.NameMappingServiceHandler/MODLAUNCHER]: Current naming domain is 'srg'
[16Feb2026 16:57:32.427] [main/DEBUG] [cpw.mods.modlauncher.NameMappingServiceHandler/MODLAUNCHER]: Identified name mapping providers {}
[16Feb2026 16:57:32.427] [main/DEBUG] [cpw.mods.modlauncher.TransformationServicesHandler/MODLAUNCHER]: Transformation services begin scanning
[16Feb2026 16:57:32.428] [main/DEBUG] [cpw.mods.modlauncher.TransformationServiceDecorator/MODLAUNCHER]: Beginning scan trigger - transformation service mixin
[16Feb2026 16:57:32.428] [main/DEBUG] [cpw.mods.modlauncher.TransformationServiceDecorator/MODLAUNCHER]: End scan trigger - transformation service mixin
[16Feb2026 16:57:32.428] [main/DEBUG] [cpw.mods.modlauncher.TransformationServiceDecorator/MODLAUNCHER]: Beginning scan trigger - transformation service fml
[16Feb2026 16:57:32.428] [main/DEBUG] [net.minecraftforge.fml.loading.FMLServiceProvider/CORE]: Initiating mod scan
[16Feb2026 16:57:32.438] [main/DEBUG] [net.minecraftforge.fml.loading.moddiscovery.ModListHandler/CORE]: Found mod coordinates from lists: []
[16Feb2026 16:57:32.441] [main/DEBUG] [net.minecraftforge.fml.loading.moddiscovery.ModDiscoverer/CORE]: Found Mod Locators : (mods folder:null),(maven libs:null),(exploded directory:null),(minecraft:null),(userdev classpath:null)
[16Feb2026 16:57:32.441] [main/DEBUG] [net.minecraftforge.fml.loading.moddiscovery.ModDiscoverer/CORE]: Found Dependency Locators : (JarInJar:null)
[16Feb2026 16:57:32.448] [main/DEBUG] [net.minecraftforge.fml.loading.moddiscovery.ModFileParser/LOADING]: Considering mod file candidate /workspaces/RPG_minecraft/servidor_minecraft/mods/architectury-9.2.14-forge.jar
[16Feb2026 16:57:32.489] [main/DEBUG] [net.minecraftforge.fml.loading.moddiscovery.ModFileInfo/LOADING]: Found valid mod file architectury-9.2.14-forge.jar with {architectury} mods - versions {9.2.14}
[16Feb2026 16:57:32.490] [main/DEBUG] [net.minecraftforge.fml.loading.moddiscovery.ModFileParser/LOADING]: Considering mod file candidate /workspaces/RPG_minecraft/servidor_minecraft/mods/athena-forge-1.20.1-3.1.2.jar
[16Feb2026 16:57:32.491] [main/DEBUG] [net.minecraftforge.fml.loading.moddiscovery.ModFileInfo/LOADING]: Found valid mod file athena-forge-1.20.1-3.1.2.jar with {athena} mods - versions {3.1.2}
[16Feb2026 16:57:32.492] [main/DEBUG] [net.minecraftforge.fml.loading.moddiscovery.ModFileParser/LOADING]: Considering mod file candidate /workspaces/RPG_minecraft/servidor_minecraft/mods/beautify-2.0.2.jar
[16Feb2026 16:57:32.495] [main/DEBUG] [net.minecraftforge.fml.loading.moddiscovery.ModFileInfo/LOADING]: Found valid mod file beautify-2.0.2.jar with {beautify} mods - versions {2.0.2}
[16Feb2026 16:57:32.496] [main/DEBUG] [net.minecraftforge.fml.loading.moddiscovery.ModFileParser/LOADING]: Considering mod file candidate /workspaces/RPG_minecraft/servidor_minecraft/mods/BetterBeds-1.0.0.jar
[16Feb2026 16:57:32.499] [main/DEBUG] [net.minecraftforge.fml.loading.moddiscovery.ModFileInfo/LOADING]: Found valid mod file BetterBeds-1.0.0.jar with {betterbeds} mods - versions {1.0.0}
[16Feb2026 16:57:32.499] [main/DEBUG] [net.minecraftforge.fml.loading.moddiscovery.ModFileParser/LOADING]: Considering mod file candidate /workspaces/RPG_minecraft/servidor_minecraft/mods/BetterF3-7.0.2-Forge-1.20.1.jar
[16Feb2026 16:57:32.501] [main/DEBUG] [net.minecraftforge.fml.loading.moddiscovery.ModFileInfo/LOADING]: Found valid mod file BetterF3-7.0.2-Forge-1.20.1.jar with {betterf3} mods - versions {7.0.2}
[16Feb2026 16:57:32.504] [main/DEBUG] [net.minecraftforge.fml.loading.moddiscovery.ModFileParser/LOADING]: Considering mod file candidate /workspaces/RPG_minecraft/servidor_minecraft/mods/BiomesOPlenty-forge-1.20.1-19.0.0.96.jar
[16Feb2026 16:57:32.505] [main/DEBUG] [net.minecraftforge.fml.loading.moddiscovery.ModFileInfo/LOADING]: Found valid mod file BiomesOPlenty-forge-1.20.1-19.0.0.96.jar with {biomesoplenty} mods - versions {19.0.0.96}
[16Feb2026 16:57:32.506] [main/DEBUG] [net.minecraftforge.fml.loading.moddiscovery.ModFileParser/LOADING]: Considering mod file candidate /workspaces/RPG_minecraft/servidor_minecraft/mods/CameraOverhaul-v2.0.6-forge%2Bmc%5B1.20.0-1.20.5%5D.jar
[16Feb2026 16:57:32.507] [main/DEBUG] [net.minecraftforge.fml.loading.moddiscovery.ModFileInfo/LOADING]: Found valid mod file CameraOverhaul-v2.0.6-forge%2Bmc%5B1.20.0-1.20.5%5D.jar with {cameraoverhaul} mods - versions {2.0.6-forge+mc.1.20.0-1.20.5}
[16Feb2026 16:57:32.509] [main/DEBUG] [net.minecraftforge.fml.loading.moddiscovery.ModFileParser/LOADING]: Considering mod file candidate /workspaces/RPG_minecraft/servidor_minecraft/mods/citadel-2.6.3-1.20.1.jar
[16Feb2026 16:57:32.511] [main/DEBUG] [net.minecraftforge.fml.loading.moddiscovery.ModFileInfo/LOADING]: Found valid mod file citadel-2.6.3-1.20.1.jar with {citadel} mods - versions {2.6.3}
[16Feb2026 16:57:32.512] [main/DEBUG] [net.minecraftforge.fml.loading.moddiscovery.ModFileParser/LOADING]: Considering mod file candidate /workspaces/RPG_minecraft/servidor_minecraft/mods/cloth-config-11.1.136-forge.jar
[16Feb2026 16:57:32.513] [main/DEBUG] [net.minecraftforge.fml.loading.moddiscovery.ModFileInfo/LOADING]: Found valid mod file cloth-config-11.1.136-forge.jar with {cloth_config} mods - versions {11.1.136}
[16Feb2026 16:57:32.514] [main/DEBUG] [net.minecraftforge.fml.loading.moddiscovery.ModFileParser/LOADING]: Considering mod file candidate /workspaces/RPG_minecraft/servidor_minecraft/mods/cobbledex-1.20.1-forge-1.1.0.jar
[16Feb2026 16:57:32.515] [main/DEBUG] [net.minecraftforge.fml.loading.moddiscovery.ModFileInfo/LOADING]: Found valid mod file cobbledex-1.20.1-forge-1.1.0.jar with {cobbledex} mods - versions {1.1.0}
[16Feb2026 16:57:32.515] [main/DEBUG] [net.minecraftforge.fml.loading.moddiscovery.ModFileParser/LOADING]: Considering mod file candidate /workspaces/RPG_minecraft/servidor_minecraft/mods/CobbleDollars-forge-1.5.2+1.20.1.jar
[16Feb2026 16:57:32.517] [main/DEBUG] [net.minecraftforge.fml.loading.moddiscovery.ModFileInfo/LOADING]: Found valid mod file CobbleDollars-forge-1.5.2+1.20.1.jar with {cobbledollars} mods - versions {1.5.2+1.20.1}
[16Feb2026 16:57:32.518] [main/DEBUG] [net.minecraftforge.fml.loading.moddiscovery.ModFileParser/LOADING]: Considering mod file candidate /workspaces/RPG_minecraft/servidor_minecraft/mods/Cobblemon AFP 1.7.1-1.20.1 Forge.jar
[16Feb2026 16:57:32.519] [main/DEBUG] [net.minecraftforge.fml.loading.moddiscovery.ModFileInfo/LOADING]: Found valid mod file Cobblemon AFP 1.7.1-1.20.1 Forge.jar with {cobblemon_alatia} mods - versions {1.7.1-1.20.1}
[16Feb2026 16:57:32.520] [main/DEBUG] [net.minecraftforge.fml.loading.moddiscovery.ModFileParser/LOADING]: Considering mod file candidate /workspaces/RPG_minecraft/servidor_minecraft/mods/Cobblemon O' Plenty 1.20.1 B.2.0.jar
[16Feb2026 16:57:32.521] [main/DEBUG] [net.minecraftforge.fml.loading.moddiscovery.ModFileInfo/LOADING]: Found valid mod file Cobblemon O' Plenty 1.20.1 B.2.0.jar with {tmtcop} mods - versions {2.0.0}
[16Feb2026 16:57:32.521] [main/DEBUG] [net.minecraftforge.fml.loading.moddiscovery.ModFileParser/LOADING]: Considering mod file candidate /workspaces/RPG_minecraft/servidor_minecraft/mods/cobblemon-capturexp-1.5-forge-1.0.1.jar
[16Feb2026 16:57:32.522] [main/DEBUG] [net.minecraftforge.fml.loading.moddiscovery.ModFileInfo/LOADING]: Found valid mod file cobblemon-capturexp-1.5-forge-1.0.1.jar with {capture_xp} mods - versions {1.5-forge-1.0.1}
[16Feb2026 16:57:32.522] [main/DEBUG] [net.minecraftforge.fml.loading.moddiscovery.ModFileParser/LOADING]: Considering mod file candidate /workspaces/RPG_minecraft/servidor_minecraft/mods/cobblemon-counter-1.5-forge-1.2.0.jar
[16Feb2026 16:57:32.523] [main/DEBUG] [net.minecraftforge.fml.loading.moddiscovery.ModFileInfo/LOADING]: Found valid mod file cobblemon-counter-1.5-forge-1.2.0.jar with {cobbled_counter} mods - versions {1.5-forge-1.2.0}
[16Feb2026 16:57:32.537] [main/DEBUG] [net.minecraftforge.fml.loading.moddiscovery.ModFileParser/LOADING]: Considering mod file candidate /workspaces/RPG_minecraft/servidor_minecraft/mods/Cobblemon-forge-1.5.2+1.20.1.jar
[16Feb2026 16:57:32.538] [main/DEBUG] [net.minecraftforge.fml.loading.moddiscovery.ModFileInfo/LOADING]: Found valid mod file Cobblemon-forge-1.5.2+1.20.1.jar with {cobblemon} mods - versions {1.5.2+1.20.1}
[16Feb2026 16:57:32.539] [main/DEBUG] [net.minecraftforge.fml.loading.moddiscovery.ModFileParser/LOADING]: Considering mod file candidate /workspaces/RPG_minecraft/servidor_minecraft/mods/cobblemon-fossiltweaks-1.5-forge-1.0.0.jar
[16Feb2026 16:57:32.539] [main/DEBUG] [net.minecraftforge.fml.loading.moddiscovery.ModFileInfo/LOADING]: Found valid mod file cobblemon-fossiltweaks-1.5-forge-1.0.0.jar with {fossiltweaks} mods - versions {1.5-forge-1.0.0}
[16Feb2026 16:57:32.540] [main/DEBUG] [net.minecraftforge.fml.loading.moddiscovery.ModFileParser/LOADING]: Considering mod file candidate /workspaces/RPG_minecraft/servidor_minecraft/mods/cobblemon-spawn-notification-1.5-forge-1.2.0.jar
[16Feb2026 16:57:32.541] [main/DEBUG] [net.minecraftforge.fml.loading.moddiscovery.ModFileInfo/LOADING]: Found valid mod file cobblemon-spawn-notification-1.5-forge-1.2.0.jar with {spawn_notification} mods - versions {1.5-forge-1.2.0}
[16Feb2026 16:57:32.541] [main/DEBUG] [net.minecraftforge.fml.loading.moddiscovery.ModFileParser/LOADING]: Considering mod file candidate /workspaces/RPG_minecraft/servidor_minecraft/mods/cobblemon-unchained-1.5-forge-1.0.1.jar
[16Feb2026 16:57:32.542] [main/DEBUG] [net.minecraftforge.fml.loading.moddiscovery.ModFileInfo/LOADING]: Found valid mod file cobblemon-unchained-1.5-forge-1.0.1.jar with {unchained} mods - versions {1.5-forge-1.0.1}
[16Feb2026 16:57:32.542] [main/DEBUG] [net.minecraftforge.fml.loading.moddiscovery.ModFileParser/LOADING]: Considering mod file candidate /workspaces/RPG_minecraft/servidor_minecraft/mods/cobblemon-unimplemented-items-1.5-forge-1.3.0.jar
[16Feb2026 16:57:32.543] [main/DEBUG] [net.minecraftforge.fml.loading.moddiscovery.ModFileInfo/LOADING]: Found valid mod file cobblemon-unimplemented-items-1.5-forge-1.3.0.jar with {unimplemented_items} mods - versions {1.5-forge-1.3.0}
[16Feb2026 16:57:32.543] [main/DEBUG] [net.minecraftforge.fml.loading.moddiscovery.ModFileParser/LOADING]: Considering mod file candidate /workspaces/RPG_minecraft/servidor_minecraft/mods/cobblemon_poke_labs-forge-1.1.1.jar
[16Feb2026 16:57:32.544] [main/DEBUG] [net.minecraftforge.fml.loading.moddiscovery.ModFileInfo/LOADING]: Found valid mod file cobblemon_poke_labs-forge-1.1.1.jar with {cobblemon_poke_labs} mods - versions {1.1.1}
[16Feb2026 16:57:32.544] [main/DEBUG] [net.minecraftforge.fml.loading.moddiscovery.ModFileParser/LOADING]: Considering mod file candidate /workspaces/RPG_minecraft/servidor_minecraft/mods/cobblemon_quests-[1.20.1]-forge-1.1.11.jar
[16Feb2026 16:57:32.545] [main/DEBUG] [net.minecraftforge.fml.loading.moddiscovery.ModFileInfo/LOADING]: Found valid mod file cobblemon_quests-[1.20.1]-forge-1.1.11.jar with {cobblemon_quests} mods - versions {1.1.11}
[16Feb2026 16:57:32.546] [main/DEBUG] [net.minecraftforge.fml.loading.moddiscovery.ModFileParser/LOADING]: Considering mod file candidate /workspaces/RPG_minecraft/servidor_minecraft/mods/cobblemon_simple_center-forge-1.1.0.jar
[16Feb2026 16:57:32.546] [main/DEBUG] [net.minecraftforge.fml.loading.moddiscovery.ModFileInfo/LOADING]: Found valid mod file cobblemon_simple_center-forge-1.1.0.jar with {cobblemon_simple_center} mods - versions {1.1.0}
[16Feb2026 16:57:32.547] [main/DEBUG] [net.minecraftforge.fml.loading.moddiscovery.ModFileParser/LOADING]: Considering mod file candidate /workspaces/RPG_minecraft/servidor_minecraft/mods/cobblemonintegrations-1.20.1-1.0.7.jar
[16Feb2026 16:57:32.547] [main/DEBUG] [net.minecraftforge.fml.loading.moddiscovery.ModFileInfo/LOADING]: Found valid mod file cobblemonintegrations-1.20.1-1.0.7.jar with {cobblemonintegrations} mods - versions {1.0.7}
[16Feb2026 16:57:32.548] [main/DEBUG] [net.minecraftforge.fml.loading.moddiscovery.ModFileParser/LOADING]: Considering mod file candidate /workspaces/RPG_minecraft/servidor_minecraft/mods/CobblemonMegas-forge-1.3.0+1.5.2.jar
[16Feb2026 16:57:32.548] [main/DEBUG] [net.minecraftforge.fml.loading.moddiscovery.ModFileInfo/LOADING]: Found valid mod file CobblemonMegas-forge-1.3.0+1.5.2.jar with {cobblemonmegas} mods - versions {1.3.0+1.5.2+1.20.1}
[16Feb2026 16:57:32.549] [main/DEBUG] [net.minecraftforge.fml.loading.moddiscovery.ModFileParser/LOADING]: Considering mod file candidate /workspaces/RPG_minecraft/servidor_minecraft/mods/cobblemonoutbreaks-1.1.4-1.20.1.jar
[16Feb2026 16:57:32.549] [main/DEBUG] [net.minecraftforge.fml.loading.moddiscovery.ModFileInfo/LOADING]: Found valid mod file cobblemonoutbreaks-1.1.4-1.20.1.jar with {cobblemonoutbreaks} mods - versions {1.1.4-1.20.1}
[16Feb2026 16:57:32.550] [main/DEBUG] [net.minecraftforge.fml.loading.moddiscovery.ModFileParser/LOADING]: Considering mod file candidate /workspaces/RPG_minecraft/servidor_minecraft/mods/cobblemonrider-1.2.4.jar
[16Feb2026 16:57:32.550] [main/DEBUG] [net.minecraftforge.fml.loading.moddiscovery.ModFileInfo/LOADING]: Found valid mod file cobblemonrider-1.2.4.jar with {cobblemonrider} mods - versions {1.2.4}
[16Feb2026 16:57:32.551] [main/DEBUG] [net.minecraftforge.fml.loading.moddiscovery.ModFileParser/LOADING]: Considering mod file candidate /workspaces/RPG_minecraft/servidor_minecraft/mods/CobblemonTrainers-1.1.11+1.5.2-forge.jar
[16Feb2026 16:57:32.551] [main/DEBUG] [net.minecraftforge.fml.loading.moddiscovery.ModFileInfo/LOADING]: Found valid mod file CobblemonTrainers-1.1.11+1.5.2-forge.jar with {cobblemontrainers} mods - versions {1.1.11+1.5.2}
[16Feb2026 16:57:32.552] [main/DEBUG] [net.minecraftforge.fml.loading.moddiscovery.ModFileParser/LOADING]: Considering mod file candidate /workspaces/RPG_minecraft/servidor_minecraft/mods/cobblemore_lib-forge-1.2.0.jar
[16Feb2026 16:57:32.552] [main/DEBUG] [net.minecraftforge.fml.loading.moddiscovery.ModFileInfo/LOADING]: Found valid mod file cobblemore_lib-forge-1.2.0.jar with {cobblemore_lib} mods - versions {1.2.0}
[16Feb2026 16:57:32.553] [main/DEBUG] [net.minecraftforge.fml.loading.moddiscovery.ModFileParser/LOADING]: Considering mod file candidate /workspaces/RPG_minecraft/servidor_minecraft/mods/Cobblepedia-Forge-0.6.8.jar
[16Feb2026 16:57:32.553] [main/DEBUG] [net.minecraftforge.fml.loading.moddiscovery.ModFileInfo/LOADING]: Found valid mod file Cobblepedia-Forge-0.6.8.jar with {cobblepedia} mods - versions {0.6.8}
[16Feb2026 16:57:32.554] [main/DEBUG] [net.minecraftforge.fml.loading.moddiscovery.ModFileParser/LOADING]: Considering mod file candidate /workspaces/RPG_minecraft/servidor_minecraft/mods/cobgyms-forge-2.0.3+1.20.1.jar
[16Feb2026 16:57:32.555] [main/DEBUG] [net.minecraftforge.fml.loading.moddiscovery.ModFileInfo/LOADING]: Found valid mod file cobgyms-forge-2.0.3+1.20.1.jar with {cobgyms} mods - versions {2.0.2}
[16Feb2026 16:57:32.555] [main/DEBUG] [net.minecraftforge.fml.loading.moddiscovery.ModFileParser/LOADING]: Considering mod file candidate /workspaces/RPG_minecraft/servidor_minecraft/mods/curios-forge-5.14.1+1.20.1.jar
[16Feb2026 16:57:32.556] [main/DEBUG] [net.minecraftforge.fml.loading.moddiscovery.ModFileInfo/LOADING]: Found valid mod file curios-forge-5.14.1+1.20.1.jar with {curios} mods - versions {5.14.1+1.20.1}
[16Feb2026 16:57:32.556] [main/DEBUG] [net.minecraftforge.fml.loading.moddiscovery.ModFileParser/LOADING]: Considering mod file candidate /workspaces/RPG_minecraft/servidor_minecraft/mods/eggs-cobblemon-addon-0.3.jar
[16Feb2026 16:57:32.557] [main/DEBUG] [net.minecraftforge.fml.loading.moddiscovery.ModFileInfo/LOADING]: Found valid mod file eggs-cobblemon-addon-0.3.jar with {mr_eggs_cobblemonaddon} mods - versions {0.3}
[16Feb2026 16:57:32.557] [main/DEBUG] [net.minecraftforge.fml.loading.moddiscovery.ModFileParser/LOADING]: Considering mod file candidate /workspaces/RPG_minecraft/servidor_minecraft/mods/fightorflight-forge-0.6.2.jar
[16Feb2026 16:57:32.558] [main/DEBUG] [net.minecraftforge.fml.loading.moddiscovery.ModFileInfo/LOADING]: Found valid mod file fightorflight-forge-0.6.2.jar with {fightorflight} mods - versions {0.6.2}
[16Feb2026 16:57:32.558] [main/DEBUG] [net.minecraftforge.fml.loading.moddiscovery.ModFileParser/LOADING]: Considering mod file candidate /workspaces/RPG_minecraft/servidor_minecraft/mods/ftb-library-forge-2001.2.12.jar
[16Feb2026 16:57:32.559] [main/DEBUG] [net.minecraftforge.fml.loading.moddiscovery.ModFileInfo/LOADING]: Found valid mod file ftb-library-forge-2001.2.12.jar with {ftblibrary} mods - versions {2001.2.12}
[16Feb2026 16:57:32.559] [main/DEBUG] [net.minecraftforge.fml.loading.moddiscovery.ModFileParser/LOADING]: Considering mod file candidate /workspaces/RPG_minecraft/servidor_minecraft/mods/ftb-quests-forge-2001.4.17.jar
[16Feb2026 16:57:32.560] [main/DEBUG] [net.minecraftforge.fml.loading.moddiscovery.ModFileInfo/LOADING]: Found valid mod file ftb-quests-forge-2001.4.17.jar with {ftbquests} mods - versions {2001.4.17}
[16Feb2026 16:57:32.560] [main/DEBUG] [net.minecraftforge.fml.loading.moddiscovery.ModFileParser/LOADING]: Considering mod file candidate /workspaces/RPG_minecraft/servidor_minecraft/mods/ftb-teams-forge-2001.3.2.jar
[16Feb2026 16:57:32.561] [main/DEBUG] [net.minecraftforge.fml.loading.moddiscovery.ModFileInfo/LOADING]: Found valid mod file ftb-teams-forge-2001.3.2.jar with {ftbteams} mods - versions {2001.3.2}
[16Feb2026 16:57:32.561] [main/DEBUG] [net.minecraftforge.fml.loading.moddiscovery.ModFileParser/LOADING]: Considering mod file candidate /workspaces/RPG_minecraft/servidor_minecraft/mods/GlitchCore-forge-1.20.1-0.0.1.1.jar
[16Feb2026 16:57:32.562] [main/DEBUG] [net.minecraftforge.fml.loading.moddiscovery.ModFileInfo/LOADING]: Found valid mod file GlitchCore-forge-1.20.1-0.0.1.1.jar with {glitchcore} mods - versions {0.0.1.1}
[16Feb2026 16:57:32.563] [main/DEBUG] [net.minecraftforge.fml.loading.moddiscovery.ModFileParser/LOADING]: Considering mod file candidate /workspaces/RPG_minecraft/servidor_minecraft/mods/gravels_extended_battles-1.4.0 (forge).jar
[16Feb2026 16:57:32.563] [main/DEBUG] [net.minecraftforge.fml.loading.moddiscovery.ModFileInfo/LOADING]: Found valid mod file gravels_extended_battles-1.4.0 (forge).jar with {gravels_extended_battles} mods - versions {1.4.0}
[16Feb2026 16:57:32.570] [main/DEBUG] [net.minecraftforge.fml.loading.moddiscovery.ModFileParser/LOADING]: Considering mod file candidate /workspaces/RPG_minecraft/servidor_minecraft/mods/Jade-1.20.1-Forge-11.13.2.jar
[16Feb2026 16:57:32.571] [main/DEBUG] [net.minecraftforge.fml.loading.moddiscovery.ModFileInfo/LOADING]: Found valid mod file Jade-1.20.1-Forge-11.13.2.jar with {jade} mods - versions {11.13.2+forge}
[16Feb2026 16:57:32.571] [main/DEBUG] [net.minecraftforge.fml.loading.moddiscovery.ModFileParser/LOADING]: Considering mod file candidate /workspaces/RPG_minecraft/servidor_minecraft/mods/jei-1.20.1-forge-15.20.0.129.jar
[16Feb2026 16:57:32.572] [main/DEBUG] [net.minecraftforge.fml.loading.moddiscovery.ModFileInfo/LOADING]: Found valid mod file jei-1.20.1-forge-15.20.0.129.jar with {jei} mods - versions {15.20.0.129}
[16Feb2026 16:57:32.574] [main/DEBUG] [net.minecraftforge.fml.loading.moddiscovery.ModFileParser/LOADING]: Considering mod file candidate /workspaces/RPG_minecraft/servidor_minecraft/mods/journeymap-1.20.1-5.10.3-forge.jar
[16Feb2026 16:57:32.574] [main/DEBUG] [net.minecraftforge.fml.loading.moddiscovery.ModFileInfo/LOADING]: Found valid mod file journeymap-1.20.1-5.10.3-forge.jar with {journeymap} mods - versions {5.10.3}
[16Feb2026 16:57:32.594] [main/DEBUG] [net.minecraftforge.fml.loading.moddiscovery.ModFileParser/LOADING]: Considering mod file candidate /workspaces/RPG_minecraft/servidor_minecraft/mods/MegamonsForge-1.2.1.jar
[16Feb2026 16:57:32.595] [main/DEBUG] [net.minecraftforge.fml.loading.moddiscovery.ModFileInfo/LOADING]: Found valid mod file MegamonsForge-1.2.1.jar with {megamons} mods - versions {1.5.0+1.20.1-forge+fabric-75b66fa}
[16Feb2026 16:57:32.596] [main/DEBUG] [net.minecraftforge.fml.loading.moddiscovery.ModFileParser/LOADING]: Considering mod file candidate /workspaces/RPG_minecraft/servidor_minecraft/mods/midnightlib-forge-1.9.2%2B1.20.1.jar
[16Feb2026 16:57:32.596] [main/DEBUG] [net.minecraftforge.fml.loading.moddiscovery.ModFileInfo/LOADING]: Found valid mod file midnightlib-forge-1.9.2%2B1.20.1.jar with {midnightlib} mods - versions {1.9.2}
[16Feb2026 16:57:32.597] [main/DEBUG] [net.minecraftforge.fml.loading.moddiscovery.ModFileParser/LOADING]: Considering mod file candidate /workspaces/RPG_minecraft/servidor_minecraft/mods/Myths_and_Legends-1.6.1-forge.jar
[16Feb2026 16:57:32.597] [main/DEBUG] [net.minecraftforge.fml.loading.moddiscovery.ModFileInfo/LOADING]: Found valid mod file Myths_and_Legends-1.6.1-forge.jar with {mythsandlegends} mods - versions {1.6.1}
[16Feb2026 16:57:32.598] [main/DEBUG] [net.minecraftforge.fml.loading.moddiscovery.ModFileParser/LOADING]: Considering mod file candidate /workspaces/RPG_minecraft/servidor_minecraft/mods/Patchouli-1.20.1-84.1-FORGE.jar
[16Feb2026 16:57:32.598] [main/DEBUG] [net.minecraftforge.fml.loading.moddiscovery.ModFileInfo/LOADING]: Found valid mod file Patchouli-1.20.1-84.1-FORGE.jar with {patchouli} mods - versions {1.20.1-84.1-FORGE}
[16Feb2026 16:57:32.599] [main/DEBUG] [net.minecraftforge.fml.loading.moddiscovery.ModFileParser/LOADING]: Considering mod file candidate /workspaces/RPG_minecraft/servidor_minecraft/mods/simple_cobblemon_kit-1.0.0-forge-1.20.1.jar
[16Feb2026 16:57:32.599] [main/DEBUG] [net.minecraftforge.fml.loading.moddiscovery.ModFileInfo/LOADING]: Found valid mod file simple_cobblemon_kit-1.0.0-forge-1.20.1.jar with {simple_cobblemon_kit} mods - versions {1.0.0}
[16Feb2026 16:57:32.600] [main/DEBUG] [net.minecraftforge.fml.loading.moddiscovery.ModFileParser/LOADING]: Considering mod file candidate /workspaces/RPG_minecraft/servidor_minecraft/mods/SimpleTMsForge-1.1.2.jar
[16Feb2026 16:57:32.601] [main/DEBUG] [net.minecraftforge.fml.loading.moddiscovery.ModFileInfo/LOADING]: Found valid mod file SimpleTMsForge-1.1.2.jar with {simpletms} mods - versions {1.1.2}
[16Feb2026 16:57:32.601] [main/DEBUG] [net.minecraftforge.fml.loading.moddiscovery.ModFileParser/LOADING]: Considering mod file candidate /workspaces/RPG_minecraft/servidor_minecraft/mods/TerraBlender-forge-1.20.1-3.0.1.10.jar
[16Feb2026 16:57:32.602] [main/DEBUG] [net.minecraftforge.fml.loading.moddiscovery.ModFileInfo/LOADING]: Found valid mod file TerraBlender-forge-1.20.1-3.0.1.10.jar with {terrablender} mods - versions {3.0.1.10}
[16Feb2026 16:57:32.677] [main/DEBUG] [net.minecraftforge.fml.loading.moddiscovery.ModFileInfo/LOADING]: Found valid mod file server-1.20.1-20230612.114412-srg.jar with {minecraft} mods - versions {1.20.1}
[16Feb2026 16:57:32.679] [main/DEBUG] [net.minecraftforge.fml.loading.moddiscovery.ModFileParser/LOADING]: Considering mod file candidate /workspaces/RPG_minecraft/servidor_minecraft/libraries/net/minecraftforge/fmlcore/1.20.1-47.4.10/fmlcore-1.20.1-47.4.10.jar
[16Feb2026 16:57:32.679] [main/WARN] [net.minecraftforge.fml.loading.moddiscovery.ModFileParser/LOADING]: Mod file /workspaces/RPG_minecraft/servidor_minecraft/libraries/net/minecraftforge/fmlcore/1.20.1-47.4.10/fmlcore-1.20.1-47.4.10.jar is missing mods.toml file
[16Feb2026 16:57:32.680] [main/DEBUG] [net.minecraftforge.fml.loading.moddiscovery.ModFileParser/LOADING]: Considering mod file candidate /workspaces/RPG_minecraft/servidor_minecraft/libraries/net/minecraftforge/javafmllanguage/1.20.1-47.4.10/javafmllanguage-1.20.1-47.4.10.jar
[16Feb2026 16:57:32.680] [main/WARN] [net.minecraftforge.fml.loading.moddiscovery.ModFileParser/LOADING]: Mod file /workspaces/RPG_minecraft/servidor_minecraft/libraries/net/minecraftforge/javafmllanguage/1.20.1-47.4.10/javafmllanguage-1.20.1-47.4.10.jar is missing mods.toml file
[16Feb2026 16:57:32.681] [main/DEBUG] [net.minecraftforge.fml.loading.moddiscovery.ModFileParser/LOADING]: Considering mod file candidate /workspaces/RPG_minecraft/servidor_minecraft/libraries/net/minecraftforge/lowcodelanguage/1.20.1-47.4.10/lowcodelanguage-1.20.1-47.4.10.jar
[16Feb2026 16:57:32.681] [main/WARN] [net.minecraftforge.fml.loading.moddiscovery.ModFileParser/LOADING]: Mod file /workspaces/RPG_minecraft/servidor_minecraft/libraries/net/minecraftforge/lowcodelanguage/1.20.1-47.4.10/lowcodelanguage-1.20.1-47.4.10.jar is missing mods.toml file
[16Feb2026 16:57:32.682] [main/DEBUG] [net.minecraftforge.fml.loading.moddiscovery.ModFileParser/LOADING]: Considering mod file candidate /workspaces/RPG_minecraft/servidor_minecraft/libraries/net/minecraftforge/mclanguage/1.20.1-47.4.10/mclanguage-1.20.1-47.4.10.jar
[16Feb2026 16:57:32.682] [main/WARN] [net.minecraftforge.fml.loading.moddiscovery.ModFileParser/LOADING]: Mod file /workspaces/RPG_minecraft/servidor_minecraft/libraries/net/minecraftforge/mclanguage/1.20.1-47.4.10/mclanguage-1.20.1-47.4.10.jar is missing mods.toml file
[16Feb2026 16:57:32.723] [main/DEBUG] [net.minecraftforge.fml.loading.moddiscovery.ModFileParser/LOADING]: Considering mod file candidate /workspaces/RPG_minecraft/servidor_minecraft/libraries/net/minecraftforge/forge/1.20.1-47.4.10/forge-1.20.1-47.4.10-universal.jar
[16Feb2026 16:57:32.724] [main/DEBUG] [net.minecraftforge.fml.loading.moddiscovery.ModFileInfo/LOADING]: Found valid mod file forge-1.20.1-47.4.10-universal.jar with {forge} mods - versions {47.4.10}
[16Feb2026 16:57:32.734] [main/DEBUG] [net.minecraftforge.fml.loading.moddiscovery.AbstractJarFileDependencyLocator/]: Failed to load resource META-INF/jarjar/metadata.json from cobblemon-fossiltweaks-1.5-forge-1.0.0.jar, it does not contain dependency information.
[16Feb2026 16:57:32.735] [main/DEBUG] [net.minecraftforge.fml.loading.moddiscovery.AbstractJarFileDependencyLocator/]: Failed to load resource META-INF/jarjar/metadata.json from cobgyms-forge-2.0.3+1.20.1.jar, it does not contain dependency information.
[16Feb2026 16:57:32.735] [main/DEBUG] [net.minecraftforge.fml.loading.moddiscovery.AbstractJarFileDependencyLocator/]: Failed to load resource META-INF/jarjar/metadata.json from ftb-library-forge-2001.2.12.jar, it does not contain dependency information.
[16Feb2026 16:57:32.735] [main/DEBUG] [net.minecraftforge.fml.loading.moddiscovery.AbstractJarFileDependencyLocator/]: Failed to load resource META-INF/jarjar/metadata.json from cobblemon_poke_labs-forge-1.1.1.jar, it does not contain dependency information.
[16Feb2026 16:57:32.735] [main/DEBUG] [net.minecraftforge.fml.loading.moddiscovery.AbstractJarFileDependencyLocator/]: Failed to load resource META-INF/jarjar/metadata.json from beautify-2.0.2.jar, it does not contain dependency information.
[16Feb2026 16:57:32.735] [main/DEBUG] [net.minecraftforge.fml.loading.moddiscovery.AbstractJarFileDependencyLocator/]: Failed to load resource META-INF/jarjar/metadata.json from jei-1.20.1-forge-15.20.0.129.jar, it does not contain dependency information.
[16Feb2026 16:57:32.735] [main/DEBUG] [net.minecraftforge.fml.loading.moddiscovery.AbstractJarFileDependencyLocator/]: Failed to load resource META-INF/jarjar/metadata.json from cobblemon_quests-[1.20.1]-forge-1.1.11.jar, it does not contain dependency information.
[16Feb2026 16:57:32.735] [main/DEBUG] [net.minecraftforge.fml.loading.moddiscovery.AbstractJarFileDependencyLocator/]: Failed to load resource META-INF/jarjar/metadata.json from cobblemon-counter-1.5-forge-1.2.0.jar, it does not contain dependency information.
[16Feb2026 16:57:32.735] [main/DEBUG] [net.minecraftforge.fml.loading.moddiscovery.AbstractJarFileDependencyLocator/]: Failed to load resource META-INF/jarjar/metadata.json from journeymap-1.20.1-5.10.3-forge.jar, it does not contain dependency information.
[16Feb2026 16:57:32.736] [main/DEBUG] [net.minecraftforge.fml.loading.moddiscovery.AbstractJarFileDependencyLocator/]: Failed to load resource META-INF/jarjar/metadata.json from citadel-2.6.3-1.20.1.jar, it does not contain dependency information.
[16Feb2026 16:57:32.736] [main/DEBUG] [net.minecraftforge.fml.loading.moddiscovery.AbstractJarFileDependencyLocator/]: Failed to load resource META-INF/jarjar/metadata.json from Cobblemon O' Plenty 1.20.1 B.2.0.jar, it does not contain dependency information.
[16Feb2026 16:57:32.736] [main/DEBUG] [net.minecraftforge.fml.loading.moddiscovery.AbstractJarFileDependencyLocator/]: Failed to load resource META-INF/jarjar/metadata.json from GlitchCore-forge-1.20.1-0.0.1.1.jar, it does not contain dependency information.
[16Feb2026 16:57:32.736] [main/DEBUG] [net.minecraftforge.fml.loading.moddiscovery.AbstractJarFileDependencyLocator/]: Failed to load resource META-INF/jarjar/metadata.json from cobblemonoutbreaks-1.1.4-1.20.1.jar, it does not contain dependency information.
[16Feb2026 16:57:32.736] [main/DEBUG] [net.minecraftforge.fml.loading.moddiscovery.AbstractJarFileDependencyLocator/]: Failed to load resource META-INF/jarjar/metadata.json from midnightlib-forge-1.9.2%2B1.20.1.jar, it does not contain dependency information.
[16Feb2026 16:57:32.736] [main/DEBUG] [net.minecraftforge.fml.loading.moddiscovery.AbstractJarFileDependencyLocator/]: Failed to load resource META-INF/jarjar/metadata.json from cobblemon-spawn-notification-1.5-forge-1.2.0.jar, it does not contain dependency information.
[16Feb2026 16:57:32.736] [main/DEBUG] [net.minecraftforge.fml.loading.moddiscovery.AbstractJarFileDependencyLocator/]: Failed to load resource META-INF/jarjar/metadata.json from cobblemon-unimplemented-items-1.5-forge-1.3.0.jar, it does not contain dependency information.
[16Feb2026 16:57:32.737] [main/DEBUG] [net.minecraftforge.fml.loading.moddiscovery.AbstractJarFileDependencyLocator/]: Failed to load resource META-INF/jarjar/metadata.json from gravels_extended_battles-1.4.0 (forge).jar, it does not contain dependency information.
[16Feb2026 16:57:32.737] [main/DEBUG] [net.minecraftforge.fml.loading.moddiscovery.AbstractJarFileDependencyLocator/]: Failed to load resource META-INF/jarjar/metadata.json from CameraOverhaul-v2.0.6-forge%2Bmc%5B1.20.0-1.20.5%5D.jar, it does not contain dependency information.
[16Feb2026 16:57:32.737] [main/DEBUG] [net.minecraftforge.fml.loading.moddiscovery.AbstractJarFileDependencyLocator/]: Failed to load resource META-INF/jarjar/metadata.json from ftb-teams-forge-2001.3.2.jar, it does not contain dependency information.
[16Feb2026 16:57:32.737] [main/DEBUG] [net.minecraftforge.fml.loading.moddiscovery.AbstractJarFileDependencyLocator/]: Failed to load resource META-INF/jarjar/metadata.json from cloth-config-11.1.136-forge.jar, it does not contain dependency information.
[16Feb2026 16:57:32.737] [main/DEBUG] [net.minecraftforge.fml.loading.moddiscovery.AbstractJarFileDependencyLocator/]: Failed to load resource META-INF/jarjar/metadata.json from forge-1.20.1-47.4.10-universal.jar, it does not contain dependency information.
[16Feb2026 16:57:32.737] [main/DEBUG] [net.minecraftforge.fml.loading.moddiscovery.AbstractJarFileDependencyLocator/]: Failed to load resource META-INF/jarjar/metadata.json from athena-forge-1.20.1-3.1.2.jar, it does not contain dependency information.
[16Feb2026 16:57:32.737] [main/DEBUG] [net.minecraftforge.fml.loading.moddiscovery.AbstractJarFileDependencyLocator/]: Failed to load resource META-INF/jarjar/metadata.json from Cobblemon AFP 1.7.1-1.20.1 Forge.jar, it does not contain dependency information.
[16Feb2026 16:57:32.738] [main/DEBUG] [net.minecraftforge.fml.loading.moddiscovery.AbstractJarFileDependencyLocator/]: Failed to load resource META-INF/jarjar/metadata.json from server-1.20.1-20230612.114412-srg.jar, it does not contain dependency information.
[16Feb2026 16:57:32.738] [main/DEBUG] [net.minecraftforge.fml.loading.moddiscovery.AbstractJarFileDependencyLocator/]: Failed to load resource META-INF/jarjar/metadata.json from TerraBlender-forge-1.20.1-3.0.1.10.jar, it does not contain dependency information.
[16Feb2026 16:57:32.738] [main/DEBUG] [net.minecraftforge.fml.loading.moddiscovery.AbstractJarFileDependencyLocator/]: Failed to load resource META-INF/jarjar/metadata.json from BetterBeds-1.0.0.jar, it does not contain dependency information.
[16Feb2026 16:57:32.738] [main/DEBUG] [net.minecraftforge.fml.loading.moddiscovery.AbstractJarFileDependencyLocator/]: Failed to load resource META-INF/jarjar/metadata.json from ftb-quests-forge-2001.4.17.jar, it does not contain dependency information.
[16Feb2026 16:57:32.738] [main/DEBUG] [net.minecraftforge.fml.loading.moddiscovery.AbstractJarFileDependencyLocator/]: Failed to load resource META-INF/jarjar/metadata.json from cobblemonintegrations-1.20.1-1.0.7.jar, it does not contain dependency information.
[16Feb2026 16:57:32.738] [main/DEBUG] [net.minecraftforge.fml.loading.moddiscovery.AbstractJarFileDependencyLocator/]: Failed to load resource META-INF/jarjar/metadata.json from CobblemonTrainers-1.1.11+1.5.2-forge.jar, it does not contain dependency information.
[16Feb2026 16:57:32.738] [main/DEBUG] [net.minecraftforge.fml.loading.moddiscovery.AbstractJarFileDependencyLocator/]: Failed to load resource META-INF/jarjar/metadata.json from SimpleTMsForge-1.1.2.jar, it does not contain dependency information.
[16Feb2026 16:57:32.739] [main/DEBUG] [net.minecraftforge.fml.loading.moddiscovery.AbstractJarFileDependencyLocator/]: Failed to load resource META-INF/jarjar/metadata.json from BiomesOPlenty-forge-1.20.1-19.0.0.96.jar, it does not contain dependency information.
[16Feb2026 16:57:32.739] [main/DEBUG] [net.minecraftforge.fml.loading.moddiscovery.AbstractJarFileDependencyLocator/]: Failed to load resource META-INF/jarjar/metadata.json from Jade-1.20.1-Forge-11.13.2.jar, it does not contain dependency information.
[16Feb2026 16:57:32.739] [main/DEBUG] [net.minecraftforge.fml.loading.moddiscovery.AbstractJarFileDependencyLocator/]: Failed to load resource META-INF/jarjar/metadata.json from cobbledex-1.20.1-forge-1.1.0.jar, it does not contain dependency information.
[16Feb2026 16:57:32.739] [main/DEBUG] [net.minecraftforge.fml.loading.moddiscovery.AbstractJarFileDependencyLocator/]: Failed to load resource META-INF/jarjar/metadata.json from eggs-cobblemon-addon-0.3.jar, it does not contain dependency information.
[16Feb2026 16:57:32.739] [main/DEBUG] [net.minecraftforge.fml.loading.moddiscovery.AbstractJarFileDependencyLocator/]: Failed to load resource META-INF/jarjar/metadata.json from cobblemore_lib-forge-1.2.0.jar, it does not contain dependency information.
[16Feb2026 16:57:32.739] [main/DEBUG] [net.minecraftforge.fml.loading.moddiscovery.AbstractJarFileDependencyLocator/]: Failed to load resource META-INF/jarjar/metadata.json from curios-forge-5.14.1+1.20.1.jar, it does not contain dependency information.
[16Feb2026 16:57:32.739] [main/DEBUG] [net.minecraftforge.fml.loading.moddiscovery.AbstractJarFileDependencyLocator/]: Failed to load resource META-INF/jarjar/metadata.json from Patchouli-1.20.1-84.1-FORGE.jar, it does not contain dependency information.
[16Feb2026 16:57:32.740] [main/DEBUG] [net.minecraftforge.fml.loading.moddiscovery.AbstractJarFileDependencyLocator/]: Failed to load resource META-INF/jarjar/metadata.json from cobblemon-capturexp-1.5-forge-1.0.1.jar, it does not contain dependency information.
[16Feb2026 16:57:32.740] [main/DEBUG] [net.minecraftforge.fml.loading.moddiscovery.AbstractJarFileDependencyLocator/]: Failed to load resource META-INF/jarjar/metadata.json from MegamonsForge-1.2.1.jar, it does not contain dependency information.
[16Feb2026 16:57:32.740] [main/DEBUG] [net.minecraftforge.fml.loading.moddiscovery.AbstractJarFileDependencyLocator/]: Failed to load resource META-INF/jarjar/metadata.json from cobblemon_simple_center-forge-1.1.0.jar, it does not contain dependency information.
[16Feb2026 16:57:32.740] [main/DEBUG] [net.minecraftforge.fml.loading.moddiscovery.AbstractJarFileDependencyLocator/]: Failed to load resource META-INF/jarjar/metadata.json from Cobblemon-forge-1.5.2+1.20.1.jar, it does not contain dependency information.
[16Feb2026 16:57:32.740] [main/DEBUG] [net.minecraftforge.fml.loading.moddiscovery.AbstractJarFileDependencyLocator/]: Failed to load resource META-INF/jarjar/metadata.json from Cobblepedia-Forge-0.6.8.jar, it does not contain dependency information.
[16Feb2026 16:57:32.740] [main/DEBUG] [net.minecraftforge.fml.loading.moddiscovery.AbstractJarFileDependencyLocator/]: Failed to load resource META-INF/jarjar/metadata.json from architectury-9.2.14-forge.jar, it does not contain dependency information.
[16Feb2026 16:57:32.740] [main/DEBUG] [net.minecraftforge.fml.loading.moddiscovery.AbstractJarFileDependencyLocator/]: Failed to load resource META-INF/jarjar/metadata.json from CobblemonMegas-forge-1.3.0+1.5.2.jar, it does not contain dependency information.
[16Feb2026 16:57:32.741] [main/DEBUG] [net.minecraftforge.fml.loading.moddiscovery.AbstractJarFileDependencyLocator/]: Failed to load resource META-INF/jarjar/metadata.json from cobblemonrider-1.2.4.jar, it does not contain dependency information.
[16Feb2026 16:57:32.741] [main/DEBUG] [net.minecraftforge.fml.loading.moddiscovery.AbstractJarFileDependencyLocator/]: Failed to load resource META-INF/jarjar/metadata.json from BetterF3-7.0.2-Forge-1.20.1.jar, it does not contain dependency information.
[16Feb2026 16:57:32.741] [main/DEBUG] [net.minecraftforge.fml.loading.moddiscovery.AbstractJarFileDependencyLocator/]: Failed to load resource META-INF/jarjar/metadata.json from cobblemon-unchained-1.5-forge-1.0.1.jar, it does not contain dependency information.
[16Feb2026 16:57:32.741] [main/DEBUG] [net.minecraftforge.fml.loading.moddiscovery.AbstractJarFileDependencyLocator/]: Failed to load resource META-INF/jarjar/metadata.json from CobbleDollars-forge-1.5.2+1.20.1.jar, it does not contain dependency information.
[16Feb2026 16:57:32.741] [main/DEBUG] [net.minecraftforge.fml.loading.moddiscovery.AbstractJarFileDependencyLocator/]: Failed to load resource META-INF/jarjar/metadata.json from mclanguage-1.20.1-47.4.10.jar, it does not contain dependency information.
[16Feb2026 16:57:32.741] [main/DEBUG] [net.minecraftforge.fml.loading.moddiscovery.AbstractJarFileDependencyLocator/]: Failed to load resource META-INF/jarjar/metadata.json from javafmllanguage-1.20.1-47.4.10.jar, it does not contain dependency information.
[16Feb2026 16:57:32.742] [main/DEBUG] [net.minecraftforge.fml.loading.moddiscovery.AbstractJarFileDependencyLocator/]: Failed to load resource META-INF/jarjar/metadata.json from fmlcore-1.20.1-47.4.10.jar, it does not contain dependency information.
[16Feb2026 16:57:32.742] [main/DEBUG] [net.minecraftforge.fml.loading.moddiscovery.AbstractJarFileDependencyLocator/]: Failed to load resource META-INF/jarjar/metadata.json from lowcodelanguage-1.20.1-47.4.10.jar, it does not contain dependency information.
[16Feb2026 16:57:32.792] [main/DEBUG] [net.minecraftforge.fml.loading.moddiscovery.ModFileParser/LOADING]: Considering mod file candidate 
[16Feb2026 16:57:32.793] [main/DEBUG] [net.minecraftforge.fml.loading.moddiscovery.ModFileInfo/LOADING]: Found valid mod file cloth-config-forge-11.1.106.jar with {cloth_config} mods - versions {11.1.106}
[16Feb2026 16:57:32.800] [main/DEBUG] [net.minecraftforge.fml.loading.moddiscovery.ModFileParser/LOADING]: Considering mod file candidate 
[16Feb2026 16:57:32.800] [main/DEBUG] [net.minecraftforge.fml.loading.moddiscovery.ModFileInfo/LOADING]: Found valid mod file kffmod-4.12.0.jar with {kotlinforforge} mods - versions {4.12.0}
[16Feb2026 16:57:32.815] [main/DEBUG] [net.minecraftforge.fml.loading.moddiscovery.AbstractJarFileDependencyLocator/]: Failed to load resource META-INF/jarjar/metadata.json from cloth-config-forge-11.1.106.jar, it does not contain dependency information.
[16Feb2026 16:57:32.816] [main/DEBUG] [net.minecraftforge.fml.loading.moddiscovery.AbstractJarFileDependencyLocator/]: Failed to load resource META-INF/jarjar/metadata.json from kfflang-4.12.0.jar, it does not contain dependency information.
[16Feb2026 16:57:32.816] [main/DEBUG] [net.minecraftforge.fml.loading.moddiscovery.AbstractJarFileDependencyLocator/]: Failed to load resource META-INF/jarjar/metadata.json from kfflib-4.12.0.jar, it does not contain dependency information.
[16Feb2026 16:57:32.816] [main/DEBUG] [net.minecraftforge.fml.loading.moddiscovery.AbstractJarFileDependencyLocator/]: Failed to load resource META-INF/jarjar/metadata.json from kffmod-4.12.0.jar, it does not contain dependency information.
[16Feb2026 16:57:32.816] [main/DEBUG] [net.minecraftforge.fml.loading.moddiscovery.AbstractJarFileDependencyLocator/]: Failed to load resource META-INF/jarjar/metadata.json from mixinextras-neoforge-0.5.0.jar, it does not contain dependency information.
[16Feb2026 16:57:32.816] [main/DEBUG] [net.minecraftforge.fml.loading.moddiscovery.AbstractJarFileDependencyLocator/]: Failed to load resource META-INF/jarjar/metadata.json from toml4j-0.7.2.jar, it does not contain dependency information.
[16Feb2026 16:57:32.838] [main/DEBUG] [net.minecraftforge.fml.loading.moddiscovery.ModFileParser/LOADING]: Considering mod file candidate 
[16Feb2026 16:57:32.839] [main/DEBUG] [net.minecraftforge.fml.loading.moddiscovery.ModFileInfo/LOADING]: Found valid mod file kffmod-4.12.0.jar with {kotlinforforge} mods - versions {4.12.0}
[16Feb2026 16:57:32.851] [main/DEBUG] [net.minecraftforge.fml.loading.moddiscovery.ModFileParser/LOADING]: Considering mod file candidate 
[16Feb2026 16:57:32.851] [main/DEBUG] [net.minecraftforge.fml.loading.moddiscovery.ModFileInfo/LOADING]: Found valid mod file cloth-config-forge-11.1.106.jar with {cloth_config} mods - versions {11.1.106}
[16Feb2026 16:57:32.862] [main/WARN] [net.minecraftforge.jarjar.selection.JarSelector/]: Attempted to select a dependency jar for JarJar which was passed in as source: cloth_config. Using Mod File: /workspaces/RPG_minecraft/servidor_minecraft/mods/cloth-config-11.1.136-forge.jar
[16Feb2026 16:57:32.862] [main/INFO] [net.minecraftforge.fml.loading.moddiscovery.JarInJarDependencyLocator/]: Found 5 dependencies adding them to mods collection
[16Feb2026 16:57:32.864] [main/DEBUG] [net.minecraftforge.fml.loading.moddiscovery.ModFileParser/LOADING]: Considering mod file candidate /workspaces/RPG_minecraft/servidor_minecraft/mods/cobblemon-fossiltweaks-1.5-forge-1.0.0.jar
[16Feb2026 16:57:32.865] [main/DEBUG] [net.minecraftforge.fml.loading.moddiscovery.ModFileInfo/LOADING]: Found valid mod file cobblemon-fossiltweaks-1.5-forge-1.0.0.jar with {fossiltweaks} mods - versions {1.5-forge-1.0.0}
[16Feb2026 16:57:32.868] [main/DEBUG] [net.minecraftforge.fml.loading.moddiscovery.ModFile/LOADING]: Loading mod file /workspaces/RPG_minecraft/servidor_minecraft/mods/cobblemon-fossiltweaks-1.5-forge-1.0.0.jar with languages [LanguageSpec[languageName=kotlinforforge, acceptedVersions=[4,)]]
[16Feb2026 16:57:32.868] [main/DEBUG] [net.minecraftforge.fml.loading.moddiscovery.ModFileParser/LOADING]: Considering mod file candidate /workspaces/RPG_minecraft/servidor_minecraft/mods/cobgyms-forge-2.0.3+1.20.1.jar
[16Feb2026 16:57:32.869] [main/DEBUG] [net.minecraftforge.fml.loading.moddiscovery.ModFileInfo/LOADING]: Found valid mod file cobgyms-forge-2.0.3+1.20.1.jar with {cobgyms} mods - versions {2.0.2}
[16Feb2026 16:57:32.869] [main/DEBUG] [net.minecraftforge.fml.loading.moddiscovery.ModFile/LOADING]: Loading mod file /workspaces/RPG_minecraft/servidor_minecraft/mods/cobgyms-forge-2.0.3+1.20.1.jar with languages [LanguageSpec[languageName=javafml, acceptedVersions=[47,)]]
[16Feb2026 16:57:32.869] [main/DEBUG] [net.minecraftforge.fml.loading.moddiscovery.ModFileParser/LOADING]: Considering mod file candidate /workspaces/RPG_minecraft/servidor_minecraft/mods/ftb-library-forge-2001.2.12.jar
[16Feb2026 16:57:32.870] [main/DEBUG] [net.minecraftforge.fml.loading.moddiscovery.ModFileInfo/LOADING]: Found valid mod file ftb-library-forge-2001.2.12.jar with {ftblibrary} mods - versions {2001.2.12}
[16Feb2026 16:57:32.870] [main/DEBUG] [net.minecraftforge.fml.loading.moddiscovery.ModFile/LOADING]: Loading mod file /workspaces/RPG_minecraft/servidor_minecraft/mods/ftb-library-forge-2001.2.12.jar with languages [LanguageSpec[languageName=javafml, acceptedVersions=[47,)]]
[16Feb2026 16:57:32.870] [main/DEBUG] [net.minecraftforge.fml.loading.moddiscovery.ModFileParser/LOADING]: Considering mod file candidate /workspaces/RPG_minecraft/servidor_minecraft/mods/beautify-2.0.2.jar
[16Feb2026 16:57:32.870] [main/DEBUG] [net.minecraftforge.fml.loading.moddiscovery.ModFileInfo/LOADING]: Found valid mod file beautify-2.0.2.jar with {beautify} mods - versions {2.0.2}
[16Feb2026 16:57:32.871] [main/DEBUG] [net.minecraftforge.fml.loading.moddiscovery.ModFile/LOADING]: Loading mod file /workspaces/RPG_minecraft/servidor_minecraft/mods/beautify-2.0.2.jar with languages [LanguageSpec[languageName=javafml, acceptedVersions=[40,)]]
[16Feb2026 16:57:32.871] [main/DEBUG] [net.minecraftforge.fml.loading.moddiscovery.ModFileParser/LOADING]: Considering mod file candidate /workspaces/RPG_minecraft/servidor_minecraft/mods/cobblemon_poke_labs-forge-1.1.1.jar
[16Feb2026 16:57:32.871] [main/DEBUG] [net.minecraftforge.fml.loading.moddiscovery.ModFileInfo/LOADING]: Found valid mod file cobblemon_poke_labs-forge-1.1.1.jar with {cobblemon_poke_labs} mods - versions {1.1.1}
[16Feb2026 16:57:32.871] [main/DEBUG] [net.minecraftforge.fml.loading.moddiscovery.ModFile/LOADING]: Loading mod file /workspaces/RPG_minecraft/servidor_minecraft/mods/cobblemon_poke_labs-forge-1.1.1.jar with languages [LanguageSpec[languageName=javafml, acceptedVersions=[47,)]]
[16Feb2026 16:57:32.871] [main/DEBUG] [net.minecraftforge.fml.loading.moddiscovery.ModFileParser/LOADING]: Considering mod file candidate /workspaces/RPG_minecraft/servidor_minecraft/mods/jei-1.20.1-forge-15.20.0.129.jar
[16Feb2026 16:57:32.872] [main/DEBUG] [net.minecraftforge.fml.loading.moddiscovery.ModFileInfo/LOADING]: Found valid mod file jei-1.20.1-forge-15.20.0.129.jar with {jei} mods - versions {15.20.0.129}
[16Feb2026 16:57:32.872] [main/DEBUG] [net.minecraftforge.fml.loading.moddiscovery.ModFile/LOADING]: Loading mod file /workspaces/RPG_minecraft/servidor_minecraft/mods/jei-1.20.1-forge-15.20.0.129.jar with languages [LanguageSpec[languageName=javafml, acceptedVersions=[47,)]]
[16Feb2026 16:57:32.872] [main/DEBUG] [net.minecraftforge.fml.loading.moddiscovery.ModFileParser/LOADING]: Considering mod file candidate /workspaces/RPG_minecraft/servidor_minecraft/mods/cobblemon_quests-[1.20.1]-forge-1.1.11.jar
[16Feb2026 16:57:32.873] [main/DEBUG] [net.minecraftforge.fml.loading.moddiscovery.ModFileInfo/LOADING]: Found valid mod file cobblemon_quests-[1.20.1]-forge-1.1.11.jar with {cobblemon_quests} mods - versions {1.1.11}
[16Feb2026 16:57:32.873] [main/DEBUG] [net.minecraftforge.fml.loading.moddiscovery.ModFile/LOADING]: Loading mod file /workspaces/RPG_minecraft/servidor_minecraft/mods/cobblemon_quests-[1.20.1]-forge-1.1.11.jar with languages [LanguageSpec[languageName=javafml, acceptedVersions=[43,)]]
[16Feb2026 16:57:32.873] [main/DEBUG] [net.minecraftforge.fml.loading.moddiscovery.ModFileParser/LOADING]: Considering mod file candidate /workspaces/RPG_minecraft/servidor_minecraft/mods/cobblemon-counter-1.5-forge-1.2.0.jar
[16Feb2026 16:57:32.873] [main/DEBUG] [net.minecraftforge.fml.loading.moddiscovery.ModFileInfo/LOADING]: Found valid mod file cobblemon-counter-1.5-forge-1.2.0.jar with {cobbled_counter} mods - versions {1.5-forge-1.2.0}
[16Feb2026 16:57:32.873] [main/DEBUG] [net.minecraftforge.fml.loading.moddiscovery.ModFile/LOADING]: Loading mod file /workspaces/RPG_minecraft/servidor_minecraft/mods/cobblemon-counter-1.5-forge-1.2.0.jar with languages [LanguageSpec[languageName=kotlinforforge, acceptedVersions=[4,)]]
[16Feb2026 16:57:32.874] [main/DEBUG] [net.minecraftforge.fml.loading.moddiscovery.ModFileParser/LOADING]: Considering mod file candidate /workspaces/RPG_minecraft/servidor_minecraft/mods/journeymap-1.20.1-5.10.3-forge.jar
[16Feb2026 16:57:32.874] [main/DEBUG] [net.minecraftforge.fml.loading.moddiscovery.ModFileInfo/LOADING]: Found valid mod file journeymap-1.20.1-5.10.3-forge.jar with {journeymap} mods - versions {5.10.3}
[16Feb2026 16:57:32.874] [main/DEBUG] [net.minecraftforge.fml.loading.moddiscovery.ModFile/LOADING]: Loading mod file /workspaces/RPG_minecraft/servidor_minecraft/mods/journeymap-1.20.1-5.10.3-forge.jar with languages [LanguageSpec[languageName=javafml, acceptedVersions=[44,)]]
[16Feb2026 16:57:32.876] [main/DEBUG] [net.minecraftforge.fml.loading.moddiscovery.ModFileParser/LOADING]: Found coremod journeymap potion effect transformer with Javascript path potion-effects-shift.js
[16Feb2026 16:57:32.876] [main/DEBUG] [net.minecraftforge.fml.loading.moddiscovery.ModFile/LOADING]: Found coremod potion-effects-shift.js
[16Feb2026 16:57:32.876] [main/DEBUG] [net.minecraftforge.fml.loading.moddiscovery.ModFileParser/LOADING]: Considering mod file candidate /workspaces/RPG_minecraft/servidor_minecraft/mods/citadel-2.6.3-1.20.1.jar
[16Feb2026 16:57:32.876] [main/DEBUG] [net.minecraftforge.fml.loading.moddiscovery.ModFileInfo/LOADING]: Found valid mod file citadel-2.6.3-1.20.1.jar with {citadel} mods - versions {2.6.3}
[16Feb2026 16:57:32.876] [main/DEBUG] [net.minecraftforge.fml.loading.moddiscovery.ModFile/LOADING]: Loading mod file /workspaces/RPG_minecraft/servidor_minecraft/mods/citadel-2.6.3-1.20.1.jar with languages [LanguageSpec[languageName=javafml, acceptedVersions=[47,)]]
[16Feb2026 16:57:32.876] [main/DEBUG] [net.minecraftforge.fml.loading.moddiscovery.ModFileParser/LOADING]: Considering mod file candidate /workspaces/RPG_minecraft/servidor_minecraft/mods/Cobblemon O' Plenty 1.20.1 B.2.0.jar
[16Feb2026 16:57:32.877] [main/DEBUG] [net.minecraftforge.fml.loading.moddiscovery.ModFileInfo/LOADING]: Found valid mod file Cobblemon O' Plenty 1.20.1 B.2.0.jar with {tmtcop} mods - versions {2.0.0}
[16Feb2026 16:57:32.877] [main/DEBUG] [net.minecraftforge.fml.loading.moddiscovery.ModFile/LOADING]: Loading mod file /workspaces/RPG_minecraft/servidor_minecraft/mods/Cobblemon O' Plenty 1.20.1 B.2.0.jar with languages [LanguageSpec[languageName=javafml, acceptedVersions=[47,)]]
[16Feb2026 16:57:32.877] [main/DEBUG] [net.minecraftforge.fml.loading.moddiscovery.ModFileParser/LOADING]: Considering mod file candidate /workspaces/RPG_minecraft/servidor_minecraft/mods/cobblemonoutbreaks-1.1.4-1.20.1.jar
[16Feb2026 16:57:32.878] [main/DEBUG] [net.minecraftforge.fml.loading.moddiscovery.ModFileInfo/LOADING]: Found valid mod file cobblemonoutbreaks-1.1.4-1.20.1.jar with {cobblemonoutbreaks} mods - versions {1.1.4-1.20.1}
[16Feb2026 16:57:32.878] [main/DEBUG] [net.minecraftforge.fml.loading.moddiscovery.ModFile/LOADING]: Loading mod file /workspaces/RPG_minecraft/servidor_minecraft/mods/cobblemonoutbreaks-1.1.4-1.20.1.jar with languages [LanguageSpec[languageName=javafml, acceptedVersions=[43,)]]
[16Feb2026 16:57:32.878] [main/DEBUG] [net.minecraftforge.fml.loading.moddiscovery.ModFileParser/LOADING]: Considering mod file candidate /workspaces/RPG_minecraft/servidor_minecraft/mods/GlitchCore-forge-1.20.1-0.0.1.1.jar
[16Feb2026 16:57:32.878] [main/DEBUG] [net.minecraftforge.fml.loading.moddiscovery.ModFileInfo/LOADING]: Found valid mod file GlitchCore-forge-1.20.1-0.0.1.1.jar with {glitchcore} mods - versions {0.0.1.1}
[16Feb2026 16:57:32.878] [main/DEBUG] [net.minecraftforge.fml.loading.moddiscovery.ModFile/LOADING]: Loading mod file /workspaces/RPG_minecraft/servidor_minecraft/mods/GlitchCore-forge-1.20.1-0.0.1.1.jar with languages [LanguageSpec[languageName=javafml, acceptedVersions=[47,)]]
[16Feb2026 16:57:32.878] [main/DEBUG] [net.minecraftforge.fml.loading.moddiscovery.ModFileParser/LOADING]: Considering mod file candidate /workspaces/RPG_minecraft/servidor_minecraft/mods/midnightlib-forge-1.9.2%2B1.20.1.jar
[16Feb2026 16:57:32.879] [main/DEBUG] [net.minecraftforge.fml.loading.moddiscovery.ModFileInfo/LOADING]: Found valid mod file midnightlib-forge-1.9.2%2B1.20.1.jar with {midnightlib} mods - versions {1.9.2}
[16Feb2026 16:57:32.879] [main/DEBUG] [net.minecraftforge.fml.loading.moddiscovery.ModFile/LOADING]: Loading mod file /workspaces/RPG_minecraft/servidor_minecraft/mods/midnightlib-forge-1.9.2%2B1.20.1.jar with languages [LanguageSpec[languageName=javafml, acceptedVersions=[43,)]]
[16Feb2026 16:57:32.879] [main/DEBUG] [net.minecraftforge.fml.loading.moddiscovery.ModFileParser/LOADING]: Considering mod file candidate /workspaces/RPG_minecraft/servidor_minecraft/mods/cobblemon-spawn-notification-1.5-forge-1.2.0.jar
[16Feb2026 16:57:32.879] [main/DEBUG] [net.minecraftforge.fml.loading.moddiscovery.ModFileInfo/LOADING]: Found valid mod file cobblemon-spawn-notification-1.5-forge-1.2.0.jar with {spawn_notification} mods - versions {1.5-forge-1.2.0}
[16Feb2026 16:57:32.880] [main/DEBUG] [net.minecraftforge.fml.loading.moddiscovery.ModFile/LOADING]: Loading mod file /workspaces/RPG_minecraft/servidor_minecraft/mods/cobblemon-spawn-notification-1.5-forge-1.2.0.jar with languages [LanguageSpec[languageName=kotlinforforge, acceptedVersions=[4,)]]
[16Feb2026 16:57:32.880] [main/DEBUG] [net.minecraftforge.fml.loading.moddiscovery.ModFileParser/LOADING]: Considering mod file candidate /workspaces/RPG_minecraft/servidor_minecraft/mods/cobblemon-unimplemented-items-1.5-forge-1.3.0.jar
[16Feb2026 16:57:32.880] [main/DEBUG] [net.minecraftforge.fml.loading.moddiscovery.ModFileInfo/LOADING]: Found valid mod file cobblemon-unimplemented-items-1.5-forge-1.3.0.jar with {unimplemented_items} mods - versions {1.5-forge-1.3.0}
[16Feb2026 16:57:32.880] [main/DEBUG] [net.minecraftforge.fml.loading.moddiscovery.ModFile/LOADING]: Loading mod file /workspaces/RPG_minecraft/servidor_minecraft/mods/cobblemon-unimplemented-items-1.5-forge-1.3.0.jar with languages [LanguageSpec[languageName=kotlinforforge, acceptedVersions=[4,)]]
[16Feb2026 16:57:32.880] [main/DEBUG] [net.minecraftforge.fml.loading.moddiscovery.ModFileParser/LOADING]: Considering mod file candidate /workspaces/RPG_minecraft/servidor_minecraft/mods/gravels_extended_battles-1.4.0 (forge).jar
[16Feb2026 16:57:32.881] [main/DEBUG] [net.minecraftforge.fml.loading.moddiscovery.ModFileInfo/LOADING]: Found valid mod file gravels_extended_battles-1.4.0 (forge).jar with {gravels_extended_battles} mods - versions {1.4.0}
[16Feb2026 16:57:32.881] [main/DEBUG] [net.minecraftforge.fml.loading.moddiscovery.ModFile/LOADING]: Loading mod file /workspaces/RPG_minecraft/servidor_minecraft/mods/gravels_extended_battles-1.4.0 (forge).jar with languages [LanguageSpec[languageName=javafml, acceptedVersions=[47,)]]
[16Feb2026 16:57:32.881] [main/DEBUG] [net.minecraftforge.fml.loading.moddiscovery.ModFileParser/LOADING]: Considering mod file candidate /workspaces/RPG_minecraft/servidor_minecraft/mods/CameraOverhaul-v2.0.6-forge%2Bmc%5B1.20.0-1.20.5%5D.jar
[16Feb2026 16:57:32.881] [main/DEBUG] [net.minecraftforge.fml.loading.moddiscovery.ModFileInfo/LOADING]: Found valid mod file CameraOverhaul-v2.0.6-forge%2Bmc%5B1.20.0-1.20.5%5D.jar with {cameraoverhaul} mods - versions {2.0.6-forge+mc.1.20.0-1.20.5}
[16Feb2026 16:57:32.882] [main/DEBUG] [net.minecraftforge.fml.loading.moddiscovery.ModFile/LOADING]: Loading mod file /workspaces/RPG_minecraft/servidor_minecraft/mods/CameraOverhaul-v2.0.6-forge%2Bmc%5B1.20.0-1.20.5%5D.jar with languages [LanguageSpec[languageName=javafml, acceptedVersions=*]]
[16Feb2026 16:57:32.882] [main/DEBUG] [net.minecraftforge.fml.loading.moddiscovery.ModFileParser/LOADING]: Considering mod file candidate /workspaces/RPG_minecraft/servidor_minecraft/mods/cloth-config-11.1.136-forge.jar
[16Feb2026 16:57:32.882] [main/DEBUG] [net.minecraftforge.fml.loading.moddiscovery.ModFileInfo/LOADING]: Found valid mod file cloth-config-11.1.136-forge.jar with {cloth_config} mods - versions {11.1.136}
[16Feb2026 16:57:32.882] [main/DEBUG] [net.minecraftforge.fml.loading.moddiscovery.ModFile/LOADING]: Loading mod file /workspaces/RPG_minecraft/servidor_minecraft/mods/cloth-config-11.1.136-forge.jar with languages [LanguageSpec[languageName=javafml, acceptedVersions=[34,)]]
[16Feb2026 16:57:32.882] [main/DEBUG] [net.minecraftforge.fml.loading.moddiscovery.ModFileParser/LOADING]: Considering mod file candidate /workspaces/RPG_minecraft/servidor_minecraft/mods/ftb-teams-forge-2001.3.2.jar
[16Feb2026 16:57:32.883] [main/DEBUG] [net.minecraftforge.fml.loading.moddiscovery.ModFileInfo/LOADING]: Found valid mod file ftb-teams-forge-2001.3.2.jar with {ftbteams} mods - versions {2001.3.2}
[16Feb2026 16:57:32.883] [main/DEBUG] [net.minecraftforge.fml.loading.moddiscovery.ModFile/LOADING]: Loading mod file /workspaces/RPG_minecraft/servidor_minecraft/mods/ftb-teams-forge-2001.3.2.jar with languages [LanguageSpec[languageName=javafml, acceptedVersions=[47,)]]
[16Feb2026 16:57:32.883] [main/DEBUG] [net.minecraftforge.fml.loading.moddiscovery.ModFileParser/LOADING]: Considering mod file candidate /workspaces/RPG_minecraft/servidor_minecraft/libraries/net/minecraftforge/forge/1.20.1-47.4.10/forge-1.20.1-47.4.10-universal.jar
[16Feb2026 16:57:32.883] [main/DEBUG] [net.minecraftforge.fml.loading.moddiscovery.ModFileInfo/LOADING]: Found valid mod file forge-1.20.1-47.4.10-universal.jar with {forge} mods - versions {47.4.10}
[16Feb2026 16:57:32.883] [main/DEBUG] [net.minecraftforge.fml.loading.moddiscovery.ModFile/LOADING]: Loading mod file /workspaces/RPG_minecraft/servidor_minecraft/libraries/net/minecraftforge/forge/1.20.1-47.4.10/forge-1.20.1-47.4.10-universal.jar with languages [LanguageSpec[languageName=javafml, acceptedVersions=[24,]]]
[16Feb2026 16:57:32.884] [main/DEBUG] [net.minecraftforge.fml.loading.moddiscovery.ModFileParser/LOADING]: Found coremod field_to_method with Javascript path coremods/field_to_method.js
[16Feb2026 16:57:32.884] [main/DEBUG] [net.minecraftforge.fml.loading.moddiscovery.ModFileParser/LOADING]: Found coremod field_to_instanceof with Javascript path coremods/field_to_instanceof.js
[16Feb2026 16:57:32.884] [main/DEBUG] [net.minecraftforge.fml.loading.moddiscovery.ModFileParser/LOADING]: Found coremod add_bouncer_method with Javascript path coremods/add_bouncer_method.js
[16Feb2026 16:57:32.884] [main/DEBUG] [net.minecraftforge.fml.loading.moddiscovery.ModFileParser/LOADING]: Found coremod method_redirector with Javascript path coremods/method_redirector.js
[16Feb2026 16:57:32.884] [main/DEBUG] [net.minecraftforge.fml.loading.moddiscovery.ModFile/LOADING]: Found coremod coremods/field_to_method.js
[16Feb2026 16:57:32.884] [main/DEBUG] [net.minecraftforge.fml.loading.moddiscovery.ModFile/LOADING]: Found coremod coremods/field_to_instanceof.js
[16Feb2026 16:57:32.884] [main/DEBUG] [net.minecraftforge.fml.loading.moddiscovery.ModFile/LOADING]: Found coremod coremods/add_bouncer_method.js
[16Feb2026 16:57:32.884] [main/DEBUG] [net.minecraftforge.fml.loading.moddiscovery.ModFile/LOADING]: Found coremod coremods/method_redirector.js
[16Feb2026 16:57:32.885] [main/DEBUG] [net.minecraftforge.fml.loading.moddiscovery.ModFileParser/LOADING]: Considering mod file candidate /workspaces/RPG_minecraft/servidor_minecraft/mods/simple_cobblemon_kit-1.0.0-forge-1.20.1.jar
[16Feb2026 16:57:32.885] [main/DEBUG] [net.minecraftforge.fml.loading.moddiscovery.ModFileInfo/LOADING]: Found valid mod file simple_cobblemon_kit-1.0.0-forge-1.20.1.jar with {simple_cobblemon_kit} mods - versions {1.0.0}
[16Feb2026 16:57:32.885] [main/DEBUG] [net.minecraftforge.fml.loading.moddiscovery.ModFile/LOADING]: Loading mod file /workspaces/RPG_minecraft/servidor_minecraft/mods/simple_cobblemon_kit-1.0.0-forge-1.20.1.jar with languages [LanguageSpec[languageName=javafml, acceptedVersions=[47,)]]
[16Feb2026 16:57:32.885] [main/DEBUG] [net.minecraftforge.fml.loading.moddiscovery.ModFileParser/LOADING]: Considering mod file candidate /workspaces/RPG_minecraft/servidor_minecraft/mods/athena-forge-1.20.1-3.1.2.jar
[16Feb2026 16:57:32.885] [main/DEBUG] [net.minecraftforge.fml.loading.moddiscovery.ModFileInfo/LOADING]: Found valid mod file athena-forge-1.20.1-3.1.2.jar with {athena} mods - versions {3.1.2}
[16Feb2026 16:57:32.886] [main/DEBUG] [net.minecraftforge.fml.loading.moddiscovery.ModFile/LOADING]: Loading mod file /workspaces/RPG_minecraft/servidor_minecraft/mods/athena-forge-1.20.1-3.1.2.jar with languages [LanguageSpec[languageName=javafml, acceptedVersions=[47,)]]
[16Feb2026 16:57:32.886] [main/DEBUG] [net.minecraftforge.fml.loading.moddiscovery.ModFileParser/LOADING]: Considering mod file candidate /workspaces/RPG_minecraft/servidor_minecraft/mods/Cobblemon AFP 1.7.1-1.20.1 Forge.jar
[16Feb2026 16:57:32.886] [main/DEBUG] [net.minecraftforge.fml.loading.moddiscovery.ModFileInfo/LOADING]: Found valid mod file Cobblemon AFP 1.7.1-1.20.1 Forge.jar with {cobblemon_alatia} mods - versions {1.7.1-1.20.1}
[16Feb2026 16:57:32.886] [main/DEBUG] [net.minecraftforge.fml.loading.moddiscovery.ModFile/LOADING]: Loading mod file /workspaces/RPG_minecraft/servidor_minecraft/mods/Cobblemon AFP 1.7.1-1.20.1 Forge.jar with languages [LanguageSpec[languageName=javafml, acceptedVersions=[47,)]]
[16Feb2026 16:57:32.887] [main/DEBUG] [net.minecraftforge.fml.loading.moddiscovery.ModFileInfo/LOADING]: Found valid mod file server-1.20.1-20230612.114412-srg.jar with {minecraft} mods - versions {1.20.1}
[16Feb2026 16:57:32.887] [main/DEBUG] [net.minecraftforge.fml.loading.moddiscovery.ModFile/LOADING]: Loading mod file /workspaces/RPG_minecraft/servidor_minecraft/libraries/net/minecraft/server/1.20.1-20230612.114412/server-1.20.1-20230612.114412-srg.jar with languages [LanguageSpec[languageName=minecraft, acceptedVersions=1]]
[16Feb2026 16:57:32.887] [main/DEBUG] [net.minecraftforge.fml.loading.moddiscovery.ModFileParser/LOADING]: Considering mod file candidate /workspaces/RPG_minecraft/servidor_minecraft/mods/BetterBeds-1.0.0.jar
[16Feb2026 16:57:32.888] [main/DEBUG] [net.minecraftforge.fml.loading.moddiscovery.ModFileInfo/LOADING]: Found valid mod file BetterBeds-1.0.0.jar with {betterbeds} mods - versions {1.0.0}
[16Feb2026 16:57:32.888] [main/DEBUG] [net.minecraftforge.fml.loading.moddiscovery.ModFile/LOADING]: Loading mod file /workspaces/RPG_minecraft/servidor_minecraft/mods/BetterBeds-1.0.0.jar with languages [LanguageSpec[languageName=javafml, acceptedVersions=[44,)]]
[16Feb2026 16:57:32.888] [main/DEBUG] [net.minecraftforge.fml.loading.moddiscovery.ModFileParser/LOADING]: Considering mod file candidate /workspaces/RPG_minecraft/servidor_minecraft/mods/TerraBlender-forge-1.20.1-3.0.1.10.jar
[16Feb2026 16:57:32.888] [main/DEBUG] [net.minecraftforge.fml.loading.moddiscovery.ModFileInfo/LOADING]: Found valid mod file TerraBlender-forge-1.20.1-3.0.1.10.jar with {terrablender} mods - versions {3.0.1.10}
[16Feb2026 16:57:32.888] [main/DEBUG] [net.minecraftforge.fml.loading.moddiscovery.ModFile/LOADING]: Loading mod file /workspaces/RPG_minecraft/servidor_minecraft/mods/TerraBlender-forge-1.20.1-3.0.1.10.jar with languages [LanguageSpec[languageName=javafml, acceptedVersions=[47,)]]
[16Feb2026 16:57:32.888] [main/DEBUG] [net.minecraftforge.fml.loading.moddiscovery.ModFileParser/LOADING]: Considering mod file candidate /workspaces/RPG_minecraft/servidor_minecraft/mods/cobblemonintegrations-1.20.1-1.0.7.jar
[16Feb2026 16:57:32.889] [main/DEBUG] [net.minecraftforge.fml.loading.moddiscovery.ModFileInfo/LOADING]: Found valid mod file cobblemonintegrations-1.20.1-1.0.7.jar with {cobblemonintegrations} mods - versions {1.0.7}
[16Feb2026 16:57:32.889] [main/DEBUG] [net.minecraftforge.fml.loading.moddiscovery.ModFile/LOADING]: Loading mod file /workspaces/RPG_minecraft/servidor_minecraft/mods/cobblemonintegrations-1.20.1-1.0.7.jar with languages [LanguageSpec[languageName=javafml, acceptedVersions=[47,)]]
[16Feb2026 16:57:32.889] [main/DEBUG] [net.minecraftforge.fml.loading.moddiscovery.ModFileParser/LOADING]: Considering mod file candidate /workspaces/RPG_minecraft/servidor_minecraft/mods/ftb-quests-forge-2001.4.17.jar
[16Feb2026 16:57:32.889] [main/DEBUG] [net.minecraftforge.fml.loading.moddiscovery.ModFileInfo/LOADING]: Found valid mod file ftb-quests-forge-2001.4.17.jar with {ftbquests} mods - versions {2001.4.17}
[16Feb2026 16:57:32.890] [main/DEBUG] [net.minecraftforge.fml.loading.moddiscovery.ModFile/LOADING]: Loading mod file /workspaces/RPG_minecraft/servidor_minecraft/mods/ftb-quests-forge-2001.4.17.jar with languages [LanguageSpec[languageName=javafml, acceptedVersions=[39,)]]
[16Feb2026 16:57:32.890] [main/DEBUG] [net.minecraftforge.fml.loading.moddiscovery.ModFileParser/LOADING]: Considering mod file candidate /workspaces/RPG_minecraft/servidor_minecraft/mods/CobblemonTrainers-1.1.11+1.5.2-forge.jar
[16Feb2026 16:57:32.890] [main/DEBUG] [net.minecraftforge.fml.loading.moddiscovery.ModFileInfo/LOADING]: Found valid mod file CobblemonTrainers-1.1.11+1.5.2-forge.jar with {cobblemontrainers} mods - versions {1.1.11+1.5.2}
[16Feb2026 16:57:32.890] [main/DEBUG] [net.minecraftforge.fml.loading.moddiscovery.ModFile/LOADING]: Loading mod file /workspaces/RPG_minecraft/servidor_minecraft/mods/CobblemonTrainers-1.1.11+1.5.2-forge.jar with languages [LanguageSpec[languageName=javafml, acceptedVersions=[47,)]]
[16Feb2026 16:57:32.890] [main/DEBUG] [net.minecraftforge.fml.loading.moddiscovery.ModFileParser/LOADING]: Considering mod file candidate /workspaces/RPG_minecraft/servidor_minecraft/mods/BiomesOPlenty-forge-1.20.1-19.0.0.96.jar
[16Feb2026 16:57:32.891] [main/DEBUG] [net.minecraftforge.fml.loading.moddiscovery.ModFileInfo/LOADING]: Found valid mod file BiomesOPlenty-forge-1.20.1-19.0.0.96.jar with {biomesoplenty} mods - versions {19.0.0.96}
[16Feb2026 16:57:32.891] [main/DEBUG] [net.minecraftforge.fml.loading.moddiscovery.ModFile/LOADING]: Loading mod file /workspaces/RPG_minecraft/servidor_minecraft/mods/BiomesOPlenty-forge-1.20.1-19.0.0.96.jar with languages [LanguageSpec[languageName=javafml, acceptedVersions=[47,)]]
[16Feb2026 16:57:32.891] [main/DEBUG] [net.minecraftforge.fml.loading.moddiscovery.ModFileParser/LOADING]: Considering mod file candidate /workspaces/RPG_minecraft/servidor_minecraft/mods/SimpleTMsForge-1.1.2.jar
[16Feb2026 16:57:32.891] [main/DEBUG] [net.minecraftforge.fml.loading.moddiscovery.ModFileInfo/LOADING]: Found valid mod file SimpleTMsForge-1.1.2.jar with {simpletms} mods - versions {1.1.2}
[16Feb2026 16:57:32.891] [main/DEBUG] [net.minecraftforge.fml.loading.moddiscovery.ModFile/LOADING]: Loading mod file /workspaces/RPG_minecraft/servidor_minecraft/mods/SimpleTMsForge-1.1.2.jar with languages [LanguageSpec[languageName=javafml, acceptedVersions=[47,)]]
[16Feb2026 16:57:32.891] [main/DEBUG] [net.minecraftforge.fml.loading.moddiscovery.ModFileParser/LOADING]: Considering mod file candidate /workspaces/RPG_minecraft/servidor_minecraft/mods/Jade-1.20.1-Forge-11.13.2.jar
[16Feb2026 16:57:32.892] [main/DEBUG] [net.minecraftforge.fml.loading.moddiscovery.ModFileInfo/LOADING]: Found valid mod file Jade-1.20.1-Forge-11.13.2.jar with {jade} mods - versions {11.13.2+forge}
[16Feb2026 16:57:32.892] [main/DEBUG] [net.minecraftforge.fml.loading.moddiscovery.ModFile/LOADING]: Loading mod file /workspaces/RPG_minecraft/servidor_minecraft/mods/Jade-1.20.1-Forge-11.13.2.jar with languages [LanguageSpec[languageName=javafml, acceptedVersions=[46,)]]
[16Feb2026 16:57:32.892] [main/DEBUG] [net.minecraftforge.fml.loading.moddiscovery.ModFileParser/LOADING]: Considering mod file candidate /workspaces/RPG_minecraft/servidor_minecraft/mods/cobbledex-1.20.1-forge-1.1.0.jar
[16Feb2026 16:57:32.893] [main/DEBUG] [net.minecraftforge.fml.loading.moddiscovery.ModFileInfo/LOADING]: Found valid mod file cobbledex-1.20.1-forge-1.1.0.jar with {cobbledex} mods - versions {1.1.0}
[16Feb2026 16:57:32.893] [main/DEBUG] [net.minecraftforge.fml.loading.moddiscovery.ModFile/LOADING]: Loading mod file /workspaces/RPG_minecraft/servidor_minecraft/mods/cobbledex-1.20.1-forge-1.1.0.jar with languages [LanguageSpec[languageName=javafml, acceptedVersions=[43,)]]
[16Feb2026 16:57:32.893] [main/DEBUG] [net.minecraftforge.fml.loading.moddiscovery.ModFileParser/LOADING]: Considering mod file candidate /workspaces/RPG_minecraft/servidor_minecraft/mods/eggs-cobblemon-addon-0.3.jar
[16Feb2026 16:57:32.893] [main/DEBUG] [net.minecraftforge.fml.loading.moddiscovery.ModFileInfo/LOADING]: Found valid mod file eggs-cobblemon-addon-0.3.jar with {mr_eggs_cobblemonaddon} mods - versions {0.3}
[16Feb2026 16:57:32.893] [main/DEBUG] [net.minecraftforge.fml.loading.moddiscovery.ModFile/LOADING]: Loading mod file /workspaces/RPG_minecraft/servidor_minecraft/mods/eggs-cobblemon-addon-0.3.jar with languages [LanguageSpec[languageName=javafml, acceptedVersions=[25,)]]
[16Feb2026 16:57:32.893] [main/DEBUG] [net.minecraftforge.fml.loading.moddiscovery.ModFileParser/LOADING]: Considering mod file candidate 
[16Feb2026 16:57:32.894] [main/DEBUG] [net.minecraftforge.fml.loading.moddiscovery.ModFileInfo/LOADING]: Found valid mod file kffmod-4.12.0.jar with {kotlinforforge} mods - versions {4.12.0}
[16Feb2026 16:57:32.894] [main/DEBUG] [net.minecraftforge.fml.loading.moddiscovery.ModFile/LOADING]: Loading mod file  with languages [LanguageSpec[languageName=kotlinforforge, acceptedVersions=[4,)]]
[16Feb2026 16:57:32.894] [main/DEBUG] [net.minecraftforge.fml.loading.moddiscovery.ModFileParser/LOADING]: Considering mod file candidate /workspaces/RPG_minecraft/servidor_minecraft/mods/cobblemore_lib-forge-1.2.0.jar
[16Feb2026 16:57:32.894] [main/DEBUG] [net.minecraftforge.fml.loading.moddiscovery.ModFileInfo/LOADING]: Found valid mod file cobblemore_lib-forge-1.2.0.jar with {cobblemore_lib} mods - versions {1.2.0}
[16Feb2026 16:57:32.895] [main/DEBUG] [net.minecraftforge.fml.loading.moddiscovery.ModFile/LOADING]: Loading mod file /workspaces/RPG_minecraft/servidor_minecraft/mods/cobblemore_lib-forge-1.2.0.jar with languages [LanguageSpec[languageName=javafml, acceptedVersions=[47,)]]
[16Feb2026 16:57:32.895] [main/DEBUG] [net.minecraftforge.fml.loading.moddiscovery.ModFileParser/LOADING]: Considering mod file candidate /workspaces/RPG_minecraft/servidor_minecraft/mods/curios-forge-5.14.1+1.20.1.jar
[16Feb2026 16:57:32.895] [main/DEBUG] [net.minecraftforge.fml.loading.moddiscovery.ModFileInfo/LOADING]: Found valid mod file curios-forge-5.14.1+1.20.1.jar with {curios} mods - versions {5.14.1+1.20.1}
[16Feb2026 16:57:32.895] [main/DEBUG] [net.minecraftforge.fml.loading.moddiscovery.ModFile/LOADING]: Loading mod file /workspaces/RPG_minecraft/servidor_minecraft/mods/curios-forge-5.14.1+1.20.1.jar with languages [LanguageSpec[languageName=javafml, acceptedVersions=[41,)]]
[16Feb2026 16:57:32.895] [main/DEBUG] [net.minecraftforge.fml.loading.moddiscovery.ModFileParser/LOADING]: Considering mod file candidate /workspaces/RPG_minecraft/servidor_minecraft/mods/cobblemon-capturexp-1.5-forge-1.0.1.jar
[16Feb2026 16:57:32.896] [main/DEBUG] [net.minecraftforge.fml.loading.moddiscovery.ModFileInfo/LOADING]: Found valid mod file cobblemon-capturexp-1.5-forge-1.0.1.jar with {capture_xp} mods - versions {1.5-forge-1.0.1}
[16Feb2026 16:57:32.896] [main/DEBUG] [net.minecraftforge.fml.loading.moddiscovery.ModFile/LOADING]: Loading mod file /workspaces/RPG_minecraft/servidor_minecraft/mods/cobblemon-capturexp-1.5-forge-1.0.1.jar with languages [LanguageSpec[languageName=kotlinforforge, acceptedVersions=[4,)]]
[16Feb2026 16:57:32.896] [main/DEBUG] [net.minecraftforge.fml.loading.moddiscovery.ModFileParser/LOADING]: Considering mod file candidate /workspaces/RPG_minecraft/servidor_minecraft/mods/Patchouli-1.20.1-84.1-FORGE.jar
[16Feb2026 16:57:32.896] [main/DEBUG] [net.minecraftforge.fml.loading.moddiscovery.ModFileInfo/LOADING]: Found valid mod file Patchouli-1.20.1-84.1-FORGE.jar with {patchouli} mods - versions {1.20.1-84.1-FORGE}
[16Feb2026 16:57:32.896] [main/DEBUG] [net.minecraftforge.fml.loading.moddiscovery.ModFile/LOADING]: Loading mod file /workspaces/RPG_minecraft/servidor_minecraft/mods/Patchouli-1.20.1-84.1-FORGE.jar with languages [LanguageSpec[languageName=javafml, acceptedVersions=[47,)]]
[16Feb2026 16:57:32.897] [main/DEBUG] [net.minecraftforge.fml.loading.moddiscovery.ModFileParser/LOADING]: Considering mod file candidate /workspaces/RPG_minecraft/servidor_minecraft/mods/MegamonsForge-1.2.1.jar
[16Feb2026 16:57:32.897] [main/DEBUG] [net.minecraftforge.fml.loading.moddiscovery.ModFileInfo/LOADING]: Found valid mod file MegamonsForge-1.2.1.jar with {megamons} mods - versions {1.5.0+1.20.1-forge+fabric-75b66fa}
[16Feb2026 16:57:32.897] [main/DEBUG] [net.minecraftforge.fml.loading.moddiscovery.ModFile/LOADING]: Loading mod file /workspaces/RPG_minecraft/servidor_minecraft/mods/MegamonsForge-1.2.1.jar with languages [LanguageSpec[languageName=kotlinforforge, acceptedVersions=[3,)]]
[16Feb2026 16:57:32.897] [main/DEBUG] [net.minecraftforge.fml.loading.moddiscovery.ModFileParser/LOADING]: Considering mod file candidate /workspaces/RPG_minecraft/servidor_minecraft/mods/cobblemon_simple_center-forge-1.1.0.jar
[16Feb2026 16:57:32.898] [main/DEBUG] [net.minecraftforge.fml.loading.moddiscovery.ModFileInfo/LOADING]: Found valid mod file cobblemon_simple_center-forge-1.1.0.jar with {cobblemon_simple_center} mods - versions {1.1.0}
[16Feb2026 16:57:32.898] [main/DEBUG] [net.minecraftforge.fml.loading.moddiscovery.ModFile/LOADING]: Loading mod file /workspaces/RPG_minecraft/servidor_minecraft/mods/cobblemon_simple_center-forge-1.1.0.jar with languages [LanguageSpec[languageName=javafml, acceptedVersions=[47,)]]
[16Feb2026 16:57:32.898] [main/DEBUG] [net.minecraftforge.fml.loading.moddiscovery.ModFileParser/LOADING]: Considering mod file candidate /workspaces/RPG_minecraft/servidor_minecraft/mods/Cobblemon-forge-1.5.2+1.20.1.jar
[16Feb2026 16:57:32.898] [main/DEBUG] [net.minecraftforge.fml.loading.moddiscovery.ModFileInfo/LOADING]: Found valid mod file Cobblemon-forge-1.5.2+1.20.1.jar with {cobblemon} mods - versions {1.5.2+1.20.1}
[16Feb2026 16:57:32.898] [main/DEBUG] [net.minecraftforge.fml.loading.moddiscovery.ModFile/LOADING]: Loading mod file /workspaces/RPG_minecraft/servidor_minecraft/mods/Cobblemon-forge-1.5.2+1.20.1.jar with languages [LanguageSpec[languageName=kotlinforforge, acceptedVersions=[3,)]]
[16Feb2026 16:57:32.898] [main/DEBUG] [net.minecraftforge.fml.loading.moddiscovery.ModFileParser/LOADING]: Considering mod file candidate /workspaces/RPG_minecraft/servidor_minecraft/mods/Cobblepedia-Forge-0.6.8.jar
[16Feb2026 16:57:32.899] [main/DEBUG] [net.minecraftforge.fml.loading.moddiscovery.ModFileInfo/LOADING]: Found valid mod file Cobblepedia-Forge-0.6.8.jar with {cobblepedia} mods - versions {0.6.8}
[16Feb2026 16:57:32.899] [main/DEBUG] [net.minecraftforge.fml.loading.moddiscovery.ModFile/LOADING]: Loading mod file /workspaces/RPG_minecraft/servidor_minecraft/mods/Cobblepedia-Forge-0.6.8.jar with languages [LanguageSpec[languageName=javafml, acceptedVersions=[47,)]]
[16Feb2026 16:57:32.899] [main/DEBUG] [net.minecraftforge.fml.loading.moddiscovery.ModFileParser/LOADING]: Considering mod file candidate /workspaces/RPG_minecraft/servidor_minecraft/mods/fightorflight-forge-0.6.2.jar
[16Feb2026 16:57:32.900] [main/DEBUG] [net.minecraftforge.fml.loading.moddiscovery.ModFileInfo/LOADING]: Found valid mod file fightorflight-forge-0.6.2.jar with {fightorflight} mods - versions {0.6.2}
[16Feb2026 16:57:32.900] [main/DEBUG] [net.minecraftforge.fml.loading.moddiscovery.ModFile/LOADING]: Loading mod file /workspaces/RPG_minecraft/servidor_minecraft/mods/fightorflight-forge-0.6.2.jar with languages [LanguageSpec[languageName=javafml, acceptedVersions=[47,)]]
[16Feb2026 16:57:32.900] [main/DEBUG] [net.minecraftforge.fml.loading.moddiscovery.ModFileParser/LOADING]: Considering mod file candidate /workspaces/RPG_minecraft/servidor_minecraft/mods/architectury-9.2.14-forge.jar
[16Feb2026 16:57:32.900] [main/DEBUG] [net.minecraftforge.fml.loading.moddiscovery.ModFileInfo/LOADING]: Found valid mod file architectury-9.2.14-forge.jar with {architectury} mods - versions {9.2.14}
[16Feb2026 16:57:32.900] [main/DEBUG] [net.minecraftforge.fml.loading.moddiscovery.ModFile/LOADING]: Loading mod file /workspaces/RPG_minecraft/servidor_minecraft/mods/architectury-9.2.14-forge.jar with languages [LanguageSpec[languageName=javafml, acceptedVersions=[46,)]]
[16Feb2026 16:57:32.900] [main/DEBUG] [net.minecraftforge.fml.loading.moddiscovery.ModFileParser/LOADING]: Considering mod file candidate /workspaces/RPG_minecraft/servidor_minecraft/mods/CobblemonMegas-forge-1.3.0+1.5.2.jar
[16Feb2026 16:57:32.901] [main/DEBUG] [net.minecraftforge.fml.loading.moddiscovery.ModFileInfo/LOADING]: Found valid mod file CobblemonMegas-forge-1.3.0+1.5.2.jar with {cobblemonmegas} mods - versions {1.3.0+1.5.2+1.20.1}
[16Feb2026 16:57:32.901] [main/DEBUG] [net.minecraftforge.fml.loading.moddiscovery.ModFile/LOADING]: Loading mod file /workspaces/RPG_minecraft/servidor_minecraft/mods/CobblemonMegas-forge-1.3.0+1.5.2.jar with languages [LanguageSpec[languageName=kotlinforforge, acceptedVersions=[4.3,)]]
[16Feb2026 16:57:32.901] [main/DEBUG] [net.minecraftforge.fml.loading.moddiscovery.ModFileParser/LOADING]: Considering mod file candidate /workspaces/RPG_minecraft/servidor_minecraft/mods/cobblemonrider-1.2.4.jar
[16Feb2026 16:57:32.901] [main/DEBUG] [net.minecraftforge.fml.loading.moddiscovery.ModFileInfo/LOADING]: Found valid mod file cobblemonrider-1.2.4.jar with {cobblemonrider} mods - versions {1.2.4}
[16Feb2026 16:57:32.901] [main/DEBUG] [net.minecraftforge.fml.loading.moddiscovery.ModFile/LOADING]: Loading mod file /workspaces/RPG_minecraft/servidor_minecraft/mods/cobblemonrider-1.2.4.jar with languages [LanguageSpec[languageName=javafml, acceptedVersions=[47,)]]
[16Feb2026 16:57:32.902] [main/DEBUG] [net.minecraftforge.fml.loading.moddiscovery.ModFileParser/LOADING]: Considering mod file candidate /workspaces/RPG_minecraft/servidor_minecraft/mods/Myths_and_Legends-1.6.1-forge.jar
[16Feb2026 16:57:32.902] [main/DEBUG] [net.minecraftforge.fml.loading.moddiscovery.ModFileInfo/LOADING]: Found valid mod file Myths_and_Legends-1.6.1-forge.jar with {mythsandlegends} mods - versions {1.6.1}
[16Feb2026 16:57:32.902] [main/DEBUG] [net.minecraftforge.fml.loading.moddiscovery.ModFile/LOADING]: Loading mod file /workspaces/RPG_minecraft/servidor_minecraft/mods/Myths_and_Legends-1.6.1-forge.jar with languages [LanguageSpec[languageName=javafml, acceptedVersions=[47,)]]
[16Feb2026 16:57:32.902] [main/DEBUG] [net.minecraftforge.fml.loading.moddiscovery.ModFileParser/LOADING]: Considering mod file candidate /workspaces/RPG_minecraft/servidor_minecraft/mods/BetterF3-7.0.2-Forge-1.20.1.jar
[16Feb2026 16:57:32.903] [main/DEBUG] [net.minecraftforge.fml.loading.moddiscovery.ModFileInfo/LOADING]: Found valid mod file BetterF3-7.0.2-Forge-1.20.1.jar with {betterf3} mods - versions {7.0.2}
[16Feb2026 16:57:32.903] [main/DEBUG] [net.minecraftforge.fml.loading.moddiscovery.ModFile/LOADING]: Loading mod file /workspaces/RPG_minecraft/servidor_minecraft/mods/BetterF3-7.0.2-Forge-1.20.1.jar with languages [LanguageSpec[languageName=javafml, acceptedVersions=[41,)]]
[16Feb2026 16:57:32.903] [main/DEBUG] [net.minecraftforge.fml.loading.moddiscovery.ModFileParser/LOADING]: Considering mod file candidate /workspaces/RPG_minecraft/servidor_minecraft/mods/cobblemon-unchained-1.5-forge-1.0.1.jar
[16Feb2026 16:57:32.903] [main/DEBUG] [net.minecraftforge.fml.loading.moddiscovery.ModFileInfo/LOADING]: Found valid mod file cobblemon-unchained-1.5-forge-1.0.1.jar with {unchained} mods - versions {1.5-forge-1.0.1}
[16Feb2026 16:57:32.904] [main/DEBUG] [net.minecraftforge.fml.loading.moddiscovery.ModFile/LOADING]: Loading mod file /workspaces/RPG_minecraft/servidor_minecraft/mods/cobblemon-unchained-1.5-forge-1.0.1.jar with languages [LanguageSpec[languageName=kotlinforforge, acceptedVersions=[4,)]]
[16Feb2026 16:57:32.904] [main/DEBUG] [net.minecraftforge.fml.loading.moddiscovery.ModFileParser/LOADING]: Considering mod file candidate /workspaces/RPG_minecraft/servidor_minecraft/mods/CobbleDollars-forge-1.5.2+1.20.1.jar
[16Feb2026 16:57:32.904] [main/DEBUG] [net.minecraftforge.fml.loading.moddiscovery.ModFileInfo/LOADING]: Found valid mod file CobbleDollars-forge-1.5.2+1.20.1.jar with {cobbledollars} mods - versions {1.5.2+1.20.1}
[16Feb2026 16:57:32.904] [main/DEBUG] [net.minecraftforge.fml.loading.moddiscovery.ModFile/LOADING]: Loading mod file /workspaces/RPG_minecraft/servidor_minecraft/mods/CobbleDollars-forge-1.5.2+1.20.1.jar with languages [LanguageSpec[languageName=kotlinforforge, acceptedVersions=[3,)]]
[16Feb2026 16:57:32.904] [main/DEBUG] [net.minecraftforge.fml.loading.moddiscovery.ModFile/LOADING]: Loading mod file  with languages []
[16Feb2026 16:57:32.904] [main/DEBUG] [net.minecraftforge.fml.loading.moddiscovery.ModFile/LOADING]: Loading mod file  with languages []
[16Feb2026 16:57:32.904] [main/DEBUG] [net.minecraftforge.fml.loading.moddiscovery.ModFile/LOADING]: Loading mod file  with languages []
[16Feb2026 16:57:32.905] [main/DEBUG] [net.minecraftforge.fml.loading.moddiscovery.ModFile/LOADING]: Loading mod file  with languages []
[16Feb2026 16:57:32.905] [main/DEBUG] [net.minecraftforge.fml.loading.moddiscovery.ModFile/LOADING]: Loading mod file  with languages []
[16Feb2026 16:57:32.905] [main/DEBUG] [net.minecraftforge.fml.loading.moddiscovery.ModFile/LOADING]: Loading mod file  with languages []
[16Feb2026 16:57:32.906] [main/DEBUG] [cpw.mods.modlauncher.TransformationServiceDecorator/MODLAUNCHER]: End scan trigger - transformation service fml
[16Feb2026 16:57:32.915] [main/DEBUG] [net.minecraftforge.fml.loading.LanguageLoadingProvider/CORE]: Found 4 language providers
[16Feb2026 16:57:32.916] [main/DEBUG] [net.minecraftforge.fml.loading.LanguageLoadingProvider/CORE]: Found language provider minecraft, version 1.0
[16Feb2026 16:57:32.916] [main/DEBUG] [net.minecraftforge.fml.loading.LanguageLoadingProvider/CORE]: Found language provider kotlinforforge, version 4.12.0
[16Feb2026 16:57:32.916] [main/DEBUG] [net.minecraftforge.fml.loading.LanguageLoadingProvider/CORE]: Found language provider javafml, version 47
[16Feb2026 16:57:32.916] [main/DEBUG] [net.minecraftforge.fml.loading.LanguageLoadingProvider/CORE]: Found language provider lowcodefml, version 47
[16Feb2026 16:57:32.920] [main/DEBUG] [net.minecraftforge.fml.loading.UniqueModListBuilder/]: Found 2 mods for first modid mixinextras.neoforge, selecting most recent based on version data
[16Feb2026 16:57:32.920] [main/DEBUG] [net.minecraftforge.fml.loading.UniqueModListBuilder/]: Selected file mixinextras-neoforge-0.5.0.jar for modid mixinextras.neoforge with version 0.0NONE
[16Feb2026 16:57:32.920] [main/DEBUG] [net.minecraftforge.fml.loading.UniqueModListBuilder/]: Found 2 mods for first modid toml4j, selecting most recent based on version data
[16Feb2026 16:57:32.921] [main/DEBUG] [net.minecraftforge.fml.loading.UniqueModListBuilder/]: Selected file toml4j-0.7.2.jar for modid toml4j with version 0.0NONE
[16Feb2026 16:57:32.921] [main/DEBUG] [net.minecraftforge.fml.loading.UniqueModListBuilder/]: Found 2 mods for first modid thedarkcolour.kotlinforforge.kfflib, selecting most recent based on version data
[16Feb2026 16:57:32.921] [main/DEBUG] [net.minecraftforge.fml.loading.UniqueModListBuilder/]: Selected file kfflib-4.12.0.jar for modid thedarkcolour.kotlinforforge.kfflib with version 4.12.0
[16Feb2026 16:57:32.922] [main/DEBUG] [net.minecraftforge.fml.loading.ModSorter/]: Configured system mods: [minecraft, forge]
[16Feb2026 16:57:32.922] [main/DEBUG] [net.minecraftforge.fml.loading.ModSorter/]: Found system mod: minecraft
[16Feb2026 16:57:32.922] [main/DEBUG] [net.minecraftforge.fml.loading.ModSorter/]: Found system mod: forge
[16Feb2026 16:57:32.924] [main/DEBUG] [net.minecraftforge.fml.loading.ModSorter/LOADING]: Found 135 mod requirements (133 mandatory, 2 optional)
[16Feb2026 16:57:32.925] [main/DEBUG] [net.minecraftforge.fml.loading.ModSorter/LOADING]: Found 0 mod requirements missing (0 mandatory, 0 optional)
[16Feb2026 16:57:33.335] [main/DEBUG] [cpw.mods.modlauncher.TransformationServicesHandler/MODLAUNCHER]: Transformation services loading transformers
[16Feb2026 16:57:33.335] [main/DEBUG] [cpw.mods.modlauncher.TransformationServiceDecorator/MODLAUNCHER]: Initializing transformers for transformation service mixin
[16Feb2026 16:57:33.336] [main/DEBUG] [cpw.mods.modlauncher.TransformationServiceDecorator/MODLAUNCHER]: Initialized transformers for transformation service mixin
[16Feb2026 16:57:33.336] [main/DEBUG] [cpw.mods.modlauncher.TransformationServiceDecorator/MODLAUNCHER]: Initializing transformers for transformation service fml
[16Feb2026 16:57:33.336] [main/DEBUG] [net.minecraftforge.fml.loading.FMLServiceProvider/CORE]: Loading coremod transformers
[16Feb2026 16:57:33.336] [main/DEBUG] [net.minecraftforge.coremod.CoreModEngine/COREMOD]: Loading CoreMod from potion-effects-shift.js
[16Feb2026 16:57:33.548] [main/DEBUG] [net.minecraftforge.coremod.CoreModEngine/COREMOD]: CoreMod loaded successfully
[16Feb2026 16:57:33.548] [main/DEBUG] [net.minecraftforge.coremod.CoreModEngine/COREMOD]: Loading CoreMod from coremods/field_to_method.js
[16Feb2026 16:57:33.575] [main/DEBUG] [net.minecraftforge.coremod.CoreModEngine/COREMOD]: CoreMod loaded successfully
[16Feb2026 16:57:33.575] [main/DEBUG] [net.minecraftforge.coremod.CoreModEngine/COREMOD]: Loading CoreMod from coremods/field_to_instanceof.js
[16Feb2026 16:57:33.605] [main/DEBUG] [net.minecraftforge.coremod.CoreModEngine/COREMOD]: CoreMod loaded successfully
[16Feb2026 16:57:33.606] [main/DEBUG] [net.minecraftforge.coremod.CoreModEngine/COREMOD]: Loading CoreMod from coremods/add_bouncer_method.js
[16Feb2026 16:57:33.638] [main/DEBUG] [net.minecraftforge.coremod.CoreModEngine/COREMOD]: CoreMod loaded successfully
[16Feb2026 16:57:33.638] [main/DEBUG] [net.minecraftforge.coremod.CoreModEngine/COREMOD]: Loading CoreMod from coremods/method_redirector.js
[16Feb2026 16:57:33.693] [main/DEBUG] [net.minecraftforge.coremod.CoreModEngine/COREMOD]: CoreMod loaded successfully
[16Feb2026 16:57:33.702] [main/DEBUG] [cpw.mods.modlauncher.TransformStore/MODLAUNCHER]: Adding transformer net.minecraftforge.coremod.transformer.CoreModClassTransformer@5b5ac798 to Target : CLASS {Lnet/minecraft/world/level/biome/Biome;} {} {V}
[16Feb2026 16:57:33.703] [main/DEBUG] [cpw.mods.modlauncher.TransformStore/MODLAUNCHER]: Adding transformer net.minecraftforge.coremod.transformer.CoreModClassTransformer@3625a016 to Target : CLASS {Lnet/minecraft/world/level/levelgen/structure/Structure;} {} {V}
[16Feb2026 16:57:33.703] [main/DEBUG] [cpw.mods.modlauncher.TransformStore/MODLAUNCHER]: Adding transformer net.minecraftforge.coremod.transformer.CoreModClassTransformer@267cde2e to Target : CLASS {Lnet/minecraft/world/effect/MobEffectInstance;} {} {V}
[16Feb2026 16:57:33.703] [main/DEBUG] [cpw.mods.modlauncher.TransformStore/MODLAUNCHER]: Adding transformer net.minecraftforge.coremod.transformer.CoreModClassTransformer@609e57da to Target : CLASS {Lnet/minecraft/world/level/block/LiquidBlock;} {} {V}
[16Feb2026 16:57:33.703] [main/DEBUG] [cpw.mods.modlauncher.TransformStore/MODLAUNCHER]: Adding transformer net.minecraftforge.coremod.transformer.CoreModClassTransformer@56dd6efa to Target : CLASS {Lnet/minecraft/world/item/BucketItem;} {} {V}
[16Feb2026 16:57:33.704] [main/DEBUG] [cpw.mods.modlauncher.TransformStore/MODLAUNCHER]: Adding transformer net.minecraftforge.coremod.transformer.CoreModClassTransformer@4d634127 to Target : CLASS {Lnet/minecraft/world/level/block/StairBlock;} {} {V}
[16Feb2026 16:57:33.704] [main/DEBUG] [cpw.mods.modlauncher.TransformStore/MODLAUNCHER]: Adding transformer net.minecraftforge.coremod.transformer.CoreModClassTransformer@d2e6b0b to Target : CLASS {Lnet/minecraft/world/level/block/FlowerPotBlock;} {} {V}
[16Feb2026 16:57:33.704] [main/DEBUG] [cpw.mods.modlauncher.TransformStore/MODLAUNCHER]: Adding transformer net.minecraftforge.coremod.transformer.CoreModClassTransformer@1f1cddf3 to Target : CLASS {Lnet/minecraft/world/item/ItemStack;} {} {V}
[16Feb2026 16:57:33.704] [main/DEBUG] [cpw.mods.modlauncher.TransformStore/MODLAUNCHER]: Adding transformer net.minecraftforge.coremod.transformer.CoreModClassTransformer@228bda54 to Target : CLASS {Lnet/minecraft/network/play/client/CClientSettingsPacket;} {} {V}
[16Feb2026 16:57:33.704] [main/DEBUG] [cpw.mods.modlauncher.TransformStore/MODLAUNCHER]: Adding transformer net.minecraftforge.coremod.transformer.CoreModClassTransformer@75b6dd5b to Target : CLASS {Lnet/minecraft/server/commands/RaidCommand;} {} {V}
[16Feb2026 16:57:33.704] [main/DEBUG] [cpw.mods.modlauncher.TransformStore/MODLAUNCHER]: Adding transformer net.minecraftforge.coremod.transformer.CoreModClassTransformer@75b6dd5b to Target : CLASS {Lnet/minecraft/world/level/levelgen/structure/structures/OceanRuinPieces$OceanRuinPiece;} {} {V}
[16Feb2026 16:57:33.704] [main/DEBUG] [cpw.mods.modlauncher.TransformStore/MODLAUNCHER]: Adding transformer net.minecraftforge.coremod.transformer.CoreModClassTransformer@75b6dd5b to Target : CLASS {Lnet/minecraft/world/level/levelgen/structure/structures/WoodlandMansionPieces$WoodlandMansionPiece;} {} {V}
[16Feb2026 16:57:33.705] [main/DEBUG] [cpw.mods.modlauncher.TransformStore/MODLAUNCHER]: Adding transformer net.minecraftforge.coremod.transformer.CoreModClassTransformer@75b6dd5b to Target : CLASS {Lnet/minecraft/world/entity/monster/Evoker$EvokerSummonSpellGoal;} {} {V}
[16Feb2026 16:57:33.705] [main/DEBUG] [cpw.mods.modlauncher.TransformStore/MODLAUNCHER]: Adding transformer net.minecraftforge.coremod.transformer.CoreModClassTransformer@75b6dd5b to Target : CLASS {Lnet/minecraft/world/entity/EntityType;} {} {V}
[16Feb2026 16:57:33.705] [main/DEBUG] [cpw.mods.modlauncher.TransformStore/MODLAUNCHER]: Adding transformer net.minecraftforge.coremod.transformer.CoreModClassTransformer@75b6dd5b to Target : CLASS {Lnet/minecraft/world/entity/npc/Villager;} {} {V}
[16Feb2026 16:57:33.705] [main/DEBUG] [cpw.mods.modlauncher.TransformStore/MODLAUNCHER]: Adding transformer net.minecraftforge.coremod.transformer.CoreModClassTransformer@75b6dd5b to Target : CLASS {Lnet/minecraft/world/level/levelgen/structure/structures/OceanMonumentPieces$OceanMonumentPiece;} {} {V}
[16Feb2026 16:57:33.705] [main/DEBUG] [cpw.mods.modlauncher.TransformStore/MODLAUNCHER]: Adding transformer net.minecraftforge.coremod.transformer.CoreModClassTransformer@75b6dd5b to Target : CLASS {Lnet/minecraft/world/entity/ai/village/VillageSiege;} {} {V}
[16Feb2026 16:57:33.705] [main/DEBUG] [cpw.mods.modlauncher.TransformStore/MODLAUNCHER]: Adding transformer net.minecraftforge.coremod.transformer.CoreModClassTransformer@75b6dd5b to Target : CLASS {Lnet/minecraft/world/entity/monster/Strider;} {} {V}
[16Feb2026 16:57:33.705] [main/DEBUG] [cpw.mods.modlauncher.TransformStore/MODLAUNCHER]: Adding transformer net.minecraftforge.coremod.transformer.CoreModClassTransformer@75b6dd5b to Target : CLASS {Lnet/minecraft/world/entity/npc/CatSpawner;} {} {V}
[16Feb2026 16:57:33.705] [main/DEBUG] [cpw.mods.modlauncher.TransformStore/MODLAUNCHER]: Adding transformer net.minecraftforge.coremod.transformer.CoreModClassTransformer@75b6dd5b to Target : CLASS {Lnet/minecraft/world/level/levelgen/PhantomSpawner;} {} {V}
[16Feb2026 16:57:33.705] [main/DEBUG] [cpw.mods.modlauncher.TransformStore/MODLAUNCHER]: Adding transformer net.minecraftforge.coremod.transformer.CoreModClassTransformer@75b6dd5b to Target : CLASS {Lnet/minecraft/world/entity/monster/Zombie;} {} {V}
[16Feb2026 16:57:33.706] [main/DEBUG] [cpw.mods.modlauncher.TransformStore/MODLAUNCHER]: Adding transformer net.minecraftforge.coremod.transformer.CoreModClassTransformer@75b6dd5b to Target : CLASS {Lnet/minecraft/world/entity/raid/Raid;} {} {V}
[16Feb2026 16:57:33.706] [main/DEBUG] [cpw.mods.modlauncher.TransformStore/MODLAUNCHER]: Adding transformer net.minecraftforge.coremod.transformer.CoreModClassTransformer@75b6dd5b to Target : CLASS {Lnet/minecraft/world/level/levelgen/PatrolSpawner;} {} {V}
[16Feb2026 16:57:33.706] [main/DEBUG] [cpw.mods.modlauncher.TransformStore/MODLAUNCHER]: Adding transformer net.minecraftforge.coremod.transformer.CoreModClassTransformer@75b6dd5b to Target : CLASS {Lnet/minecraft/world/entity/animal/frog/Tadpole;} {} {V}
[16Feb2026 16:57:33.706] [main/DEBUG] [cpw.mods.modlauncher.TransformStore/MODLAUNCHER]: Adding transformer net.minecraftforge.coremod.transformer.CoreModClassTransformer@75b6dd5b to Target : CLASS {Lnet/minecraft/world/level/NaturalSpawner;} {} {V}
[16Feb2026 16:57:33.706] [main/DEBUG] [cpw.mods.modlauncher.TransformStore/MODLAUNCHER]: Adding transformer net.minecraftforge.coremod.transformer.CoreModClassTransformer@75b6dd5b to Target : CLASS {Lnet/minecraft/world/level/levelgen/structure/structures/SwampHutPiece;} {} {V}
[16Feb2026 16:57:33.706] [main/DEBUG] [cpw.mods.modlauncher.TransformStore/MODLAUNCHER]: Adding transformer net.minecraftforge.coremod.transformer.CoreModClassTransformer@75b6dd5b to Target : CLASS {Lnet/minecraft/world/level/levelgen/structure/templatesystem/StructureTemplate;} {} {V}
[16Feb2026 16:57:33.706] [main/DEBUG] [cpw.mods.modlauncher.TransformStore/MODLAUNCHER]: Adding transformer net.minecraftforge.coremod.transformer.CoreModClassTransformer@75b6dd5b to Target : CLASS {Lnet/minecraft/world/entity/monster/ZombieVillager;} {} {V}
[16Feb2026 16:57:33.706] [main/DEBUG] [cpw.mods.modlauncher.TransformStore/MODLAUNCHER]: Adding transformer net.minecraftforge.coremod.transformer.CoreModClassTransformer@75b6dd5b to Target : CLASS {Lnet/minecraft/server/commands/SummonCommand;} {} {V}
[16Feb2026 16:57:33.706] [main/DEBUG] [cpw.mods.modlauncher.TransformStore/MODLAUNCHER]: Adding transformer net.minecraftforge.coremod.transformer.CoreModClassTransformer@75b6dd5b to Target : CLASS {Lnet/minecraft/world/entity/monster/Spider;} {} {V}
[16Feb2026 16:57:33.706] [main/DEBUG] [cpw.mods.modlauncher.TransformStore/MODLAUNCHER]: Adding transformer net.minecraftforge.coremod.transformer.CoreModClassTransformer@75b6dd5b to Target : CLASS {Lnet/minecraft/world/entity/animal/horse/SkeletonTrapGoal;} {} {V}
[16Feb2026 16:57:33.707] [main/DEBUG] [cpw.mods.modlauncher.TransformStore/MODLAUNCHER]: Adding transformer net.minecraftforge.coremod.transformer.CoreModMethodTransformer@72b43104 to Target : METHOD {Lnet/minecraft/client/gui/Gui;} {m_93028_} {(Lcom/mojang/blaze3d/vertex/PoseStack;)V}
[16Feb2026 16:57:33.707] [main/DEBUG] [cpw.mods.modlauncher.TransformationServiceDecorator/MODLAUNCHER]: Initialized transformers for transformation service fml
[16Feb2026 16:57:35.428] [main/DEBUG] [mixin/]: Processing prepare() for PlatformAgent[MixinPlatformAgentDefault:ModLauncher Root Container(ModLauncher:4f56a0a2)]
[16Feb2026 16:57:35.428] [main/DEBUG] [mixin/]: Processing launch tasks for PlatformAgent[MixinPlatformAgentDefault:ModLauncher Root Container(ModLauncher:4f56a0a2)]
[16Feb2026 16:57:35.428] [main/DEBUG] [mixin/]: Adding mixin platform agents for container SecureJarResource(fossiltweaks)
[16Feb2026 16:57:35.429] [main/DEBUG] [mixin/]: Instancing new MixinPlatformAgentMinecraftForge for SecureJarResource(fossiltweaks)
[16Feb2026 16:57:35.429] [main/DEBUG] [mixin/]: MixinPlatformAgentMinecraftForge rejected container SecureJarResource(fossiltweaks)
[16Feb2026 16:57:35.429] [main/DEBUG] [mixin/]: Instancing new MixinPlatformAgentDefault for SecureJarResource(fossiltweaks)
[16Feb2026 16:57:35.430] [main/DEBUG] [mixin/]: MixinPlatformAgentDefault accepted container SecureJarResource(fossiltweaks)
[16Feb2026 16:57:35.430] [main/DEBUG] [mixin/]: Processing prepare() for PlatformAgent[MixinPlatformAgentDefault:SecureJarResource(fossiltweaks)]
[16Feb2026 16:57:35.430] [main/DEBUG] [mixin/]: Registering mixin config: mixins.fossiltweaks.json
[16Feb2026 16:57:35.447] [main/DEBUG] [mixin/]: Compatibility level JAVA_8 specified by mixins.fossiltweaks.json is lower than the default level supported by the current mixin service (JAVA_16).
[16Feb2026 16:57:35.449] [main/DEBUG] [mixin/]: Adding mixin platform agents for container SecureJarResource(beautify)
[16Feb2026 16:57:35.449] [main/DEBUG] [mixin/]: Instancing new MixinPlatformAgentMinecraftForge for SecureJarResource(beautify)
[16Feb2026 16:57:35.449] [main/DEBUG] [mixin/]: MixinPlatformAgentMinecraftForge rejected container SecureJarResource(beautify)
[16Feb2026 16:57:35.449] [main/DEBUG] [mixin/]: Instancing new MixinPlatformAgentDefault for SecureJarResource(beautify)
[16Feb2026 16:57:35.449] [main/DEBUG] [mixin/]: MixinPlatformAgentDefault accepted container SecureJarResource(beautify)
[16Feb2026 16:57:35.449] [main/DEBUG] [mixin/]: Processing prepare() for PlatformAgent[MixinPlatformAgentDefault:SecureJarResource(beautify)]
[16Feb2026 16:57:35.449] [main/DEBUG] [mixin/]: Adding mixin platform agents for container SecureJarResource(jei)
[16Feb2026 16:57:35.449] [main/DEBUG] [mixin/]: Instancing new MixinPlatformAgentMinecraftForge for SecureJarResource(jei)
[16Feb2026 16:57:35.450] [main/DEBUG] [mixin/]: MixinPlatformAgentMinecraftForge rejected container SecureJarResource(jei)
[16Feb2026 16:57:35.450] [main/DEBUG] [mixin/]: Instancing new MixinPlatformAgentDefault for SecureJarResource(jei)
[16Feb2026 16:57:35.450] [main/DEBUG] [mixin/]: MixinPlatformAgentDefault accepted container SecureJarResource(jei)
[16Feb2026 16:57:35.450] [main/DEBUG] [mixin/]: Processing prepare() for PlatformAgent[MixinPlatformAgentDefault:SecureJarResource(jei)]
[16Feb2026 16:57:35.450] [main/DEBUG] [mixin/]: Adding mixin platform agents for container SecureJarResource(cobblemon_quests)
[16Feb2026 16:57:35.450] [main/DEBUG] [mixin/]: Instancing new MixinPlatformAgentMinecraftForge for SecureJarResource(cobblemon_quests)
[16Feb2026 16:57:35.450] [main/DEBUG] [mixin/]: MixinPlatformAgentMinecraftForge rejected container SecureJarResource(cobblemon_quests)
[16Feb2026 16:57:35.450] [main/DEBUG] [mixin/]: Instancing new MixinPlatformAgentDefault for SecureJarResource(cobblemon_quests)
[16Feb2026 16:57:35.450] [main/DEBUG] [mixin/]: MixinPlatformAgentDefault accepted container SecureJarResource(cobblemon_quests)
[16Feb2026 16:57:35.450] [main/DEBUG] [mixin/]: Processing prepare() for PlatformAgent[MixinPlatformAgentDefault:SecureJarResource(cobblemon_quests)]
[16Feb2026 16:57:35.450] [main/DEBUG] [mixin/]: Registering mixin config: cobblemon_quests-common.mixins.json
[16Feb2026 16:57:35.453] [main/DEBUG] [mixin/]: Compatibility level JAVA_17 specified by cobblemon_quests-common.mixins.json is higher than the maximum level supported by this version of mixin (JAVA_13).
[16Feb2026 16:57:35.458] [main/INFO] [mixin/]: Compatibility level set to JAVA_17
[16Feb2026 16:57:35.458] [main/DEBUG] [mixin/]: Adding mixin platform agents for container SecureJarResource(cobbled_counter)
[16Feb2026 16:57:35.458] [main/DEBUG] [mixin/]: Instancing new MixinPlatformAgentMinecraftForge for SecureJarResource(cobbled_counter)
[16Feb2026 16:57:35.458] [main/DEBUG] [mixin/]: MixinPlatformAgentMinecraftForge rejected container SecureJarResource(cobbled_counter)
[16Feb2026 16:57:35.459] [main/DEBUG] [mixin/]: Instancing new MixinPlatformAgentDefault for SecureJarResource(cobbled_counter)
[16Feb2026 16:57:35.459] [main/DEBUG] [mixin/]: MixinPlatformAgentDefault accepted container SecureJarResource(cobbled_counter)
[16Feb2026 16:57:35.459] [main/DEBUG] [mixin/]: Processing prepare() for PlatformAgent[MixinPlatformAgentDefault:SecureJarResource(cobbled_counter)]
[16Feb2026 16:57:35.459] [main/DEBUG] [mixin/]: Adding mixin platform agents for container SecureJarResource(journeymap)
[16Feb2026 16:57:35.459] [main/DEBUG] [mixin/]: Instancing new MixinPlatformAgentMinecraftForge for SecureJarResource(journeymap)
[16Feb2026 16:57:35.459] [main/DEBUG] [mixin/]: MixinPlatformAgentMinecraftForge rejected container SecureJarResource(journeymap)
[16Feb2026 16:57:35.459] [main/DEBUG] [mixin/]: Instancing new MixinPlatformAgentDefault for SecureJarResource(journeymap)
[16Feb2026 16:57:35.459] [main/DEBUG] [mixin/]: MixinPlatformAgentDefault accepted container SecureJarResource(journeymap)
[16Feb2026 16:57:35.459] [main/DEBUG] [mixin/]: Processing prepare() for PlatformAgent[MixinPlatformAgentDefault:SecureJarResource(journeymap)]
[16Feb2026 16:57:35.459] [main/DEBUG] [mixin/]: Registering mixin config: journeymap.mixins.json
[16Feb2026 16:57:35.462] [main/DEBUG] [mixin/]: Adding mixin platform agents for container SecureJarResource(citadel)
[16Feb2026 16:57:35.462] [main/DEBUG] [mixin/]: Instancing new MixinPlatformAgentMinecraftForge for SecureJarResource(citadel)
[16Feb2026 16:57:35.462] [main/DEBUG] [mixin/]: MixinPlatformAgentMinecraftForge rejected container SecureJarResource(citadel)
[16Feb2026 16:57:35.462] [main/DEBUG] [mixin/]: Instancing new MixinPlatformAgentDefault for SecureJarResource(citadel)
[16Feb2026 16:57:35.462] [main/DEBUG] [mixin/]: MixinPlatformAgentDefault accepted container SecureJarResource(citadel)
[16Feb2026 16:57:35.462] [main/DEBUG] [mixin/]: Processing prepare() for PlatformAgent[MixinPlatformAgentDefault:SecureJarResource(citadel)]
[16Feb2026 16:57:35.463] [main/DEBUG] [mixin/]: Registering mixin config: citadel.mixins.json
[16Feb2026 16:57:35.465] [main/DEBUG] [mixin/]: Adding mixin platform agents for container SecureJarResource(tmtcop)
[16Feb2026 16:57:35.466] [main/DEBUG] [mixin/]: Instancing new MixinPlatformAgentMinecraftForge for SecureJarResource(tmtcop)
[16Feb2026 16:57:35.466] [main/DEBUG] [mixin/]: MixinPlatformAgentMinecraftForge rejected container SecureJarResource(tmtcop)
[16Feb2026 16:57:35.466] [main/DEBUG] [mixin/]: Instancing new MixinPlatformAgentDefault for SecureJarResource(tmtcop)
[16Feb2026 16:57:35.466] [main/DEBUG] [mixin/]: MixinPlatformAgentDefault accepted container SecureJarResource(tmtcop)
[16Feb2026 16:57:35.467] [main/DEBUG] [mixin/]: Processing prepare() for PlatformAgent[MixinPlatformAgentDefault:SecureJarResource(tmtcop)]
[16Feb2026 16:57:35.467] [main/DEBUG] [mixin/]: Adding mixin platform agents for container SecureJarResource(glitchcore)
[16Feb2026 16:57:35.467] [main/DEBUG] [mixin/]: Instancing new MixinPlatformAgentMinecraftForge for SecureJarResource(glitchcore)
[16Feb2026 16:57:35.467] [main/DEBUG] [mixin/]: MixinPlatformAgentMinecraftForge rejected container SecureJarResource(glitchcore)
[16Feb2026 16:57:35.469] [main/DEBUG] [mixin/]: Instancing new MixinPlatformAgentDefault for SecureJarResource(glitchcore)
[16Feb2026 16:57:35.469] [main/DEBUG] [mixin/]: MixinPlatformAgentDefault accepted container SecureJarResource(glitchcore)
[16Feb2026 16:57:35.469] [main/DEBUG] [mixin/]: Processing prepare() for PlatformAgent[MixinPlatformAgentDefault:SecureJarResource(glitchcore)]
[16Feb2026 16:57:35.469] [main/DEBUG] [mixin/]: Registering mixin config: glitchcore.mixins.json
[16Feb2026 16:57:35.472] [main/DEBUG] [mixin/]: Registering mixin config: glitchcore.forge.mixins.json
[16Feb2026 16:57:35.474] [main/DEBUG] [mixin/]: Adding mixin platform agents for container SecureJarResource(cobblemonoutbreaks)
[16Feb2026 16:57:35.474] [main/DEBUG] [mixin/]: Instancing new MixinPlatformAgentMinecraftForge for SecureJarResource(cobblemonoutbreaks)
[16Feb2026 16:57:35.474] [main/DEBUG] [mixin/]: MixinPlatformAgentMinecraftForge rejected container SecureJarResource(cobblemonoutbreaks)
[16Feb2026 16:57:35.475] [main/DEBUG] [mixin/]: Instancing new MixinPlatformAgentDefault for SecureJarResource(cobblemonoutbreaks)
[16Feb2026 16:57:35.475] [main/DEBUG] [mixin/]: MixinPlatformAgentDefault accepted container SecureJarResource(cobblemonoutbreaks)
[16Feb2026 16:57:35.475] [main/DEBUG] [mixin/]: Processing prepare() for PlatformAgent[MixinPlatformAgentDefault:SecureJarResource(cobblemonoutbreaks)]
[16Feb2026 16:57:35.475] [main/DEBUG] [mixin/]: Adding mixin platform agents for container SecureJarResource(midnightlib)
[16Feb2026 16:57:35.475] [main/DEBUG] [mixin/]: Instancing new MixinPlatformAgentMinecraftForge for SecureJarResource(midnightlib)
[16Feb2026 16:57:35.475] [main/DEBUG] [mixin/]: MixinPlatformAgentMinecraftForge rejected container SecureJarResource(midnightlib)
[16Feb2026 16:57:35.476] [main/DEBUG] [mixin/]: Instancing new MixinPlatformAgentDefault for SecureJarResource(midnightlib)
[16Feb2026 16:57:35.476] [main/DEBUG] [mixin/]: MixinPlatformAgentDefault accepted container SecureJarResource(midnightlib)
[16Feb2026 16:57:35.476] [main/DEBUG] [mixin/]: Processing prepare() for PlatformAgent[MixinPlatformAgentDefault:SecureJarResource(midnightlib)]
[16Feb2026 16:57:35.476] [main/DEBUG] [mixin/]: Registering mixin config: midnightlib.mixins.json
[16Feb2026 16:57:35.478] [main/DEBUG] [mixin/]: Adding mixin platform agents for container SecureJarResource(spawn_notification)
[16Feb2026 16:57:35.478] [main/DEBUG] [mixin/]: Instancing new MixinPlatformAgentMinecraftForge for SecureJarResource(spawn_notification)
[16Feb2026 16:57:35.478] [main/DEBUG] [mixin/]: MixinPlatformAgentMinecraftForge rejected container SecureJarResource(spawn_notification)
[16Feb2026 16:57:35.478] [main/DEBUG] [mixin/]: Instancing new MixinPlatformAgentDefault for SecureJarResource(spawn_notification)
[16Feb2026 16:57:35.479] [main/DEBUG] [mixin/]: MixinPlatformAgentDefault accepted container SecureJarResource(spawn_notification)
[16Feb2026 16:57:35.479] [main/DEBUG] [mixin/]: Processing prepare() for PlatformAgent[MixinPlatformAgentDefault:SecureJarResource(spawn_notification)]
[16Feb2026 16:57:35.479] [main/DEBUG] [mixin/]: Adding mixin platform agents for container SecureJarResource(unimplemented_items)
[16Feb2026 16:57:35.479] [main/DEBUG] [mixin/]: Instancing new MixinPlatformAgentMinecraftForge for SecureJarResource(unimplemented_items)
[16Feb2026 16:57:35.479] [main/DEBUG] [mixin/]: MixinPlatformAgentMinecraftForge rejected container SecureJarResource(unimplemented_items)
[16Feb2026 16:57:35.479] [main/DEBUG] [mixin/]: Instancing new MixinPlatformAgentDefault for SecureJarResource(unimplemented_items)
[16Feb2026 16:57:35.479] [main/DEBUG] [mixin/]: MixinPlatformAgentDefault accepted container SecureJarResource(unimplemented_items)
[16Feb2026 16:57:35.479] [main/DEBUG] [mixin/]: Processing prepare() for PlatformAgent[MixinPlatformAgentDefault:SecureJarResource(unimplemented_items)]
[16Feb2026 16:57:35.479] [main/DEBUG] [mixin/]: Adding mixin platform agents for container SecureJarResource(gravels_extended_battles)
[16Feb2026 16:57:35.479] [main/DEBUG] [mixin/]: Instancing new MixinPlatformAgentMinecraftForge for SecureJarResource(gravels_extended_battles)
[16Feb2026 16:57:35.480] [main/DEBUG] [mixin/]: MixinPlatformAgentMinecraftForge rejected container SecureJarResource(gravels_extended_battles)
[16Feb2026 16:57:35.480] [main/DEBUG] [mixin/]: Instancing new MixinPlatformAgentDefault for SecureJarResource(gravels_extended_battles)
[16Feb2026 16:57:35.480] [main/DEBUG] [mixin/]: MixinPlatformAgentDefault accepted container SecureJarResource(gravels_extended_battles)
[16Feb2026 16:57:35.480] [main/DEBUG] [mixin/]: Processing prepare() for PlatformAgent[MixinPlatformAgentDefault:SecureJarResource(gravels_extended_battles)]
[16Feb2026 16:57:35.480] [main/DEBUG] [mixin/]: Registering mixin config: gravels_extended_battles_forge.mixins.json
[16Feb2026 16:57:35.482] [main/DEBUG] [mixin/]: Registering mixin config: gravels_extended_battles_common.mixins.json
[16Feb2026 16:57:35.484] [main/DEBUG] [mixin/]: Adding mixin platform agents for container SecureJarResource(cameraoverhaul)
[16Feb2026 16:57:35.484] [main/DEBUG] [mixin/]: Instancing new MixinPlatformAgentMinecraftForge for SecureJarResource(cameraoverhaul)
[16Feb2026 16:57:35.485] [main/DEBUG] [mixin/]: MixinPlatformAgentMinecraftForge rejected container SecureJarResource(cameraoverhaul)
[16Feb2026 16:57:35.485] [main/DEBUG] [mixin/]: Instancing new MixinPlatformAgentDefault for SecureJarResource(cameraoverhaul)
[16Feb2026 16:57:35.485] [main/DEBUG] [mixin/]: MixinPlatformAgentDefault accepted container SecureJarResource(cameraoverhaul)
[16Feb2026 16:57:35.485] [main/DEBUG] [mixin/]: Processing prepare() for PlatformAgent[MixinPlatformAgentDefault:SecureJarResource(cameraoverhaul)]
[16Feb2026 16:57:35.485] [main/DEBUG] [mixin/]: Registering mixin config: cameraoverhaul.mixins.json
[16Feb2026 16:57:35.487] [main/DEBUG] [mixin/]: Compatibility level JAVA_8 specified by cameraoverhaul.mixins.json is lower than the default level supported by the current mixin service (JAVA_16).
[16Feb2026 16:57:35.488] [main/ERROR] [mixin/]: Mixin config cameraoverhaul.mixins.json does not specify "minVersion" property
[16Feb2026 16:57:35.488] [main/DEBUG] [mixin/]: Adding mixin platform agents for container SecureJarResource(cloth_config)
[16Feb2026 16:57:35.488] [main/DEBUG] [mixin/]: Instancing new MixinPlatformAgentMinecraftForge for SecureJarResource(cloth_config)
[16Feb2026 16:57:35.488] [main/DEBUG] [mixin/]: MixinPlatformAgentMinecraftForge rejected container SecureJarResource(cloth_config)
[16Feb2026 16:57:35.489] [main/DEBUG] [mixin/]: Instancing new MixinPlatformAgentDefault for SecureJarResource(cloth_config)
[16Feb2026 16:57:35.489] [main/DEBUG] [mixin/]: MixinPlatformAgentDefault accepted container SecureJarResource(cloth_config)
[16Feb2026 16:57:35.489] [main/DEBUG] [mixin/]: Processing prepare() for PlatformAgent[MixinPlatformAgentDefault:SecureJarResource(cloth_config)]
[16Feb2026 16:57:35.489] [main/DEBUG] [mixin/]: Adding mixin platform agents for container SecureJarResource(forge)
[16Feb2026 16:57:35.489] [main/DEBUG] [mixin/]: Instancing new MixinPlatformAgentMinecraftForge for SecureJarResource(forge)
[16Feb2026 16:57:35.490] [main/DEBUG] [mixin/]: MixinPlatformAgentMinecraftForge rejected container SecureJarResource(forge)
[16Feb2026 16:57:35.490] [main/DEBUG] [mixin/]: Instancing new MixinPlatformAgentDefault for SecureJarResource(forge)
[16Feb2026 16:57:35.490] [main/DEBUG] [mixin/]: MixinPlatformAgentDefault accepted container SecureJarResource(forge)
[16Feb2026 16:57:35.490] [main/DEBUG] [mixin/]: Processing prepare() for PlatformAgent[MixinPlatformAgentDefault:SecureJarResource(forge)]
[16Feb2026 16:57:35.490] [main/DEBUG] [mixin/]: Adding mixin platform agents for container SecureJarResource(athena)
[16Feb2026 16:57:35.490] [main/DEBUG] [mixin/]: Instancing new MixinPlatformAgentMinecraftForge for SecureJarResource(athena)
[16Feb2026 16:57:35.490] [main/DEBUG] [mixin/]: MixinPlatformAgentMinecraftForge rejected container SecureJarResource(athena)
[16Feb2026 16:57:35.490] [main/DEBUG] [mixin/]: Instancing new MixinPlatformAgentDefault for SecureJarResource(athena)
[16Feb2026 16:57:35.490] [main/DEBUG] [mixin/]: MixinPlatformAgentDefault accepted container SecureJarResource(athena)
[16Feb2026 16:57:35.490] [main/DEBUG] [mixin/]: Processing prepare() for PlatformAgent[MixinPlatformAgentDefault:SecureJarResource(athena)]
[16Feb2026 16:57:35.491] [main/DEBUG] [mixin/]: Registering mixin config: athena.mixins.json
[16Feb2026 16:57:35.495] [main/DEBUG] [mixin/]: Registering mixin config: athena-forge.mixins.json
[16Feb2026 16:57:35.498] [main/DEBUG] [mixin/]: Adding mixin platform agents for container SecureJarResource(cobblemon_alatia)
[16Feb2026 16:57:35.498] [main/DEBUG] [mixin/]: Instancing new MixinPlatformAgentMinecraftForge for SecureJarResource(cobblemon_alatia)
[16Feb2026 16:57:35.499] [main/DEBUG] [mixin/]: MixinPlatformAgentMinecraftForge rejected container SecureJarResource(cobblemon_alatia)
[16Feb2026 16:57:35.499] [main/DEBUG] [mixin/]: Instancing new MixinPlatformAgentDefault for SecureJarResource(cobblemon_alatia)
[16Feb2026 16:57:35.499] [main/DEBUG] [mixin/]: MixinPlatformAgentDefault accepted container SecureJarResource(cobblemon_alatia)
[16Feb2026 16:57:35.499] [main/DEBUG] [mixin/]: Processing prepare() for PlatformAgent[MixinPlatformAgentDefault:SecureJarResource(cobblemon_alatia)]
[16Feb2026 16:57:35.500] [main/DEBUG] [mixin/]: Adding mixin platform agents for container SecureJarResource(minecraft)
[16Feb2026 16:57:35.501] [main/DEBUG] [mixin/]: Instancing new MixinPlatformAgentMinecraftForge for SecureJarResource(minecraft)
[16Feb2026 16:57:35.501] [main/DEBUG] [mixin/]: MixinPlatformAgentMinecraftForge rejected container SecureJarResource(minecraft)
[16Feb2026 16:57:35.501] [main/DEBUG] [mixin/]: Instancing new MixinPlatformAgentDefault for SecureJarResource(minecraft)
[16Feb2026 16:57:35.501] [main/DEBUG] [mixin/]: MixinPlatformAgentDefault accepted container SecureJarResource(minecraft)
[16Feb2026 16:57:35.501] [main/DEBUG] [mixin/]: Processing prepare() for PlatformAgent[MixinPlatformAgentDefault:SecureJarResource(minecraft)]
[16Feb2026 16:57:35.501] [main/DEBUG] [mixin/]: Adding mixin platform agents for container SecureJarResource(simple_cobblemon_kit)
[16Feb2026 16:57:35.502] [main/DEBUG] [mixin/]: Instancing new MixinPlatformAgentMinecraftForge for SecureJarResource(simple_cobblemon_kit)
[16Feb2026 16:57:35.502] [main/DEBUG] [mixin/]: MixinPlatformAgentMinecraftForge rejected container SecureJarResource(simple_cobblemon_kit)
[16Feb2026 16:57:35.502] [main/DEBUG] [mixin/]: Instancing new MixinPlatformAgentDefault for SecureJarResource(simple_cobblemon_kit)
[16Feb2026 16:57:35.502] [main/DEBUG] [mixin/]: MixinPlatformAgentDefault accepted container SecureJarResource(simple_cobblemon_kit)
[16Feb2026 16:57:35.502] [main/DEBUG] [mixin/]: Processing prepare() for PlatformAgent[MixinPlatformAgentDefault:SecureJarResource(simple_cobblemon_kit)]
[16Feb2026 16:57:35.502] [main/DEBUG] [mixin/]: Adding mixin platform agents for container SecureJarResource(terrablender)
[16Feb2026 16:57:35.502] [main/DEBUG] [mixin/]: Instancing new MixinPlatformAgentMinecraftForge for SecureJarResource(terrablender)
[16Feb2026 16:57:35.503] [main/DEBUG] [mixin/]: MixinPlatformAgentMinecraftForge rejected container SecureJarResource(terrablender)
[16Feb2026 16:57:35.503] [main/DEBUG] [mixin/]: Instancing new MixinPlatformAgentDefault for SecureJarResource(terrablender)
[16Feb2026 16:57:35.503] [main/DEBUG] [mixin/]: MixinPlatformAgentDefault accepted container SecureJarResource(terrablender)
[16Feb2026 16:57:35.503] [main/DEBUG] [mixin/]: Processing prepare() for PlatformAgent[MixinPlatformAgentDefault:SecureJarResource(terrablender)]
[16Feb2026 16:57:35.503] [main/DEBUG] [mixin/]: Registering mixin config: terrablender.mixins.json
[16Feb2026 16:57:35.506] [main/DEBUG] [mixin/]: Registering mixin config: terrablender_forge.mixins.json
[16Feb2026 16:57:35.509] [main/DEBUG] [mixin/]: Adding mixin platform agents for container SecureJarResource(betterbeds)
[16Feb2026 16:57:35.509] [main/DEBUG] [mixin/]: Instancing new MixinPlatformAgentMinecraftForge for SecureJarResource(betterbeds)
[16Feb2026 16:57:35.509] [main/DEBUG] [mixin/]: MixinPlatformAgentMinecraftForge rejected container SecureJarResource(betterbeds)
[16Feb2026 16:57:35.509] [main/DEBUG] [mixin/]: Instancing new MixinPlatformAgentDefault for SecureJarResource(betterbeds)
[16Feb2026 16:57:35.509] [main/DEBUG] [mixin/]: MixinPlatformAgentDefault accepted container SecureJarResource(betterbeds)
[16Feb2026 16:57:35.509] [main/DEBUG] [mixin/]: Processing prepare() for PlatformAgent[MixinPlatformAgentDefault:SecureJarResource(betterbeds)]
[16Feb2026 16:57:35.509] [main/DEBUG] [mixin/]: Registering mixin config: betterbeds.mixins.json
[16Feb2026 16:57:35.512] [main/DEBUG] [mixin/]: Adding mixin platform agents for container SecureJarResource(cobblemonintegrations)
[16Feb2026 16:57:35.512] [main/DEBUG] [mixin/]: Instancing new MixinPlatformAgentMinecraftForge for SecureJarResource(cobblemonintegrations)
[16Feb2026 16:57:35.512] [main/DEBUG] [mixin/]: MixinPlatformAgentMinecraftForge rejected container SecureJarResource(cobblemonintegrations)
[16Feb2026 16:57:35.512] [main/DEBUG] [mixin/]: Instancing new MixinPlatformAgentDefault for SecureJarResource(cobblemonintegrations)
[16Feb2026 16:57:35.512] [main/DEBUG] [mixin/]: MixinPlatformAgentDefault accepted container SecureJarResource(cobblemonintegrations)
[16Feb2026 16:57:35.512] [main/DEBUG] [mixin/]: Processing prepare() for PlatformAgent[MixinPlatformAgentDefault:SecureJarResource(cobblemonintegrations)]
[16Feb2026 16:57:35.513] [main/DEBUG] [mixin/]: Registering mixin config: cobblemonintegrations-common.mixins.json
[16Feb2026 16:57:35.515] [main/DEBUG] [mixin/]: Registering mixin config: cobblemonintegrations.mixins.json
[16Feb2026 16:57:35.519] [main/DEBUG] [mixin/]: Adding mixin platform agents for container SecureJarResource(cobblemontrainers)
[16Feb2026 16:57:35.519] [main/DEBUG] [mixin/]: Instancing new MixinPlatformAgentMinecraftForge for SecureJarResource(cobblemontrainers)
[16Feb2026 16:57:35.520] [main/DEBUG] [mixin/]: MixinPlatformAgentMinecraftForge rejected container SecureJarResource(cobblemontrainers)
[16Feb2026 16:57:35.520] [main/DEBUG] [mixin/]: Instancing new MixinPlatformAgentDefault for SecureJarResource(cobblemontrainers)
[16Feb2026 16:57:35.520] [main/DEBUG] [mixin/]: MixinPlatformAgentDefault accepted container SecureJarResource(cobblemontrainers)
[16Feb2026 16:57:35.520] [main/DEBUG] [mixin/]: Processing prepare() for PlatformAgent[MixinPlatformAgentDefault:SecureJarResource(cobblemontrainers)]
[16Feb2026 16:57:35.520] [main/DEBUG] [mixin/]: Registering mixin config: cobblemontrainers-common.mixins.json
[16Feb2026 16:57:35.522] [main/DEBUG] [mixin/]: Registering mixin config: cobblemontrainers.mixins.json
[16Feb2026 16:57:35.524] [main/DEBUG] [mixin/]: Adding mixin platform agents for container SecureJarResource(simpletms)
[16Feb2026 16:57:35.525] [main/DEBUG] [mixin/]: Instancing new MixinPlatformAgentMinecraftForge for SecureJarResource(simpletms)
[16Feb2026 16:57:35.528] [main/DEBUG] [mixin/]: MixinPlatformAgentMinecraftForge rejected container SecureJarResource(simpletms)
[16Feb2026 16:57:35.528] [main/DEBUG] [mixin/]: Instancing new MixinPlatformAgentDefault for SecureJarResource(simpletms)
[16Feb2026 16:57:35.528] [main/DEBUG] [mixin/]: MixinPlatformAgentDefault accepted container SecureJarResource(simpletms)
[16Feb2026 16:57:35.528] [main/DEBUG] [mixin/]: Processing prepare() for PlatformAgent[MixinPlatformAgentDefault:SecureJarResource(simpletms)]
[16Feb2026 16:57:35.528] [main/DEBUG] [mixin/]: Adding mixin platform agents for container SecureJarResource(biomesoplenty)
[16Feb2026 16:57:35.529] [main/DEBUG] [mixin/]: Instancing new MixinPlatformAgentMinecraftForge for SecureJarResource(biomesoplenty)
[16Feb2026 16:57:35.529] [main/DEBUG] [mixin/]: MixinPlatformAgentMinecraftForge rejected container SecureJarResource(biomesoplenty)
[16Feb2026 16:57:35.529] [main/DEBUG] [mixin/]: Instancing new MixinPlatformAgentDefault for SecureJarResource(biomesoplenty)
[16Feb2026 16:57:35.529] [main/DEBUG] [mixin/]: MixinPlatformAgentDefault accepted container SecureJarResource(biomesoplenty)
[16Feb2026 16:57:35.529] [main/DEBUG] [mixin/]: Processing prepare() for PlatformAgent[MixinPlatformAgentDefault:SecureJarResource(biomesoplenty)]
[16Feb2026 16:57:35.529] [main/DEBUG] [mixin/]: Registering mixin config: biomesoplenty.mixins.json
[16Feb2026 16:57:35.531] [main/DEBUG] [mixin/]: Registering mixin config: biomesoplenty.forge.mixins.json
[16Feb2026 16:57:35.532] [main/DEBUG] [mixin/]: Adding mixin platform agents for container SecureJarResource(jade)
[16Feb2026 16:57:35.535] [main/DEBUG] [mixin/]: Instancing new MixinPlatformAgentMinecraftForge for SecureJarResource(jade)
[16Feb2026 16:57:35.535] [main/DEBUG] [mixin/]: MixinPlatformAgentMinecraftForge rejected container SecureJarResource(jade)
[16Feb2026 16:57:35.535] [main/DEBUG] [mixin/]: Instancing new MixinPlatformAgentDefault for SecureJarResource(jade)
[16Feb2026 16:57:35.535] [main/DEBUG] [mixin/]: MixinPlatformAgentDefault accepted container SecureJarResource(jade)
[16Feb2026 16:57:35.535] [main/DEBUG] [mixin/]: Processing prepare() for PlatformAgent[MixinPlatformAgentDefault:SecureJarResource(jade)]
[16Feb2026 16:57:35.535] [main/DEBUG] [mixin/]: Registering mixin config: jade.mixins.json
[16Feb2026 16:57:35.537] [main/DEBUG] [mixin/]: Compatibility level JAVA_16 specified by jade.mixins.json is higher than the maximum level supported by this version of mixin (JAVA_13).
[16Feb2026 16:57:35.540] [main/DEBUG] [mixin/]: Adding mixin platform agents for container SecureJarResource(mr_eggs_cobblemonaddon)
[16Feb2026 16:57:35.540] [main/DEBUG] [mixin/]: Instancing new MixinPlatformAgentMinecraftForge for SecureJarResource(mr_eggs_cobblemonaddon)
[16Feb2026 16:57:35.540] [main/DEBUG] [mixin/]: MixinPlatformAgentMinecraftForge rejected container SecureJarResource(mr_eggs_cobblemonaddon)
[16Feb2026 16:57:35.540] [main/DEBUG] [mixin/]: Instancing new MixinPlatformAgentDefault for SecureJarResource(mr_eggs_cobblemonaddon)
[16Feb2026 16:57:35.541] [main/DEBUG] [mixin/]: MixinPlatformAgentDefault accepted container SecureJarResource(mr_eggs_cobblemonaddon)
[16Feb2026 16:57:35.541] [main/DEBUG] [mixin/]: Processing prepare() for PlatformAgent[MixinPlatformAgentDefault:SecureJarResource(mr_eggs_cobblemonaddon)]
[16Feb2026 16:57:35.541] [main/DEBUG] [mixin/]: Adding mixin platform agents for container SecureJarResource(kotlinforforge)
[16Feb2026 16:57:35.541] [main/DEBUG] [mixin/]: Instancing new MixinPlatformAgentMinecraftForge for SecureJarResource(kotlinforforge)
[16Feb2026 16:57:35.541] [main/DEBUG] [mixin/]: MixinPlatformAgentMinecraftForge rejected container SecureJarResource(kotlinforforge)
[16Feb2026 16:57:35.541] [main/DEBUG] [mixin/]: Instancing new MixinPlatformAgentDefault for SecureJarResource(kotlinforforge)
[16Feb2026 16:57:35.541] [main/DEBUG] [mixin/]: MixinPlatformAgentDefault accepted container SecureJarResource(kotlinforforge)
[16Feb2026 16:57:35.541] [main/DEBUG] [mixin/]: Processing prepare() for PlatformAgent[MixinPlatformAgentDefault:SecureJarResource(kotlinforforge)]
[16Feb2026 16:57:35.541] [main/DEBUG] [mixin/]: Adding mixin platform agents for container SecureJarResource(curios)
[16Feb2026 16:57:35.541] [main/DEBUG] [mixin/]: Instancing new MixinPlatformAgentMinecraftForge for SecureJarResource(curios)
[16Feb2026 16:57:35.541] [main/DEBUG] [mixin/]: MixinPlatformAgentMinecraftForge rejected container SecureJarResource(curios)
[16Feb2026 16:57:35.541] [main/DEBUG] [mixin/]: Instancing new MixinPlatformAgentDefault for SecureJarResource(curios)
[16Feb2026 16:57:35.542] [main/DEBUG] [mixin/]: MixinPlatformAgentDefault accepted container SecureJarResource(curios)
[16Feb2026 16:57:35.542] [main/DEBUG] [mixin/]: Processing prepare() for PlatformAgent[MixinPlatformAgentDefault:SecureJarResource(curios)]
[16Feb2026 16:57:35.542] [main/DEBUG] [mixin/]: Registering mixin config: curios.mixins.json
[16Feb2026 16:57:35.543] [main/DEBUG] [mixin/]: Adding mixin platform agents for container SecureJarResource(patchouli)
[16Feb2026 16:57:35.543] [main/DEBUG] [mixin/]: Instancing new MixinPlatformAgentMinecraftForge for SecureJarResource(patchouli)
[16Feb2026 16:57:35.543] [main/DEBUG] [mixin/]: MixinPlatformAgentMinecraftForge rejected container SecureJarResource(patchouli)
[16Feb2026 16:57:35.544] [main/DEBUG] [mixin/]: Instancing new MixinPlatformAgentDefault for SecureJarResource(patchouli)
[16Feb2026 16:57:35.544] [main/DEBUG] [mixin/]: MixinPlatformAgentDefault accepted container SecureJarResource(patchouli)
[16Feb2026 16:57:35.544] [main/DEBUG] [mixin/]: Processing prepare() for PlatformAgent[MixinPlatformAgentDefault:SecureJarResource(patchouli)]
[16Feb2026 16:57:35.544] [main/DEBUG] [mixin/]: Registering mixin config: patchouli_xplat.mixins.json
[16Feb2026 16:57:35.545] [main/DEBUG] [mixin/]: Adding mixin platform agents for container SecureJarResource(capture_xp)
[16Feb2026 16:57:35.545] [main/DEBUG] [mixin/]: Instancing new MixinPlatformAgentMinecraftForge for SecureJarResource(capture_xp)
[16Feb2026 16:57:35.545] [main/DEBUG] [mixin/]: MixinPlatformAgentMinecraftForge rejected container SecureJarResource(capture_xp)
[16Feb2026 16:57:35.545] [main/DEBUG] [mixin/]: Instancing new MixinPlatformAgentDefault for SecureJarResource(capture_xp)
[16Feb2026 16:57:35.545] [main/DEBUG] [mixin/]: MixinPlatformAgentDefault accepted container SecureJarResource(capture_xp)
[16Feb2026 16:57:35.546] [main/DEBUG] [mixin/]: Processing prepare() for PlatformAgent[MixinPlatformAgentDefault:SecureJarResource(capture_xp)]
[16Feb2026 16:57:35.546] [main/DEBUG] [mixin/]: Adding mixin platform agents for container SecureJarResource(megamons)
[16Feb2026 16:57:35.546] [main/DEBUG] [mixin/]: Instancing new MixinPlatformAgentMinecraftForge for SecureJarResource(megamons)
[16Feb2026 16:57:35.546] [main/DEBUG] [mixin/]: MixinPlatformAgentMinecraftForge rejected container SecureJarResource(megamons)
[16Feb2026 16:57:35.546] [main/DEBUG] [mixin/]: Instancing new MixinPlatformAgentDefault for SecureJarResource(megamons)
[16Feb2026 16:57:35.546] [main/DEBUG] [mixin/]: MixinPlatformAgentDefault accepted container SecureJarResource(megamons)
[16Feb2026 16:57:35.546] [main/DEBUG] [mixin/]: Processing prepare() for PlatformAgent[MixinPlatformAgentDefault:SecureJarResource(megamons)]
[16Feb2026 16:57:35.546] [main/DEBUG] [mixin/]: Registering mixin config: mixins.megamons-forge.json
[16Feb2026 16:57:35.547] [main/DEBUG] [mixin/]: Compatibility level JAVA_8 specified by mixins.megamons-forge.json is lower than the default level supported by the current mixin service (JAVA_16).
[16Feb2026 16:57:35.548] [main/DEBUG] [mixin/]: Registering mixin config: mixins.megamons-common.json
[16Feb2026 16:57:35.549] [main/ERROR] [mixin/]: Mixin config mixins.megamons-common.json does not specify "minVersion" property
[16Feb2026 16:57:35.549] [main/DEBUG] [mixin/]: Adding mixin platform agents for container SecureJarResource(cobblemon)
[16Feb2026 16:57:35.549] [main/DEBUG] [mixin/]: Instancing new MixinPlatformAgentMinecraftForge for SecureJarResource(cobblemon)
[16Feb2026 16:57:35.550] [main/DEBUG] [mixin/]: MixinPlatformAgentMinecraftForge rejected container SecureJarResource(cobblemon)
[16Feb2026 16:57:35.550] [main/DEBUG] [mixin/]: Instancing new MixinPlatformAgentDefault for SecureJarResource(cobblemon)
[16Feb2026 16:57:35.550] [main/DEBUG] [mixin/]: MixinPlatformAgentDefault accepted container SecureJarResource(cobblemon)
[16Feb2026 16:57:35.550] [main/DEBUG] [mixin/]: Processing prepare() for PlatformAgent[MixinPlatformAgentDefault:SecureJarResource(cobblemon)]
[16Feb2026 16:57:35.550] [main/DEBUG] [mixin/]: Registering mixin config: mixins.cobblemon-forge.json
[16Feb2026 16:57:35.552] [main/DEBUG] [mixin/]: Compatibility level JAVA_8 specified by mixins.cobblemon-forge.json is lower than the default level supported by the current mixin service (JAVA_16).
[16Feb2026 16:57:35.552] [main/DEBUG] [mixin/]: Registering mixin config: mixins.cobblemon-common.json
[16Feb2026 16:57:35.555] [main/DEBUG] [mixin/]: Adding mixin platform agents for container SecureJarResource(cobbledex)
[16Feb2026 16:57:35.555] [main/DEBUG] [mixin/]: Instancing new MixinPlatformAgentMinecraftForge for SecureJarResource(cobbledex)
[16Feb2026 16:57:35.555] [main/DEBUG] [mixin/]: MixinPlatformAgentMinecraftForge rejected container SecureJarResource(cobbledex)
[16Feb2026 16:57:35.555] [main/DEBUG] [mixin/]: Instancing new MixinPlatformAgentDefault for SecureJarResource(cobbledex)
[16Feb2026 16:57:35.555] [main/DEBUG] [mixin/]: MixinPlatformAgentDefault accepted container SecureJarResource(cobbledex)
[16Feb2026 16:57:35.555] [main/DEBUG] [mixin/]: Processing prepare() for PlatformAgent[MixinPlatformAgentDefault:SecureJarResource(cobbledex)]
[16Feb2026 16:57:35.555] [main/DEBUG] [mixin/]: Adding mixin platform agents for container SecureJarResource(cobblepedia)
[16Feb2026 16:57:35.555] [main/DEBUG] [mixin/]: Instancing new MixinPlatformAgentMinecraftForge for SecureJarResource(cobblepedia)
[16Feb2026 16:57:35.556] [main/DEBUG] [mixin/]: MixinPlatformAgentMinecraftForge rejected container SecureJarResource(cobblepedia)
[16Feb2026 16:57:35.556] [main/DEBUG] [mixin/]: Instancing new MixinPlatformAgentDefault for SecureJarResource(cobblepedia)
[16Feb2026 16:57:35.556] [main/DEBUG] [mixin/]: MixinPlatformAgentDefault accepted container SecureJarResource(cobblepedia)
[16Feb2026 16:57:35.556] [main/DEBUG] [mixin/]: Processing prepare() for PlatformAgent[MixinPlatformAgentDefault:SecureJarResource(cobblepedia)]
[16Feb2026 16:57:35.556] [main/DEBUG] [mixin/]: Adding mixin platform agents for container SecureJarResource(fightorflight)
[16Feb2026 16:57:35.556] [main/DEBUG] [mixin/]: Instancing new MixinPlatformAgentMinecraftForge for SecureJarResource(fightorflight)
[16Feb2026 16:57:35.556] [main/DEBUG] [mixin/]: MixinPlatformAgentMinecraftForge rejected container SecureJarResource(fightorflight)
[16Feb2026 16:57:35.556] [main/DEBUG] [mixin/]: Instancing new MixinPlatformAgentDefault for SecureJarResource(fightorflight)
[16Feb2026 16:57:35.556] [main/DEBUG] [mixin/]: MixinPlatformAgentDefault accepted container SecureJarResource(fightorflight)
[16Feb2026 16:57:35.556] [main/DEBUG] [mixin/]: Processing prepare() for PlatformAgent[MixinPlatformAgentDefault:SecureJarResource(fightorflight)]
[16Feb2026 16:57:35.556] [main/DEBUG] [mixin/]: Registering mixin config: fightorflight.mixins_common.json
[16Feb2026 16:57:35.558] [main/DEBUG] [mixin/]: Adding mixin platform agents for container SecureJarResource(architectury)
[16Feb2026 16:57:35.561] [main/DEBUG] [mixin/]: Instancing new MixinPlatformAgentMinecraftForge for SecureJarResource(architectury)
[16Feb2026 16:57:35.561] [main/DEBUG] [mixin/]: MixinPlatformAgentMinecraftForge rejected container SecureJarResource(architectury)
[16Feb2026 16:57:35.562] [main/DEBUG] [mixin/]: Instancing new MixinPlatformAgentDefault for SecureJarResource(architectury)
[16Feb2026 16:57:35.562] [main/DEBUG] [mixin/]: MixinPlatformAgentDefault accepted container SecureJarResource(architectury)
[16Feb2026 16:57:35.562] [main/DEBUG] [mixin/]: Processing prepare() for PlatformAgent[MixinPlatformAgentDefault:SecureJarResource(architectury)]
[16Feb2026 16:57:35.562] [main/DEBUG] [mixin/]: Registering mixin config: architectury.mixins.json
[16Feb2026 16:57:35.564] [main/DEBUG] [mixin/]: Compatibility level JAVA_16 specified by architectury.mixins.json is higher than the maximum level supported by this version of mixin (JAVA_13).
[16Feb2026 16:57:35.564] [main/DEBUG] [mixin/]: Registering mixin config: architectury-common.mixins.json
[16Feb2026 16:57:35.565] [main/DEBUG] [mixin/]: Compatibility level JAVA_16 specified by architectury-common.mixins.json is higher than the maximum level supported by this version of mixin (JAVA_13).
[16Feb2026 16:57:35.566] [main/DEBUG] [mixin/]: Adding mixin platform agents for container SecureJarResource(cobgyms)
[16Feb2026 16:57:35.566] [main/DEBUG] [mixin/]: Instancing new MixinPlatformAgentMinecraftForge for SecureJarResource(cobgyms)
[16Feb2026 16:57:35.566] [main/DEBUG] [mixin/]: MixinPlatformAgentMinecraftForge rejected container SecureJarResource(cobgyms)
[16Feb2026 16:57:35.566] [main/DEBUG] [mixin/]: Instancing new MixinPlatformAgentDefault for SecureJarResource(cobgyms)
[16Feb2026 16:57:35.566] [main/DEBUG] [mixin/]: MixinPlatformAgentDefault accepted container SecureJarResource(cobgyms)
[16Feb2026 16:57:35.566] [main/DEBUG] [mixin/]: Processing prepare() for PlatformAgent[MixinPlatformAgentDefault:SecureJarResource(cobgyms)]
[16Feb2026 16:57:35.566] [main/DEBUG] [mixin/]: Registering mixin config: cobgyms.mixins.json
[16Feb2026 16:57:35.568] [main/DEBUG] [mixin/]: Adding mixin platform agents for container SecureJarResource(ftblibrary)
[16Feb2026 16:57:35.568] [main/DEBUG] [mixin/]: Instancing new MixinPlatformAgentMinecraftForge for SecureJarResource(ftblibrary)
[16Feb2026 16:57:35.568] [main/DEBUG] [mixin/]: MixinPlatformAgentMinecraftForge rejected container SecureJarResource(ftblibrary)
[16Feb2026 16:57:35.568] [main/DEBUG] [mixin/]: Instancing new MixinPlatformAgentDefault for SecureJarResource(ftblibrary)
[16Feb2026 16:57:35.568] [main/DEBUG] [mixin/]: MixinPlatformAgentDefault accepted container SecureJarResource(ftblibrary)
[16Feb2026 16:57:35.568] [main/DEBUG] [mixin/]: Processing prepare() for PlatformAgent[MixinPlatformAgentDefault:SecureJarResource(ftblibrary)]
[16Feb2026 16:57:35.568] [main/DEBUG] [mixin/]: Registering mixin config: ftblibrary-common.mixins.json
[16Feb2026 16:57:35.569] [main/DEBUG] [mixin/]: Compatibility level JAVA_8 specified by ftblibrary-common.mixins.json is lower than the default level supported by the current mixin service (JAVA_16).
[16Feb2026 16:57:35.569] [main/DEBUG] [mixin/]: Adding mixin platform agents for container SecureJarResource(ftbteams)
[16Feb2026 16:57:35.569] [main/DEBUG] [mixin/]: Instancing new MixinPlatformAgentMinecraftForge for SecureJarResource(ftbteams)
[16Feb2026 16:57:35.570] [main/DEBUG] [mixin/]: MixinPlatformAgentMinecraftForge rejected container SecureJarResource(ftbteams)
[16Feb2026 16:57:35.570] [main/DEBUG] [mixin/]: Instancing new MixinPlatformAgentDefault for SecureJarResource(ftbteams)
[16Feb2026 16:57:35.570] [main/DEBUG] [mixin/]: MixinPlatformAgentDefault accepted container SecureJarResource(ftbteams)
[16Feb2026 16:57:35.570] [main/DEBUG] [mixin/]: Processing prepare() for PlatformAgent[MixinPlatformAgentDefault:SecureJarResource(ftbteams)]
[16Feb2026 16:57:35.570] [main/DEBUG] [mixin/]: Adding mixin platform agents for container SecureJarResource(ftbquests)
[16Feb2026 16:57:35.570] [main/DEBUG] [mixin/]: Instancing new MixinPlatformAgentMinecraftForge for SecureJarResource(ftbquests)
[16Feb2026 16:57:35.570] [main/DEBUG] [mixin/]: MixinPlatformAgentMinecraftForge rejected container SecureJarResource(ftbquests)
[16Feb2026 16:57:35.570] [main/DEBUG] [mixin/]: Instancing new MixinPlatformAgentDefault for SecureJarResource(ftbquests)
[16Feb2026 16:57:35.571] [main/DEBUG] [mixin/]: MixinPlatformAgentDefault accepted container SecureJarResource(ftbquests)
[16Feb2026 16:57:35.571] [main/DEBUG] [mixin/]: Processing prepare() for PlatformAgent[MixinPlatformAgentDefault:SecureJarResource(ftbquests)]
[16Feb2026 16:57:35.571] [main/DEBUG] [mixin/]: Adding mixin platform agents for container SecureJarResource(cobblemore_lib)
[16Feb2026 16:57:35.571] [main/DEBUG] [mixin/]: Instancing new MixinPlatformAgentMinecraftForge for SecureJarResource(cobblemore_lib)
[16Feb2026 16:57:35.571] [main/DEBUG] [mixin/]: MixinPlatformAgentMinecraftForge rejected container SecureJarResource(cobblemore_lib)
[16Feb2026 16:57:35.571] [main/DEBUG] [mixin/]: Instancing new MixinPlatformAgentDefault for SecureJarResource(cobblemore_lib)
[16Feb2026 16:57:35.571] [main/DEBUG] [mixin/]: MixinPlatformAgentDefault accepted container SecureJarResource(cobblemore_lib)
[16Feb2026 16:57:35.571] [main/DEBUG] [mixin/]: Processing prepare() for PlatformAgent[MixinPlatformAgentDefault:SecureJarResource(cobblemore_lib)]
[16Feb2026 16:57:35.571] [main/DEBUG] [mixin/]: Registering mixin config: cobblemore_lib.mixins.json
[16Feb2026 16:57:35.574] [main/DEBUG] [mixin/]: Adding mixin platform agents for container SecureJarResource(cobblemon_poke_labs)
[16Feb2026 16:57:35.574] [main/DEBUG] [mixin/]: Instancing new MixinPlatformAgentMinecraftForge for SecureJarResource(cobblemon_poke_labs)
[16Feb2026 16:57:35.575] [main/DEBUG] [mixin/]: MixinPlatformAgentMinecraftForge rejected container SecureJarResource(cobblemon_poke_labs)
[16Feb2026 16:57:35.575] [main/DEBUG] [mixin/]: Instancing new MixinPlatformAgentDefault for SecureJarResource(cobblemon_poke_labs)
[16Feb2026 16:57:35.575] [main/DEBUG] [mixin/]: MixinPlatformAgentDefault accepted container SecureJarResource(cobblemon_poke_labs)
[16Feb2026 16:57:35.575] [main/DEBUG] [mixin/]: Processing prepare() for PlatformAgent[MixinPlatformAgentDefault:SecureJarResource(cobblemon_poke_labs)]
[16Feb2026 16:57:35.575] [main/DEBUG] [mixin/]: Registering mixin config: cobblemon_poke_labs.mixins.json
[16Feb2026 16:57:35.576] [main/DEBUG] [mixin/]: Adding mixin platform agents for container SecureJarResource(cobblemon_simple_center)
[16Feb2026 16:57:35.576] [main/DEBUG] [mixin/]: Instancing new MixinPlatformAgentMinecraftForge for SecureJarResource(cobblemon_simple_center)
[16Feb2026 16:57:35.576] [main/DEBUG] [mixin/]: MixinPlatformAgentMinecraftForge rejected container SecureJarResource(cobblemon_simple_center)
[16Feb2026 16:57:35.576] [main/DEBUG] [mixin/]: Instancing new MixinPlatformAgentDefault for SecureJarResource(cobblemon_simple_center)
[16Feb2026 16:57:35.576] [main/DEBUG] [mixin/]: MixinPlatformAgentDefault accepted container SecureJarResource(cobblemon_simple_center)
[16Feb2026 16:57:35.576] [main/DEBUG] [mixin/]: Processing prepare() for PlatformAgent[MixinPlatformAgentDefault:SecureJarResource(cobblemon_simple_center)]
[16Feb2026 16:57:35.577] [main/DEBUG] [mixin/]: Registering mixin config: cobblemon_simple_center.mixins.json
[16Feb2026 16:57:35.578] [main/DEBUG] [mixin/]: Adding mixin platform agents for container SecureJarResource(cobblemonmegas)
[16Feb2026 16:57:35.578] [main/DEBUG] [mixin/]: Instancing new MixinPlatformAgentMinecraftForge for SecureJarResource(cobblemonmegas)
[16Feb2026 16:57:35.579] [main/DEBUG] [mixin/]: MixinPlatformAgentMinecraftForge rejected container SecureJarResource(cobblemonmegas)
[16Feb2026 16:57:35.579] [main/DEBUG] [mixin/]: Instancing new MixinPlatformAgentDefault for SecureJarResource(cobblemonmegas)
[16Feb2026 16:57:35.579] [main/DEBUG] [mixin/]: MixinPlatformAgentDefault accepted container SecureJarResource(cobblemonmegas)
[16Feb2026 16:57:35.579] [main/DEBUG] [mixin/]: Processing prepare() for PlatformAgent[MixinPlatformAgentDefault:SecureJarResource(cobblemonmegas)]
[16Feb2026 16:57:35.579] [main/DEBUG] [mixin/]: Registering mixin config: mixins.cobblemonmegas-common.json
[16Feb2026 16:57:35.580] [main/DEBUG] [mixin/]: Adding mixin platform agents for container SecureJarResource(cobblemonrider)
[16Feb2026 16:57:35.580] [main/DEBUG] [mixin/]: Instancing new MixinPlatformAgentMinecraftForge for SecureJarResource(cobblemonrider)
[16Feb2026 16:57:35.580] [main/DEBUG] [mixin/]: MixinPlatformAgentMinecraftForge rejected container SecureJarResource(cobblemonrider)
[16Feb2026 16:57:35.580] [main/DEBUG] [mixin/]: Instancing new MixinPlatformAgentDefault for SecureJarResource(cobblemonrider)
[16Feb2026 16:57:35.580] [main/DEBUG] [mixin/]: MixinPlatformAgentDefault accepted container SecureJarResource(cobblemonrider)
[16Feb2026 16:57:35.580] [main/DEBUG] [mixin/]: Processing prepare() for PlatformAgent[MixinPlatformAgentDefault:SecureJarResource(cobblemonrider)]
[16Feb2026 16:57:35.580] [main/DEBUG] [mixin/]: Registering mixin config: cobblemonrider.mixins.json
[16Feb2026 16:57:35.582] [main/DEBUG] [mixin/]: Compatibility level JAVA_8 specified by cobblemonrider.mixins.json is lower than the default level supported by the current mixin service (JAVA_16).
[16Feb2026 16:57:35.582] [main/DEBUG] [mixin/]: Adding mixin platform agents for container SecureJarResource(mythsandlegends)
[16Feb2026 16:57:35.582] [main/DEBUG] [mixin/]: Instancing new MixinPlatformAgentMinecraftForge for SecureJarResource(mythsandlegends)
[16Feb2026 16:57:35.582] [main/DEBUG] [mixin/]: MixinPlatformAgentMinecraftForge rejected container SecureJarResource(mythsandlegends)
[16Feb2026 16:57:35.582] [main/DEBUG] [mixin/]: Instancing new MixinPlatformAgentDefault for SecureJarResource(mythsandlegends)
[16Feb2026 16:57:35.582] [main/DEBUG] [mixin/]: MixinPlatformAgentDefault accepted container SecureJarResource(mythsandlegends)
[16Feb2026 16:57:35.582] [main/DEBUG] [mixin/]: Processing prepare() for PlatformAgent[MixinPlatformAgentDefault:SecureJarResource(mythsandlegends)]
[16Feb2026 16:57:35.582] [main/DEBUG] [mixin/]: Registering mixin config: mythsandlegends-common.mixins.json
[16Feb2026 16:57:35.584] [main/DEBUG] [mixin/]: Registering mixin config: mythsandlegends-common.cobblemon.mixins.json
[16Feb2026 16:57:35.585] [main/DEBUG] [mixin/]: Registering mixin config: mythsandlegends.mixins.json
[16Feb2026 16:57:35.587] [main/DEBUG] [mixin/]: Adding mixin platform agents for container SecureJarResource(betterf3)
[16Feb2026 16:57:35.587] [main/DEBUG] [mixin/]: Instancing new MixinPlatformAgentMinecraftForge for SecureJarResource(betterf3)
[16Feb2026 16:57:35.587] [main/DEBUG] [mixin/]: MixinPlatformAgentMinecraftForge rejected container SecureJarResource(betterf3)
[16Feb2026 16:57:35.587] [main/DEBUG] [mixin/]: Instancing new MixinPlatformAgentDefault for SecureJarResource(betterf3)
[16Feb2026 16:57:35.587] [main/DEBUG] [mixin/]: MixinPlatformAgentDefault accepted container SecureJarResource(betterf3)
[16Feb2026 16:57:35.587] [main/DEBUG] [mixin/]: Processing prepare() for PlatformAgent[MixinPlatformAgentDefault:SecureJarResource(betterf3)]
[16Feb2026 16:57:35.587] [main/DEBUG] [mixin/]: Registering mixin config: betterf3.mixins.json
[16Feb2026 16:57:35.589] [main/DEBUG] [mixin/]: Registering mixin config: betterf3.forge.mixins.json
[16Feb2026 16:57:35.591] [main/DEBUG] [mixin/]: Adding mixin platform agents for container SecureJarResource(unchained)
[16Feb2026 16:57:35.591] [main/DEBUG] [mixin/]: Instancing new MixinPlatformAgentMinecraftForge for SecureJarResource(unchained)
[16Feb2026 16:57:35.591] [main/DEBUG] [mixin/]: MixinPlatformAgentMinecraftForge rejected container SecureJarResource(unchained)
[16Feb2026 16:57:35.591] [main/DEBUG] [mixin/]: Instancing new MixinPlatformAgentDefault for SecureJarResource(unchained)
[16Feb2026 16:57:35.591] [main/DEBUG] [mixin/]: MixinPlatformAgentDefault accepted container SecureJarResource(unchained)
[16Feb2026 16:57:35.591] [main/DEBUG] [mixin/]: Processing prepare() for PlatformAgent[MixinPlatformAgentDefault:SecureJarResource(unchained)]
[16Feb2026 16:57:35.591] [main/DEBUG] [mixin/]: Adding mixin platform agents for container SecureJarResource(cobbledollars)
[16Feb2026 16:57:35.591] [main/DEBUG] [mixin/]: Instancing new MixinPlatformAgentMinecraftForge for SecureJarResource(cobbledollars)
[16Feb2026 16:57:35.591] [main/DEBUG] [mixin/]: MixinPlatformAgentMinecraftForge rejected container SecureJarResource(cobbledollars)
[16Feb2026 16:57:35.591] [main/DEBUG] [mixin/]: Instancing new MixinPlatformAgentDefault for SecureJarResource(cobbledollars)
[16Feb2026 16:57:35.591] [main/DEBUG] [mixin/]: MixinPlatformAgentDefault accepted container SecureJarResource(cobbledollars)
[16Feb2026 16:57:35.591] [main/DEBUG] [mixin/]: Processing prepare() for PlatformAgent[MixinPlatformAgentDefault:SecureJarResource(cobbledollars)]
[16Feb2026 16:57:35.591] [main/DEBUG] [mixin/]: Registering mixin config: mixins.cobbledollars-common.json
[16Feb2026 16:57:35.592] [main/DEBUG] [mixin/]: Adding mixin platform agents for container SecureJarResource(mixinextras.neoforge)
[16Feb2026 16:57:35.593] [main/DEBUG] [mixin/]: Instancing new MixinPlatformAgentMinecraftForge for SecureJarResource(mixinextras.neoforge)
[16Feb2026 16:57:35.593] [main/DEBUG] [mixin/]: MixinPlatformAgentMinecraftForge rejected container SecureJarResource(mixinextras.neoforge)
[16Feb2026 16:57:35.593] [main/DEBUG] [mixin/]: Instancing new MixinPlatformAgentDefault for SecureJarResource(mixinextras.neoforge)
[16Feb2026 16:57:35.593] [main/DEBUG] [mixin/]: MixinPlatformAgentDefault accepted container SecureJarResource(mixinextras.neoforge)
[16Feb2026 16:57:35.593] [main/DEBUG] [mixin/]: Processing prepare() for PlatformAgent[MixinPlatformAgentDefault:SecureJarResource(mixinextras.neoforge)]
[16Feb2026 16:57:35.593] [main/DEBUG] [mixin/]: Registering mixin config: mixinextras.init.mixins.json
[16Feb2026 16:57:35.594] [main/DEBUG] [mixin/]: Adding mixin platform agents for container SecureJarResource(toml4j)
[16Feb2026 16:57:35.594] [main/DEBUG] [mixin/]: Instancing new MixinPlatformAgentMinecraftForge for SecureJarResource(toml4j)
[16Feb2026 16:57:35.594] [main/DEBUG] [mixin/]: MixinPlatformAgentMinecraftForge rejected container SecureJarResource(toml4j)
[16Feb2026 16:57:35.594] [main/DEBUG] [mixin/]: Instancing new MixinPlatformAgentDefault for SecureJarResource(toml4j)
[16Feb2026 16:57:35.594] [main/DEBUG] [mixin/]: MixinPlatformAgentDefault accepted container SecureJarResource(toml4j)
[16Feb2026 16:57:35.594] [main/DEBUG] [mixin/]: Processing prepare() for PlatformAgent[MixinPlatformAgentDefault:SecureJarResource(toml4j)]
[16Feb2026 16:57:35.594] [main/DEBUG] [mixin/]: Adding mixin platform agents for container SecureJarResource(thedarkcolour.kotlinforforge.kfflib)
[16Feb2026 16:57:35.594] [main/DEBUG] [mixin/]: Instancing new MixinPlatformAgentMinecraftForge for SecureJarResource(thedarkcolour.kotlinforforge.kfflib)
[16Feb2026 16:57:35.595] [main/DEBUG] [mixin/]: MixinPlatformAgentMinecraftForge rejected container SecureJarResource(thedarkcolour.kotlinforforge.kfflib)
[16Feb2026 16:57:35.595] [main/DEBUG] [mixin/]: Instancing new MixinPlatformAgentDefault for SecureJarResource(thedarkcolour.kotlinforforge.kfflib)
[16Feb2026 16:57:35.595] [main/DEBUG] [mixin/]: MixinPlatformAgentDefault accepted container SecureJarResource(thedarkcolour.kotlinforforge.kfflib)
[16Feb2026 16:57:35.595] [main/DEBUG] [mixin/]: Processing prepare() for PlatformAgent[MixinPlatformAgentDefault:SecureJarResource(thedarkcolour.kotlinforforge.kfflib)]
[16Feb2026 16:57:35.595] [main/DEBUG] [mixin/]: inject() running with 56 agents
[16Feb2026 16:57:35.595] [main/DEBUG] [mixin/]: Processing inject() for PlatformAgent[MixinPlatformAgentDefault:ModLauncher Root Container(ModLauncher:4f56a0a2)]
[16Feb2026 16:57:35.595] [main/DEBUG] [mixin/]: Processing inject() for PlatformAgent[MixinPlatformAgentDefault:SecureJarResource(fossiltweaks)]
[16Feb2026 16:57:35.596] [main/DEBUG] [mixin/]: Processing inject() for PlatformAgent[MixinPlatformAgentDefault:SecureJarResource(beautify)]
[16Feb2026 16:57:35.596] [main/DEBUG] [mixin/]: Processing inject() for PlatformAgent[MixinPlatformAgentDefault:SecureJarResource(jei)]
[16Feb2026 16:57:35.596] [main/DEBUG] [mixin/]: Processing inject() for PlatformAgent[MixinPlatformAgentDefault:SecureJarResource(cobblemon_quests)]
[16Feb2026 16:57:35.596] [main/DEBUG] [mixin/]: Processing inject() for PlatformAgent[MixinPlatformAgentDefault:SecureJarResource(cobbled_counter)]
[16Feb2026 16:57:35.596] [main/DEBUG] [mixin/]: Processing inject() for PlatformAgent[MixinPlatformAgentDefault:SecureJarResource(journeymap)]
[16Feb2026 16:57:35.596] [main/DEBUG] [mixin/]: Processing inject() for PlatformAgent[MixinPlatformAgentDefault:SecureJarResource(citadel)]
[16Feb2026 16:57:35.596] [main/DEBUG] [mixin/]: Processing inject() for PlatformAgent[MixinPlatformAgentDefault:SecureJarResource(tmtcop)]
[16Feb2026 16:57:35.596] [main/DEBUG] [mixin/]: Processing inject() for PlatformAgent[MixinPlatformAgentDefault:SecureJarResource(glitchcore)]
[16Feb2026 16:57:35.596] [main/DEBUG] [mixin/]: Processing inject() for PlatformAgent[MixinPlatformAgentDefault:SecureJarResource(cobblemonoutbreaks)]
[16Feb2026 16:57:35.596] [main/DEBUG] [mixin/]: Processing inject() for PlatformAgent[MixinPlatformAgentDefault:SecureJarResource(midnightlib)]
[16Feb2026 16:57:35.596] [main/DEBUG] [mixin/]: Processing inject() for PlatformAgent[MixinPlatformAgentDefault:SecureJarResource(spawn_notification)]
[16Feb2026 16:57:35.596] [main/DEBUG] [mixin/]: Processing inject() for PlatformAgent[MixinPlatformAgentDefault:SecureJarResource(unimplemented_items)]
[16Feb2026 16:57:35.596] [main/DEBUG] [mixin/]: Processing inject() for PlatformAgent[MixinPlatformAgentDefault:SecureJarResource(gravels_extended_battles)]
[16Feb2026 16:57:35.596] [main/DEBUG] [mixin/]: Processing inject() for PlatformAgent[MixinPlatformAgentDefault:SecureJarResource(cameraoverhaul)]
[16Feb2026 16:57:35.596] [main/DEBUG] [mixin/]: Processing inject() for PlatformAgent[MixinPlatformAgentDefault:SecureJarResource(cloth_config)]
[16Feb2026 16:57:35.596] [main/DEBUG] [mixin/]: Processing inject() for PlatformAgent[MixinPlatformAgentDefault:SecureJarResource(forge)]
[16Feb2026 16:57:35.596] [main/DEBUG] [mixin/]: Processing inject() for PlatformAgent[MixinPlatformAgentDefault:SecureJarResource(athena)]
[16Feb2026 16:57:35.596] [main/DEBUG] [mixin/]: Processing inject() for PlatformAgent[MixinPlatformAgentDefault:SecureJarResource(cobblemon_alatia)]
[16Feb2026 16:57:35.596] [main/DEBUG] [mixin/]: Processing inject() for PlatformAgent[MixinPlatformAgentDefault:SecureJarResource(minecraft)]
[16Feb2026 16:57:35.597] [main/DEBUG] [mixin/]: Processing inject() for PlatformAgent[MixinPlatformAgentDefault:SecureJarResource(simple_cobblemon_kit)]
[16Feb2026 16:57:35.597] [main/DEBUG] [mixin/]: Processing inject() for PlatformAgent[MixinPlatformAgentDefault:SecureJarResource(terrablender)]
[16Feb2026 16:57:35.597] [main/DEBUG] [mixin/]: Processing inject() for PlatformAgent[MixinPlatformAgentDefault:SecureJarResource(betterbeds)]
[16Feb2026 16:57:35.597] [main/DEBUG] [mixin/]: Processing inject() for PlatformAgent[MixinPlatformAgentDefault:SecureJarResource(cobblemonintegrations)]
[16Feb2026 16:57:35.597] [main/DEBUG] [mixin/]: Processing inject() for PlatformAgent[MixinPlatformAgentDefault:SecureJarResource(cobblemontrainers)]
[16Feb2026 16:57:35.597] [main/DEBUG] [mixin/]: Processing inject() for PlatformAgent[MixinPlatformAgentDefault:SecureJarResource(simpletms)]
[16Feb2026 16:57:35.597] [main/DEBUG] [mixin/]: Processing inject() for PlatformAgent[MixinPlatformAgentDefault:SecureJarResource(biomesoplenty)]
[16Feb2026 16:57:35.597] [main/DEBUG] [mixin/]: Processing inject() for PlatformAgent[MixinPlatformAgentDefault:SecureJarResource(jade)]
[16Feb2026 16:57:35.597] [main/DEBUG] [mixin/]: Processing inject() for PlatformAgent[MixinPlatformAgentDefault:SecureJarResource(mr_eggs_cobblemonaddon)]
[16Feb2026 16:57:35.597] [main/DEBUG] [mixin/]: Processing inject() for PlatformAgent[MixinPlatformAgentDefault:SecureJarResource(kotlinforforge)]
[16Feb2026 16:57:35.597] [main/DEBUG] [mixin/]: Processing inject() for PlatformAgent[MixinPlatformAgentDefault:SecureJarResource(curios)]
[16Feb2026 16:57:35.597] [main/DEBUG] [mixin/]: Processing inject() for PlatformAgent[MixinPlatformAgentDefault:SecureJarResource(patchouli)]
[16Feb2026 16:57:35.597] [main/DEBUG] [mixin/]: Processing inject() for PlatformAgent[MixinPlatformAgentDefault:SecureJarResource(capture_xp)]
[16Feb2026 16:57:35.597] [main/DEBUG] [mixin/]: Processing inject() for PlatformAgent[MixinPlatformAgentDefault:SecureJarResource(megamons)]
[16Feb2026 16:57:35.597] [main/DEBUG] [mixin/]: Processing inject() for PlatformAgent[MixinPlatformAgentDefault:SecureJarResource(cobblemon)]
[16Feb2026 16:57:35.597] [main/DEBUG] [mixin/]: Processing inject() for PlatformAgent[MixinPlatformAgentDefault:SecureJarResource(cobbledex)]
[16Feb2026 16:57:35.597] [main/DEBUG] [mixin/]: Processing inject() for PlatformAgent[MixinPlatformAgentDefault:SecureJarResource(cobblepedia)]
[16Feb2026 16:57:35.597] [main/DEBUG] [mixin/]: Processing inject() for PlatformAgent[MixinPlatformAgentDefault:SecureJarResource(fightorflight)]
[16Feb2026 16:57:35.597] [main/DEBUG] [mixin/]: Processing inject() for PlatformAgent[MixinPlatformAgentDefault:SecureJarResource(architectury)]
[16Feb2026 16:57:35.597] [main/DEBUG] [mixin/]: Processing inject() for PlatformAgent[MixinPlatformAgentDefault:SecureJarResource(cobgyms)]
[16Feb2026 16:57:35.597] [main/DEBUG] [mixin/]: Processing inject() for PlatformAgent[MixinPlatformAgentDefault:SecureJarResource(ftblibrary)]
[16Feb2026 16:57:35.597] [main/DEBUG] [mixin/]: Processing inject() for PlatformAgent[MixinPlatformAgentDefault:SecureJarResource(ftbteams)]
[16Feb2026 16:57:35.597] [main/DEBUG] [mixin/]: Processing inject() for PlatformAgent[MixinPlatformAgentDefault:SecureJarResource(ftbquests)]
[16Feb2026 16:57:35.597] [main/DEBUG] [mixin/]: Processing inject() for PlatformAgent[MixinPlatformAgentDefault:SecureJarResource(cobblemore_lib)]
[16Feb2026 16:57:35.597] [main/DEBUG] [mixin/]: Processing inject() for PlatformAgent[MixinPlatformAgentDefault:SecureJarResource(cobblemon_poke_labs)]
[16Feb2026 16:57:35.597] [main/DEBUG] [mixin/]: Processing inject() for PlatformAgent[MixinPlatformAgentDefault:SecureJarResource(cobblemon_simple_center)]
[16Feb2026 16:57:35.598] [main/DEBUG] [mixin/]: Processing inject() for PlatformAgent[MixinPlatformAgentDefault:SecureJarResource(cobblemonmegas)]
[16Feb2026 16:57:35.598] [main/DEBUG] [mixin/]: Processing inject() for PlatformAgent[MixinPlatformAgentDefault:SecureJarResource(cobblemonrider)]
[16Feb2026 16:57:35.598] [main/DEBUG] [mixin/]: Processing inject() for PlatformAgent[MixinPlatformAgentDefault:SecureJarResource(mythsandlegends)]
[16Feb2026 16:57:35.598] [main/DEBUG] [mixin/]: Processing inject() for PlatformAgent[MixinPlatformAgentDefault:SecureJarResource(betterf3)]
[16Feb2026 16:57:35.598] [main/DEBUG] [mixin/]: Processing inject() for PlatformAgent[MixinPlatformAgentDefault:SecureJarResource(unchained)]
[16Feb2026 16:57:35.598] [main/DEBUG] [mixin/]: Processing inject() for PlatformAgent[MixinPlatformAgentDefault:SecureJarResource(cobbledollars)]
[16Feb2026 16:57:35.598] [main/DEBUG] [mixin/]: Processing inject() for PlatformAgent[MixinPlatformAgentDefault:SecureJarResource(mixinextras.neoforge)]
[16Feb2026 16:57:35.598] [main/DEBUG] [mixin/]: Processing inject() for PlatformAgent[MixinPlatformAgentDefault:SecureJarResource(toml4j)]
[16Feb2026 16:57:35.598] [main/DEBUG] [mixin/]: Processing inject() for PlatformAgent[MixinPlatformAgentDefault:SecureJarResource(thedarkcolour.kotlinforforge.kfflib)]
[16Feb2026 16:57:35.598] [main/INFO] [cpw.mods.modlauncher.LaunchServiceHandler/MODLAUNCHER]: Launching target 'forgeserver' with arguments [nogui]
[16Feb2026 16:57:35.636] [main/DEBUG] [mixin/]: Error cleaning class output directory: .mixin.out
[16Feb2026 16:57:35.637] [main/DEBUG] [mixin/]: Preparing mixins for MixinEnvironment[DEFAULT]
[16Feb2026 16:57:35.637] [main/DEBUG] [mixin/]: Selecting config mixins.fossiltweaks.json
[16Feb2026 16:57:35.643] [main/DEBUG] [mixin/]: Selecting config cobblemon_quests-common.mixins.json
[16Feb2026 16:57:35.644] [main/DEBUG] [mixin/]: Selecting config journeymap.mixins.json
[16Feb2026 16:57:35.645] [main/DEBUG] [mixin/]: Selecting config citadel.mixins.json
[16Feb2026 16:57:35.647] [main/DEBUG] [mixin/]: Selecting config glitchcore.mixins.json
[16Feb2026 16:57:35.649] [main/DEBUG] [mixin/]: Selecting config glitchcore.forge.mixins.json
[16Feb2026 16:57:35.651] [main/DEBUG] [mixin/]: Selecting config midnightlib.mixins.json
[16Feb2026 16:57:35.653] [main/DEBUG] [mixin/]: Selecting config gravels_extended_battles_forge.mixins.json
[16Feb2026 16:57:35.654] [main/DEBUG] [mixin/]: Selecting config gravels_extended_battles_common.mixins.json
[16Feb2026 16:57:35.658] [main/DEBUG] [mixin/]: Selecting config cameraoverhaul.mixins.json
[16Feb2026 16:57:35.669] [main/DEBUG] [mixin/]: Selecting config athena.mixins.json
[16Feb2026 16:57:35.670] [main/DEBUG] [mixin/]: Selecting config athena-forge.mixins.json
[16Feb2026 16:57:35.671] [main/DEBUG] [mixin/]: Selecting config terrablender.mixins.json
[16Feb2026 16:57:35.672] [main/DEBUG] [mixin/]: Selecting config terrablender_forge.mixins.json
[16Feb2026 16:57:35.674] [main/DEBUG] [mixin/]: Selecting config betterbeds.mixins.json
[16Feb2026 16:57:35.675] [main/DEBUG] [mixin/]: Selecting config cobblemonintegrations-common.mixins.json
[16Feb2026 16:57:35.676] [main/DEBUG] [mixin/]: Selecting config cobblemonintegrations.mixins.json
[16Feb2026 16:57:35.677] [main/DEBUG] [mixin/]: Selecting config cobblemontrainers-common.mixins.json
[16Feb2026 16:57:35.679] [main/DEBUG] [mixin/]: Selecting config cobblemontrainers.mixins.json
[16Feb2026 16:57:35.680] [main/DEBUG] [mixin/]: Selecting config biomesoplenty.mixins.json
[16Feb2026 16:57:35.681] [main/DEBUG] [mixin/]: Selecting config biomesoplenty.forge.mixins.json
[16Feb2026 16:57:35.682] [main/DEBUG] [mixin/]: Selecting config jade.mixins.json
[16Feb2026 16:57:35.684] [main/DEBUG] [mixin/]: Selecting config curios.mixins.json
[16Feb2026 16:57:35.685] [main/DEBUG] [mixin/]: Selecting config patchouli_xplat.mixins.json
[16Feb2026 16:57:35.686] [main/DEBUG] [mixin/]: Selecting config mixins.megamons-forge.json
[16Feb2026 16:57:35.687] [main/WARN] [mixin/]: Reference map 'megamons-forge-refmap.json' for mixins.megamons-forge.json could not be read. If this is a development environment you can ignore this message
[16Feb2026 16:57:35.688] [main/DEBUG] [mixin/]: Selecting config mixins.megamons-common.json
[16Feb2026 16:57:35.689] [main/DEBUG] [mixin/]: Selecting config mixins.cobblemon-forge.json
[16Feb2026 16:57:35.690] [main/DEBUG] [mixin/]: Selecting config mixins.cobblemon-common.json
[16Feb2026 16:57:35.692] [main/DEBUG] [mixin/]: Selecting config fightorflight.mixins_common.json
[16Feb2026 16:57:35.693] [main/DEBUG] [mixin/]: Selecting config architectury.mixins.json
[16Feb2026 16:57:35.697] [main/DEBUG] [mixin/]: Selecting config architectury-common.mixins.json
[16Feb2026 16:57:35.698] [main/DEBUG] [mixin/]: Selecting config cobgyms.mixins.json
[16Feb2026 16:57:35.700] [main/DEBUG] [mixin/]: Selecting config ftblibrary-common.mixins.json
[16Feb2026 16:57:35.701] [main/DEBUG] [mixin/]: Selecting config cobblemore_lib.mixins.json
[16Feb2026 16:57:35.702] [main/WARN] [mixin/]: Reference map 'cobblemore_lib-common-common-refmap.json' for cobblemore_lib.mixins.json could not be read. If this is a development environment you can ignore this message
[16Feb2026 16:57:35.702] [main/DEBUG] [mixin/]: Selecting config cobblemon_poke_labs.mixins.json
[16Feb2026 16:57:35.703] [main/WARN] [mixin/]: Reference map 'cobblemon_poke_labs-common-common-refmap.json' for cobblemon_poke_labs.mixins.json could not be read. If this is a development environment you can ignore this message
[16Feb2026 16:57:35.703] [main/DEBUG] [mixin/]: Selecting config cobblemon_simple_center.mixins.json
[16Feb2026 16:57:35.705] [main/WARN] [mixin/]: Reference map 'cobblemon_simple_center-common-common-refmap.json' for cobblemon_simple_center.mixins.json could not be read. If this is a development environment you can ignore this message
[16Feb2026 16:57:35.705] [main/DEBUG] [mixin/]: Selecting config mixins.cobblemonmegas-common.json
[16Feb2026 16:57:35.706] [main/DEBUG] [mixin/]: Selecting config cobblemonrider.mixins.json
[16Feb2026 16:57:35.707] [main/DEBUG] [mixin/]: Selecting config mythsandlegends-common.mixins.json
[16Feb2026 16:57:35.708] [main/DEBUG] [mixin/]: Selecting config mythsandlegends-common.cobblemon.mixins.json
[16Feb2026 16:57:35.709] [main/DEBUG] [mixin/]: Selecting config mythsandlegends.mixins.json
[16Feb2026 16:57:35.713] [main/DEBUG] [mixin/]: Selecting config betterf3.mixins.json
[16Feb2026 16:57:35.714] [main/DEBUG] [mixin/]: Selecting config betterf3.forge.mixins.json
[16Feb2026 16:57:35.715] [main/DEBUG] [mixin/]: Selecting config mixins.cobbledollars-common.json
[16Feb2026 16:57:35.717] [main/DEBUG] [mixin/]: Selecting config mixinextras.init.mixins.json
[16Feb2026 16:57:35.772] [main/DEBUG] [MixinExtras|Service/]: com.llamalad7.mixinextras.service.MixinExtrasServiceImpl(version=0.5.0) is taking over from null
[16Feb2026 16:57:35.813] [main/DEBUG] [mixin/]: Registering new injector for @Inject with org.spongepowered.asm.mixin.injection.struct.CallbackInjectionInfo
[16Feb2026 16:57:35.815] [main/DEBUG] [mixin/]: Registering new injector for @ModifyArg with org.spongepowered.asm.mixin.injection.struct.ModifyArgInjectionInfo
[16Feb2026 16:57:35.816] [main/DEBUG] [mixin/]: Registering new injector for @ModifyArgs with org.spongepowered.asm.mixin.injection.struct.ModifyArgsInjectionInfo
[16Feb2026 16:57:35.818] [main/DEBUG] [mixin/]: Registering new injector for @Redirect with org.spongepowered.asm.mixin.injection.struct.RedirectInjectionInfo
[16Feb2026 16:57:35.819] [main/DEBUG] [mixin/]: Registering new injector for @ModifyVariable with org.spongepowered.asm.mixin.injection.struct.ModifyVariableInjectionInfo
[16Feb2026 16:57:35.821] [main/DEBUG] [mixin/]: Registering new injector for @ModifyConstant with org.spongepowered.asm.mixin.injection.struct.ModifyConstantInjectionInfo
[16Feb2026 16:57:35.833] [main/DEBUG] [mixin/]: Preparing mixins.fossiltweaks.json (1)
[16Feb2026 16:57:35.861] [main/DEBUG] [mixin/]: Preparing cobblemon_quests-common.mixins.json (1)
[16Feb2026 16:57:35.864] [main/DEBUG] [mixin/]: Preparing journeymap.mixins.json (3)
[16Feb2026 16:57:35.864] [main/DEBUG] [mixin/]: Preparing citadel.mixins.json (16)
[16Feb2026 16:57:36.006] [main/DEBUG] [mixin/]: Preparing glitchcore.mixins.json (4)
[16Feb2026 16:57:36.015] [main/DEBUG] [net.minecraftforge.coremod.transformer.CoreModBaseTransformer/COREMOD]: Transforming net/minecraft/world/item/ItemStack
[16Feb2026 16:57:36.059] [main/DEBUG] [mixin/]: Preparing glitchcore.forge.mixins.json (7)
[16Feb2026 16:57:36.089] [main/DEBUG] [mixin/]: Preparing midnightlib.mixins.json (1)
[16Feb2026 16:57:36.089] [main/DEBUG] [mixin/]: Preparing gravels_extended_battles_forge.mixins.json (1)
[16Feb2026 16:57:36.092] [main/DEBUG] [mixin/]: Preparing gravels_extended_battles_common.mixins.json (17)
[16Feb2026 16:57:36.122] [main/DEBUG] [mixin/]: Preparing cameraoverhaul.mixins.json (0)
[16Feb2026 16:57:36.122] [main/DEBUG] [mixin/]: Preparing athena.mixins.json (1)
[16Feb2026 16:57:36.122] [main/DEBUG] [mixin/]: Preparing athena-forge.mixins.json (1)
[16Feb2026 16:57:36.122] [main/DEBUG] [mixin/]: Preparing terrablender.mixins.json (7)
[16Feb2026 16:57:36.136] [main/DEBUG] [mixin/]: Preparing terrablender_forge.mixins.json (0)
[16Feb2026 16:57:36.137] [main/DEBUG] [mixin/]: Preparing betterbeds.mixins.json (2)
[16Feb2026 16:57:36.137] [main/DEBUG] [mixin/]: Preparing cobblemonintegrations-common.mixins.json (5)
[16Feb2026 16:57:36.153] [main/DEBUG] [mixin/]: Preparing cobblemonintegrations.mixins.json (0)
[16Feb2026 16:57:36.153] [main/DEBUG] [mixin/]: Preparing cobblemontrainers-common.mixins.json (5)
[16Feb2026 16:57:36.168] [main/DEBUG] [mixin/]: Preparing cobblemontrainers.mixins.json (0)
[16Feb2026 16:57:36.168] [main/DEBUG] [mixin/]: Preparing biomesoplenty.mixins.json (0)
[16Feb2026 16:57:36.168] [main/DEBUG] [mixin/]: Preparing biomesoplenty.forge.mixins.json (2)
[16Feb2026 16:57:36.171] [main/DEBUG] [mixin/]: Preparing jade.mixins.json (2)
[16Feb2026 16:57:36.171] [main/DEBUG] [mixin/]: Preparing curios.mixins.json (13)
[16Feb2026 16:57:36.231] [main/DEBUG] [mixin/]: Preparing patchouli_xplat.mixins.json (10)
[16Feb2026 16:57:36.236] [main/DEBUG] [mixin/]: Preparing mixins.megamons-forge.json (0)
[16Feb2026 16:57:36.236] [main/DEBUG] [mixin/]: Preparing mixins.megamons-common.json (3)
[16Feb2026 16:57:36.249] [main/DEBUG] [mixin/]: Preparing mixins.cobblemon-forge.json (1)
[16Feb2026 16:57:36.250] [main/DEBUG] [mixin/]: Preparing mixins.cobblemon-common.json (40)
[16Feb2026 16:57:36.274] [main/DEBUG] [net.minecraftforge.coremod.transformer.CoreModBaseTransformer/COREMOD]: Transforming net/minecraft/world/entity/npc/Villager
[16Feb2026 16:57:36.733] [main/DEBUG] [net.minecraftforge.coremod.transformer.CoreModBaseTransformer/COREMOD]: Transforming net/minecraft/world/effect/MobEffectInstance
[16Feb2026 16:57:36.752] [main/WARN] [mixin/]: Error loading class: juuxel/adorn/block/variant/BlockVariantSets (java.lang.ClassNotFoundException: juuxel.adorn.block.variant.BlockVariantSets)
[16Feb2026 16:57:36.752] [main/WARN] [mixin/]: @Mixin target juuxel.adorn.block.variant.BlockVariantSets was not found mixins.cobblemon-common.json:invoker.AdornRegisterInvoker
[16Feb2026 16:57:36.785] [main/DEBUG] [net.minecraftforge.coremod.transformer.CoreModBaseTransformer/COREMOD]: Transforming net/minecraft/world/level/block/StairBlock
[16Feb2026 16:57:36.796] [main/DEBUG] [mixin/]: Preparing fightorflight.mixins_common.json (5)
[16Feb2026 16:57:36.801] [main/DEBUG] [mixin/]: Preparing architectury.mixins.json (9)
[16Feb2026 16:57:36.810] [main/DEBUG] [mixin/]: Preparing architectury-common.mixins.json (10)
[16Feb2026 16:57:36.818] [main/DEBUG] [net.minecraftforge.coremod.transformer.CoreModBaseTransformer/COREMOD]: Transforming net/minecraft/world/item/BucketItem
[16Feb2026 16:57:36.825] [main/DEBUG] [net.minecraftforge.coremod.transformer.CoreModBaseTransformer/COREMOD]: Transforming net/minecraft/world/entity/EntityType
[16Feb2026 16:57:36.914] [main/DEBUG] [net.minecraftforge.coremod.transformer.CoreModBaseTransformer/COREMOD]: Transforming net/minecraft/world/level/block/LiquidBlock
[16Feb2026 16:57:36.921] [main/DEBUG] [mixin/]: Preparing cobgyms.mixins.json (0)
[16Feb2026 16:57:36.921] [main/DEBUG] [mixin/]: Preparing ftblibrary-common.mixins.json (5)
[16Feb2026 16:57:36.929] [main/DEBUG] [mixin/]: Preparing cobblemore_lib.mixins.json (0)
[16Feb2026 16:57:36.929] [main/DEBUG] [mixin/]: Preparing cobblemon_poke_labs.mixins.json (0)
[16Feb2026 16:57:36.929] [main/DEBUG] [mixin/]: Preparing cobblemon_simple_center.mixins.json (0)
[16Feb2026 16:57:36.929] [main/DEBUG] [mixin/]: Preparing mixins.cobblemonmegas-common.json (5)
[16Feb2026 16:57:36.937] [main/DEBUG] [mixin/]: Preparing cobblemonrider.mixins.json (5)
[16Feb2026 16:57:36.953] [main/DEBUG] [mixin/]: Preparing mythsandlegends-common.mixins.json (0)
[16Feb2026 16:57:36.953] [main/DEBUG] [mixin/]: Preparing mythsandlegends-common.cobblemon.mixins.json (4)
[16Feb2026 16:57:36.962] [main/DEBUG] [mixin/]: Preparing mythsandlegends.mixins.json (0)
[16Feb2026 16:57:36.962] [main/DEBUG] [mixin/]: Preparing betterf3.mixins.json (10)
[16Feb2026 16:57:36.962] [main/DEBUG] [mixin/]: Preparing betterf3.forge.mixins.json (1)
[16Feb2026 16:57:36.962] [main/DEBUG] [mixin/]: Preparing mixins.cobbledollars-common.json (6)
[16Feb2026 16:57:36.968] [main/DEBUG] [net.minecraftforge.coremod.transformer.CoreModBaseTransformer/COREMOD]: Transforming net/minecraft/world/entity/monster/Zombie
[16Feb2026 16:57:37.091] [main/DEBUG] [net.minecraftforge.coremod.transformer.CoreModBaseTransformer/COREMOD]: Transforming net/minecraft/world/entity/monster/ZombieVillager
[16Feb2026 16:57:37.164] [main/DEBUG] [mixin/]: Preparing mixinextras.init.mixins.json (0)
[16Feb2026 16:57:37.190] [main/DEBUG] [mixin/]: Inner class glitchcore/forge/mixin/impl/MixinPacketHandler$1 in glitchcore/forge/mixin/impl/MixinPacketHandler on glitchcore/network/PacketHandler gets unique name glitchcore/network/PacketHandler$Anonymous$df4aa6a53e9243edb4a0ea8aeb8ed779
[16Feb2026 16:57:37.196] [main/DEBUG] [CameraOverhaul/]: Applying present mixin: 'mirsario.cameraoverhaul.mixins.CameraMixin'.
[16Feb2026 16:57:37.196] [main/DEBUG] [CameraOverhaul/]: Applying present mixin: 'mirsario.cameraoverhaul.mixins.ExplosionMixin'.
[16Feb2026 16:57:37.196] [main/DEBUG] [CameraOverhaul/]: Applying present mixin: 'mirsario.cameraoverhaul.mixins.GameRendererMixin'.
[16Feb2026 16:57:37.197] [main/DEBUG] [CameraOverhaul/]: Applying present mixin: 'mirsario.cameraoverhaul.mixins.LightningBoltMixin'.
[16Feb2026 16:57:37.197] [main/DEBUG] [CameraOverhaul/]: Applying present mixin: 'mirsario.cameraoverhaul.mixins.LocalPlayerMixin'.
[16Feb2026 16:57:37.200] [main/ERROR] [net.minecraftforge.fml.loading.RuntimeDistCleaner/DISTXFORM]: Attempted to load class net/minecraft/client/Camera for invalid dist DEDICATED_SERVER
[16Feb2026 16:57:37.201] [main/WARN] [mixin/]: Error loading class: net/minecraft/client/Camera (java.lang.RuntimeException: Attempted to load class net/minecraft/client/Camera for invalid dist DEDICATED_SERVER)
[16Feb2026 16:57:37.202] [main/WARN] [mixin/]: @Mixin target net.minecraft.client.Camera was not found cameraoverhaul.mixins.json:CameraMixin
[16Feb2026 16:57:37.205] [main/ERROR] [net.minecraftforge.fml.loading.RuntimeDistCleaner/DISTXFORM]: Attempted to load class net/minecraft/client/renderer/GameRenderer for invalid dist DEDICATED_SERVER
[16Feb2026 16:57:37.205] [main/WARN] [mixin/]: Error loading class: net/minecraft/client/renderer/GameRenderer (java.lang.RuntimeException: Attempted to load class net/minecraft/client/renderer/GameRenderer for invalid dist DEDICATED_SERVER)
[16Feb2026 16:57:37.205] [main/WARN] [mixin/]: @Mixin target net.minecraft.client.renderer.GameRenderer was not found cameraoverhaul.mixins.json:GameRendererMixin
[16Feb2026 16:57:37.208] [main/ERROR] [net.minecraftforge.fml.loading.RuntimeDistCleaner/DISTXFORM]: Attempted to load class net/minecraft/client/player/LocalPlayer for invalid dist DEDICATED_SERVER
[16Feb2026 16:57:37.208] [main/WARN] [mixin/]: Error loading class: net/minecraft/client/player/LocalPlayer (java.lang.RuntimeException: Attempted to load class net/minecraft/client/player/LocalPlayer for invalid dist DEDICATED_SERVER)
[16Feb2026 16:57:37.209] [main/WARN] [mixin/]: @Mixin target net.minecraft.client.player.LocalPlayer was not found cameraoverhaul.mixins.json:LocalPlayerMixin
[16Feb2026 16:57:37.285] [main/DEBUG] [mixin/]: Prepared 135 mixins in 1.647 sec (12.2ms avg) (0ms load, 0ms transform, 0ms plugin)
[16Feb2026 16:57:37.296] [main/INFO] [MixinExtras|Service/]: Initializing MixinExtras via com.llamalad7.mixinextras.service.MixinExtrasServiceImpl(version=0.5.0).
[16Feb2026 16:57:37.298] [main/DEBUG] [mixin/]: Registering new injector for @SugarWrapper with com.llamalad7.mixinextras.sugar.impl.SugarWrapperInjectionInfo
[16Feb2026 16:57:37.298] [main/DEBUG] [mixin/]: Registering new injector for @FactoryRedirectWrapper with com.llamalad7.mixinextras.wrapper.factory.FactoryRedirectWrapperInjectionInfo
[16Feb2026 16:57:37.299] [main/DEBUG] [mixin/]: Registering new injector for @ExpressionInjectorWrapper with com.llamalad7.mixinextras.expression.impl.wrapper.ExpressionInjectorWrapperInjectionInfo
[16Feb2026 16:57:37.311] [main/DEBUG] [mixin/]: Mixing MinecraftServerMixin from citadel.mixins.json into net.minecraft.server.MinecraftServer
[16Feb2026 16:57:37.443] [main/DEBUG] [io.netty.util.internal.logging.InternalLoggerFactory/]: Using SLF4J as the default logging framework
[16Feb2026 16:57:37.447] [main/DEBUG] [io.netty.util.ResourceLeakDetector/]: -Dio.netty.leakDetection.level: simple
[16Feb2026 16:57:37.448] [main/DEBUG] [io.netty.util.ResourceLeakDetector/]: -Dio.netty.leakDetection.targetRecords: 4
[16Feb2026 16:57:37.568] [main/DEBUG] [mixin/]: Mixing ResourceLocationMixin from ftblibrary-common.mixins.json into net.minecraft.resources.ResourceLocation
[16Feb2026 16:57:37.568] [main/DEBUG] [mixin/]: ftblibrary-common.mixins.json:ResourceLocationMixin: Class version 61 required is higher than the class version supported by the current version of Mixin (JAVA_8 supports class version 52)
[16Feb2026 16:57:37.624] [main/DEBUG] [mixin/]: Mixing CrashReportMixin from mixins.cobblemon-common.json into net.minecraft.CrashReport
[16Feb2026 16:57:37.688] [main/DEBUG] [oshi.util.FileUtil/]: No oshi.properties file found from ClassLoader cpw.mods.modlauncher.TransformingClassLoader@e784320
[16Feb2026 16:57:37.689] [main/DEBUG] [oshi.util.FileUtil/]: No oshi.properties file found from ClassLoader jdk.internal.loader.ClassLoaders$AppClassLoader@76ed5528
[16Feb2026 16:57:37.741] [main/DEBUG] [oshi.util.FileUtil/]: Reading file /proc/self/auxv
[16Feb2026 16:57:37.742] [main/DEBUG] [oshi.util.FileUtil/]: Reading file /proc/self/auxv
[16Feb2026 16:57:37.747] [main/DEBUG] [oshi.util.FileUtil/]: Reading file /proc/stat
[16Feb2026 16:57:37.754] [main/DEBUG] [oshi.util.FileUtil/]: Reading file /sys/devices/system/cpu/cpu0/topology/core_id
[16Feb2026 16:57:37.755] [main/DEBUG] [oshi.util.FileUtil/]: Reading file /sys/devices/system/cpu/cpu0/topology/core_id
[16Feb2026 16:57:37.755] [main/DEBUG] [oshi.util.FileUtil/]: Reading file /sys/devices/system/cpu/cpu0/topology/physical_package_id
[16Feb2026 16:57:37.755] [main/DEBUG] [oshi.util.FileUtil/]: Reading file /sys/devices/system/cpu/cpu0/topology/physical_package_id
[16Feb2026 16:57:37.755] [main/DEBUG] [oshi.util.FileUtil/]: Reading file /sys/devices/system/cpu/cpu0/cpu_capacity
[16Feb2026 16:57:37.757] [main/DEBUG] [oshi.util.FileUtil/]: Reading file /sys/devices/system/cpu/cpu1/topology/core_id
[16Feb2026 16:57:37.757] [main/DEBUG] [oshi.util.FileUtil/]: Reading file /sys/devices/system/cpu/cpu1/topology/core_id
[16Feb2026 16:57:37.757] [main/DEBUG] [oshi.util.FileUtil/]: Reading file /sys/devices/system/cpu/cpu1/topology/physical_package_id
[16Feb2026 16:57:37.757] [main/DEBUG] [oshi.util.FileUtil/]: Reading file /sys/devices/system/cpu/cpu1/topology/physical_package_id
[16Feb2026 16:57:37.757] [main/DEBUG] [oshi.util.FileUtil/]: Reading file /sys/devices/system/cpu/cpu1/cpu_capacity
[16Feb2026 16:57:37.758] [main/DEBUG] [oshi.util.FileUtil/]: Reading file /sys/devices/system/cpu/cpu2/topology/core_id
[16Feb2026 16:57:37.758] [main/DEBUG] [oshi.util.FileUtil/]: Reading file /sys/devices/system/cpu/cpu2/topology/core_id
[16Feb2026 16:57:37.758] [main/DEBUG] [oshi.util.FileUtil/]: Reading file /sys/devices/system/cpu/cpu2/topology/physical_package_id
[16Feb2026 16:57:37.758] [main/DEBUG] [oshi.util.FileUtil/]: Reading file /sys/devices/system/cpu/cpu2/topology/physical_package_id
[16Feb2026 16:57:37.758] [main/DEBUG] [oshi.util.FileUtil/]: Reading file /sys/devices/system/cpu/cpu2/cpu_capacity
[16Feb2026 16:57:37.759] [main/DEBUG] [oshi.util.FileUtil/]: Reading file /sys/devices/system/cpu/cpu3/topology/core_id
[16Feb2026 16:57:37.759] [main/DEBUG] [oshi.util.FileUtil/]: Reading file /sys/devices/system/cpu/cpu3/topology/core_id
[16Feb2026 16:57:37.759] [main/DEBUG] [oshi.util.FileUtil/]: Reading file /sys/devices/system/cpu/cpu3/topology/physical_package_id
[16Feb2026 16:57:37.759] [main/DEBUG] [oshi.util.FileUtil/]: Reading file /sys/devices/system/cpu/cpu3/topology/physical_package_id
[16Feb2026 16:57:37.759] [main/DEBUG] [oshi.util.FileUtil/]: Reading file /sys/devices/system/cpu/cpu3/cpu_capacity
[16Feb2026 16:57:37.761] [main/DEBUG] [oshi.util.FileUtil/]: Reading file /proc/cpuinfo
[16Feb2026 16:57:37.771] [main/DEBUG] [oshi.util.FileUtil/]: Reading file /proc/self/auxv
[16Feb2026 16:57:37.774] [main/DEBUG] [oshi.util.FileUtil/]: No oshi.architecture.properties file found from ClassLoader cpw.mods.modlauncher.TransformingClassLoader@e784320
[16Feb2026 16:57:37.775] [main/DEBUG] [oshi.util.FileUtil/]: No oshi.architecture.properties file found from ClassLoader jdk.internal.loader.ClassLoaders$AppClassLoader@76ed5528
[16Feb2026 16:57:37.794] [main/DEBUG] [oshi.util.FileUtil/]: Reading file /proc/meminfo
[16Feb2026 16:57:37.795] [main/DEBUG] [oshi.util.FileUtil/]: Reading file /proc/meminfo
[16Feb2026 16:57:37.840] [main/DEBUG] [mixin/]: Mixing MixinBuiltInRegistries from terrablender.mixins.json into net.minecraft.core.registries.BuiltInRegistries
[16Feb2026 16:57:37.841] [main/DEBUG] [mixin/]: Renaming synthetic method lambda$registerSimple$0(Lnet/minecraft/core/registries/BuiltInRegistries$RegistryBootstrap;Lnet/minecraft/core/Registry;)Ljava/lang/Object; to md8fbb72$lambda$registerSimple$0$0 in terrablender.mixins.json:MixinBuiltInRegistries
[16Feb2026 16:57:37.905] [main/DEBUG] [mixin/]: Mixing inject.MixinGameEvent from architectury-common.mixins.json into net.minecraft.world.level.gameevent.GameEvent
[16Feb2026 16:57:37.935] [main/DEBUG] [mixin/]: Mixing inject.MixinBlock from architectury-common.mixins.json into net.minecraft.world.level.block.Block
[16Feb2026 16:57:37.964] [main/DEBUG] [mixin/]: Mixing AccessorEntity from curios.mixins.json into net.minecraft.world.entity.Entity
[16Feb2026 16:57:37.969] [main/DEBUG] [mixin/]: Mixing accessor.AccessorEntity from mixins.cobblemon-common.json into net.minecraft.world.entity.Entity
[16Feb2026 16:57:38.025] [main/DEBUG] [mixin/]: Mixing LivingEntityMixin from citadel.mixins.json into net.minecraft.world.entity.LivingEntity
[16Feb2026 16:57:38.043] [main/DEBUG] [mixin/]: Mixing MixinLivingEntity from curios.mixins.json into net.minecraft.world.entity.LivingEntity
[16Feb2026 16:57:38.045] [main/DEBUG] [mixin/]: Mixing LivingEntityMixin from mixins.cobblemon-common.json into net.minecraft.world.entity.LivingEntity
[16Feb2026 16:57:38.111] [main/DEBUG] [mixin/]: Mixing LevelMixin from citadel.mixins.json into net.minecraft.world.level.Level
[16Feb2026 16:57:38.151] [main/DEBUG] [mixin/]: Mixing ServerLevelMixin from citadel.mixins.json into net.minecraft.server.level.ServerLevel
[16Feb2026 16:57:38.153] [main/DEBUG] [mixin/]: Mixing MixinServerLevel from glitchcore.mixins.json into net.minecraft.server.level.ServerLevel
[16Feb2026 16:57:38.154] [main/DEBUG] [mixin/]: Mixing MinecraftDedicatedServerMixin from mixins.cobblemon-common.json into net.minecraft.server.level.ServerLevel
[16Feb2026 16:57:38.194] [main/DEBUG] [mixin/]: Mixing PlayerMixin from mixins.cobblemon-common.json into net.minecraft.world.entity.player.Player
[16Feb2026 16:57:38.197] [main/DEBUG] [mixin/]: Renaming synthetic method lambda$onEatFood$1(Lnet/minecraft/server/level/ServerPlayer;Lcom/cobblemon/mod/common/api/events/item/LeftoversCreatedEvent;)Lkotlin/Unit; to md8fbb72$lambda$onEatFood$1$0 in mixins.cobblemon-common.json:PlayerMixin
[16Feb2026 16:57:38.197] [main/DEBUG] [mixin/]: Renaming synthetic method lambda$onEatFood$0(Lcom/cobblemon/mod/common/api/events/item/LeftoversCreatedEvent;)Lkotlin/Unit; to md8fbb72$lambda$onEatFood$0$1 in mixins.cobblemon-common.json:PlayerMixin
[16Feb2026 16:57:38.242] [main/DEBUG] [mixin/]: Mixing PlayerMixin from cobblemonrider.mixins.json into net.minecraft.world.entity.player.Player
[16Feb2026 16:57:38.242] [main/DEBUG] [mixin/]: cobblemonrider.mixins.json:PlayerMixin: Class version 61 required is higher than the class version supported by the current version of Mixin (JAVA_8 supports class version 52)
[16Feb2026 16:57:38.251] [main/DEBUG] [mixin/]: Mixing PlayerMixin from mixins.cobbledollars-common.json into net.minecraft.world.entity.player.Player
[16Feb2026 16:57:38.378] [main/DEBUG] [mixin/]: Mixing inject.MixinFluid from architectury-common.mixins.json into net.minecraft.world.level.material.Fluid
[16Feb2026 16:57:38.383] [main/DEBUG] [mixin/]: Mixing inject.MixinItem from architectury-common.mixins.json into net.minecraft.world.item.Item
[16Feb2026 16:57:38.386] [main/DEBUG] [mixin/]: Mixing ItemMixin from ftblibrary-common.mixins.json into net.minecraft.world.item.Item
[16Feb2026 16:57:38.386] [main/DEBUG] [mixin/]: ftblibrary-common.mixins.json:ItemMixin: Class version 61 required is higher than the class version supported by the current version of Mixin (JAVA_8 supports class version 52)
[16Feb2026 16:57:38.386] [main/DEBUG] [mixin/]: Mixing ItemMixin from mixins.cobblemonmegas-common.json into net.minecraft.world.item.Item
[16Feb2026 16:57:38.406] [main/DEBUG] [net.minecraftforge.coremod.transformer.CoreModBaseTransformer/COREMOD]: Transforming net/minecraft/world/entity/EntityType
[16Feb2026 16:57:38.460] [main/DEBUG] [mixin/]: Mixing inject.MixinEntityType from architectury-common.mixins.json into net.minecraft.world.entity.EntityType
[16Feb2026 16:57:38.535] [main/DEBUG] [mixin/]: Mixing DecoratedPotPatternsMixin from mixins.cobblemon-common.json into net.minecraft.world.level.block.entity.DecoratedPotPatterns
[16Feb2026 16:57:38.579] [main/DEBUG] [mixin/]: Mixing invoker.FireBlockInvoker from mixins.cobblemon-common.json into net.minecraft.world.level.block.FireBlock
[16Feb2026 16:57:38.786] [main/DEBUG] [mixin/]: Mixing invoker.BlocksInvoker from mixins.cobblemon-common.json into net.minecraft.world.level.block.Blocks
[16Feb2026 16:57:38.788] [main/DEBUG] [mixin/]: Renaming @Invoker method createLogBlock(Lnet/minecraft/world/level/material/MapColor;Lnet/minecraft/world/level/material/MapColor;)Lnet/minecraft/world/level/block/RotatedPillarBlock; to createLogBlock_$md$8fbb72$0 in mixins.cobblemon-common.json:invoker.BlocksInvoker
[16Feb2026 16:57:38.788] [main/DEBUG] [mixin/]: Renaming @Invoker method createLeavesBlock(Lnet/minecraft/world/level/block/SoundType;)Lnet/minecraft/world/level/block/LeavesBlock; to createLeavesBlock_$md$8fbb72$1 in mixins.cobblemon-common.json:invoker.BlocksInvoker
[16Feb2026 16:57:38.789] [main/DEBUG] [mixin/]: Renaming @Invoker method createWoodenButtonBlock(Lnet/minecraft/world/level/block/state/properties/BlockSetType;[Lnet/minecraft/world/flag/FeatureFlag;)Lnet/minecraft/world/level/block/ButtonBlock; to createWoodenButtonBlock_$md$8fbb72$2 in mixins.cobblemon-common.json:invoker.BlocksInvoker
[16Feb2026 16:57:38.792] [main/DEBUG] [mixin/]: Renaming @Invoker method createFlowerPotBlock(Lnet/minecraft/world/level/block/Block;[Lnet/minecraft/world/flag/FeatureFlag;)Lnet/minecraft/world/level/block/FlowerPotBlock; to createFlowerPotBlock_$md$8fbb72$3 in mixins.cobblemon-common.json:invoker.BlocksInvoker
[16Feb2026 16:57:38.863] [main/DEBUG] [net.minecraftforge.coremod.transformer.CoreModBaseTransformer/COREMOD]: Transforming net/minecraft/world/level/block/LiquidBlock
[16Feb2026 16:57:38.863] [main/DEBUG] [mixin/]: Mixing inject.MixinLiquidBlock from architectury-common.mixins.json into net.minecraft.world.level.block.LiquidBlock
[16Feb2026 16:57:38.906] [main/DEBUG] [net.minecraftforge.coremod.transformer.CoreModBaseTransformer/COREMOD]: Transforming net/minecraft/world/level/block/StairBlock
[16Feb2026 16:57:38.908] [main/DEBUG] [mixin/]: Mixing invoker.StairsBlockInvoker from mixins.cobblemon-common.json into net.minecraft.world.level.block.StairBlock
[16Feb2026 16:57:38.908] [main/DEBUG] [mixin/]: Renaming @Invoker method cobblemon$create(Lnet/minecraft/world/level/block/state/BlockState;Lnet/minecraft/world/level/block/state/BlockBehaviour$Properties;)Lnet/minecraft/world/level/block/StairBlock; to cobblemon$create_$md$8fbb72$0 in mixins.cobblemon-common.json:invoker.StairsBlockInvoker
[16Feb2026 16:57:38.937] [main/DEBUG] [mixin/]: Mixing invoker.DoorBlockInvoker from mixins.cobblemon-common.json into net.minecraft.world.level.block.DoorBlock
[16Feb2026 16:57:38.937] [main/DEBUG] [mixin/]: Renaming @Invoker method cobblemon$create(Lnet/minecraft/world/level/block/state/BlockBehaviour$Properties;Lnet/minecraft/world/level/block/state/properties/BlockSetType;)Lnet/minecraft/world/level/block/DoorBlock; to cobblemon$create_$md$8fbb72$0 in mixins.cobblemon-common.json:invoker.DoorBlockInvoker
[16Feb2026 16:57:38.949] [main/DEBUG] [mixin/]: Mixing invoker.PressurePlateBlockInvoker from mixins.cobblemon-common.json into net.minecraft.world.level.block.PressurePlateBlock
[16Feb2026 16:57:38.950] [main/DEBUG] [mixin/]: Renaming @Invoker method cobblemon$create(Lnet/minecraft/world/level/block/PressurePlateBlock$Sensitivity;Lnet/minecraft/world/level/block/state/BlockBehaviour$Properties;Lnet/minecraft/world/level/block/state/properties/BlockSetType;)Lnet/minecraft/world/level/block/PressurePlateBlock; to cobblemon$create_$md$8fbb72$0 in mixins.cobblemon-common.json:invoker.PressurePlateBlockInvoker
[16Feb2026 16:57:38.973] [main/DEBUG] [mixin/]: Mixing invoker.TrapdoorBlockInvoker from mixins.cobblemon-common.json into net.minecraft.world.level.block.TrapDoorBlock
[16Feb2026 16:57:38.975] [main/DEBUG] [mixin/]: Renaming @Invoker method cobblemon$create(Lnet/minecraft/world/level/block/state/BlockBehaviour$Properties;Lnet/minecraft/world/level/block/state/properties/BlockSetType;)Lnet/minecraft/world/level/block/TrapDoorBlock; to cobblemon$create_$md$8fbb72$0 in mixins.cobblemon-common.json:invoker.TrapdoorBlockInvoker
[16Feb2026 16:57:39.003] [main/DEBUG] [net.minecraftforge.coremod.transformer.CoreModBaseTransformer/COREMOD]: Transforming net/minecraft/world/level/block/FlowerPotBlock
[16Feb2026 16:57:39.195] [main/DEBUG] [mixin/]: Mixing MixinPowderSnowBlock from curios.mixins.json into net.minecraft.world.level.block.PowderSnowBlock
[16Feb2026 16:57:39.206] [main/DEBUG] [mixin/]: Mixing PointedDripstoneBlockMixin from mixins.cobblemon-common.json into net.minecraft.world.level.block.PointedDripstoneBlock
[16Feb2026 16:57:39.376] [main/DEBUG] [mixin/]: Mixing MixinFallingBlockEntity from architectury.mixins.json into net.minecraft.world.entity.item.FallingBlockEntity
[16Feb2026 16:57:40.173] [main/DEBUG] [net.minecraftforge.coremod.transformer.CoreModBaseTransformer/COREMOD]: Transforming net/minecraft/world/item/ItemStack
[16Feb2026 16:57:40.177] [main/DEBUG] [mixin/]: Mixing MixinItemStack from glitchcore.mixins.json into net.minecraft.world.item.ItemStack
[16Feb2026 16:57:40.852] [main/DEBUG] [mixin/]: Mixing SmithingMenuMixin from citadel.mixins.json into net.minecraft.world.inventory.SmithingMenu
[16Feb2026 16:57:41.035] [main/DEBUG] [mixin/]: Mixing MixinLightningBolt from architectury-common.mixins.json into net.minecraft.world.entity.LightningBolt
[16Feb2026 16:57:41.037] [main/DEBUG] [mixin/]: Mixing LightningBoltMixin from cameraoverhaul.mixins.json into net.minecraft.world.entity.LightningBolt
[16Feb2026 16:57:41.037] [main/DEBUG] [mixin/]: cameraoverhaul.mixins.json:LightningBoltMixin: Class version 61 required is higher than the class version supported by the current version of Mixin (JAVA_8 supports class version 52)
[16Feb2026 16:57:41.115] [main/DEBUG] [net.minecraftforge.coremod.transformer.CoreModBaseTransformer/COREMOD]: Transforming net/minecraft/world/entity/animal/frog/Tadpole
[16Feb2026 16:57:41.231] [main/DEBUG] [net.minecraftforge.coremod.transformer.CoreModBaseTransformer/COREMOD]: Transforming net/minecraft/world/item/BucketItem
[16Feb2026 16:57:41.234] [main/DEBUG] [mixin/]: Mixing inject.MixinBucketItem from architectury-common.mixins.json into net.minecraft.world.item.BucketItem
[16Feb2026 16:57:41.262] [main/DEBUG] [mixin/]: Mixing MixinShearsItem from curios.mixins.json into net.minecraft.world.item.ShearsItem
[16Feb2026 16:57:41.347] [main/DEBUG] [mixin/]: Mixing inject.MixinItemProperties from architectury-common.mixins.json into net.minecraft.world.item.Item$Properties
[16Feb2026 16:57:42.198] [main/DEBUG] [mixin/]: Mixing accessor.BoatEntityAccessor from mixins.cobblemon-common.json into net.minecraft.world.entity.vehicle.Boat
[16Feb2026 16:57:42.223] [main/DEBUG] [mixin/]: Mixing entity.TameableEntityMixin from mixins.cobblemon-common.json into net.minecraft.world.entity.TamableAnimal
[16Feb2026 16:57:42.231] [main/DEBUG] [mixin/]: Mixing FollowOwnerGoalMixin from cobblemonrider.mixins.json into net.minecraft.world.entity.ai.goal.FollowOwnerGoal
[16Feb2026 16:57:42.231] [main/DEBUG] [mixin/]: cobblemonrider.mixins.json:FollowOwnerGoalMixin: Class version 61 required is higher than the class version supported by the current version of Mixin (JAVA_8 supports class version 52)
[16Feb2026 16:57:42.240] [main/DEBUG] [net.minecraftforge.coremod.transformer.CoreModBaseTransformer/COREMOD]: Transforming net/minecraft/world/entity/monster/Spider
[16Feb2026 16:57:42.287] [main/DEBUG] [net.minecraftforge.coremod.transformer.CoreModBaseTransformer/COREMOD]: Transforming net/minecraft/world/entity/monster/Zombie
[16Feb2026 16:57:42.331] [main/DEBUG] [mixin/]: Mixing ZombieMixin from mixins.cobbledollars-common.json into net.minecraft.world.entity.monster.Zombie
[16Feb2026 16:57:42.338] [main/DEBUG] [net.minecraftforge.coremod.transformer.CoreModBaseTransformer/COREMOD]: Transforming net/minecraft/world/entity/monster/ZombieVillager
[16Feb2026 16:57:42.361] [main/DEBUG] [mixin/]: Mixing ZombieVillagerMixin from mixins.cobbledollars-common.json into net.minecraft.world.entity.monster.ZombieVillager
[16Feb2026 16:57:42.383] [main/DEBUG] [mixin/]: Mixing pokeball.ThrownEntityMixin from mixins.cobblemon-common.json into net.minecraft.world.entity.projectile.ThrowableProjectile
[16Feb2026 16:57:42.424] [main/DEBUG] [net.minecraftforge.coremod.transformer.CoreModBaseTransformer/COREMOD]: Transforming net/minecraft/world/entity/monster/Evoker$EvokerSummonSpellGoal
[16Feb2026 16:57:42.531] [main/DEBUG] [mixin/]: Mixing PiglinEntityMixin from mixins.cobblemon-common.json into net.minecraft.world.entity.monster.piglin.Piglin
[16Feb2026 16:57:42.573] [main/DEBUG] [net.minecraftforge.coremod.transformer.CoreModBaseTransformer/COREMOD]: Transforming net/minecraft/world/entity/animal/horse/SkeletonTrapGoal
[16Feb2026 16:57:42.591] [main/DEBUG] [net.minecraftforge.coremod.transformer.CoreModBaseTransformer/COREMOD]: Transforming net/minecraft/world/entity/monster/Strider
[16Feb2026 16:57:42.657] [main/DEBUG] [mixin/]: Mixing MixinServerPlayer from glitchcore.forge.mixins.json into net.minecraft.server.level.ServerPlayer
[16Feb2026 16:57:42.658] [main/DEBUG] [mixin/]: Mixing ServerPlayerMixin from mixins.cobbledollars-common.json into net.minecraft.server.level.ServerPlayer
[16Feb2026 16:57:42.714] [main/DEBUG] [net.minecraftforge.coremod.transformer.CoreModBaseTransformer/COREMOD]: Transforming net/minecraft/world/entity/npc/Villager
[16Feb2026 16:57:42.761] [main/DEBUG] [mixin/]: Mixing EntityVillagerMixin from mixins.cobblemon-common.json into net.minecraft.world.entity.npc.Villager
[16Feb2026 16:57:42.765] [main/DEBUG] [mixin/]: Mixing VillagerMixin from mixins.cobbledollars-common.json into net.minecraft.world.entity.npc.Villager
[16Feb2026 16:57:42.766] [main/DEBUG] [mixin/]: Renaming synthetic method lambda$openCobbleMerchantShop$1(ILnet/minecraft/world/entity/player/Inventory;Lnet/minecraft/world/entity/player/Player;)Lnet/minecraft/world/inventory/AbstractContainerMenu; to md8fbb72$lambda$openCobbleMerchantShop$1$0 in mixins.cobbledollars-common.json:VillagerMixin
[16Feb2026 16:57:42.766] [main/DEBUG] [mixin/]: Renaming synthetic method lambda$cobbleMerchantInteract$0(ILnet/minecraft/world/entity/player/Inventory;Lnet/minecraft/world/entity/player/Player;)Lnet/minecraft/world/inventory/AbstractContainerMenu; to md8fbb72$lambda$cobbleMerchantInteract$0$1 in mixins.cobbledollars-common.json:VillagerMixin
[16Feb2026 16:57:42.831] [main/DEBUG] [mixin/]: Mixing inject.MixinFoodPropertiesBuilder from architectury-common.mixins.json into net.minecraft.world.food.FoodProperties$Builder
[16Feb2026 16:57:42.834] [main/DEBUG] [net.minecraftforge.coremod.transformer.CoreModBaseTransformer/COREMOD]: Transforming net/minecraft/world/effect/MobEffectInstance
[16Feb2026 16:57:42.834] [main/DEBUG] [mixin/]: Mixing accessor.StatusEffectInstanceAccessor from mixins.cobblemon-common.json into net.minecraft.world.effect.MobEffectInstance
[16Feb2026 16:57:42.867] [main/DEBUG] [mixin/]: Mixing ServerGamePacketListenerMixin from cobblemonrider.mixins.json into net.minecraft.server.network.ServerGamePacketListenerImpl
[16Feb2026 16:57:42.867] [main/DEBUG] [mixin/]: cobblemonrider.mixins.json:ServerGamePacketListenerMixin: Class version 61 required is higher than the class version supported by the current version of Mixin (JAVA_8 supports class version 52)
[16Feb2026 16:57:42.925] [main/DEBUG] [mixin/]: Mixing ShearsDispenserBehaviorMixin from mixins.cobblemon-common.json into net.minecraft.core.dispenser.ShearsDispenseItemBehavior
[16Feb2026 16:57:42.926] [main/DEBUG] [mixin/]: Renaming synthetic method lambda$cobblemon$tryApricornHarvest$0()Lkotlin/Unit; to md8fbb72$lambda$cobblemon$tryApricornHarvest$0$0 in mixins.cobblemon-common.json:ShearsDispenserBehaviorMixin
[16Feb2026 16:57:42.994] [main/DEBUG] [mixin/]: Mixing ChunkGeneratorMixin from citadel.mixins.json into net.minecraft.world.level.chunk.ChunkGenerator
[16Feb2026 16:57:42.996] [main/DEBUG] [net.minecraftforge.coremod.transformer.CoreModBaseTransformer/COREMOD]: Transforming net/minecraft/world/level/biome/Biome
[16Feb2026 16:57:42.999] [main/ERROR] [net.minecraftforge.coremod.transformer.CoreModBaseTransformer/COREMOD]: Error occurred applying transform of coremod coremods/field_to_method.js function biome
java.lang.IllegalStateException: Field f_47437_ is not private and an instance field
	at net.minecraftforge.coremod.api.ASMAPI.redirectFieldToMethod(ASMAPI.java:1069) ~[coremods-5.2.4.jar%2354!/:?]
	at org.openjdk.nashorn.internal.scripts.Script$Recompilation$24$292A$\^eval\_.initializeCoreMod#transformer(<eval>:11) ~[?:?]
	at org.openjdk.nashorn.internal.runtime.ScriptFunctionData.invoke(ScriptFunctionData.java:648) ~[nashorn-core-15.4.jar%2366!/:?]
	at org.openjdk.nashorn.internal.runtime.ScriptFunction.invoke(ScriptFunction.java:513) ~[nashorn-core-15.4.jar%2366!/:?]
	at org.openjdk.nashorn.internal.runtime.ScriptRuntime.apply(ScriptRuntime.java:520) ~[nashorn-core-15.4.jar%2366!/:?]
	at org.openjdk.nashorn.api.scripting.ScriptObjectMirror.call(ScriptObjectMirror.java:111) ~[nashorn-core-15.4.jar%2366!/:?]
	at net.minecraftforge.coremod.NashornFactory.lambda$getFunction$0(NashornFactory.java:37) ~[coremods-5.2.4.jar%2354!/:5.2.4]
	at net.minecraftforge.coremod.transformer.CoreModClassTransformer.runCoremod(CoreModClassTransformer.java:22) ~[coremods-5.2.4.jar%2354!/:?]
	at net.minecraftforge.coremod.transformer.CoreModClassTransformer.runCoremod(CoreModClassTransformer.java:14) ~[coremods-5.2.4.jar%2354!/:?]
	at net.minecraftforge.coremod.transformer.CoreModBaseTransformer.transform(CoreModBaseTransformer.java:60) ~[coremods-5.2.4.jar%2354!/:?]
	at cpw.mods.modlauncher.TransformerHolder.transform(TransformerHolder.java:41) ~[modlauncher-10.0.9.jar%2355!/:?]
	at cpw.mods.modlauncher.ClassTransformer.performVote(ClassTransformer.java:179) ~[modlauncher-10.0.9.jar%2355!/:?]
	at cpw.mods.modlauncher.ClassTransformer.transform(ClassTransformer.java:117) ~[modlauncher-10.0.9.jar%2355!/:?]
	at cpw.mods.modlauncher.TransformingClassLoader.maybeTransformClassBytes(TransformingClassLoader.java:50) ~[modlauncher-10.0.9.jar%2355!/:?]
	at cpw.mods.cl.ModuleClassLoader.getMaybeTransformedClassBytes(ModuleClassLoader.java:250) ~[securejarhandler-2.1.10.jar:?]
	at cpw.mods.modlauncher.TransformingClassLoader.buildTransformedClassNodeFor(TransformingClassLoader.java:58) ~[modlauncher-10.0.9.jar%2355!/:?]
	at cpw.mods.modlauncher.LaunchPluginHandler.lambda$announceLaunch$10(LaunchPluginHandler.java:100) ~[modlauncher-10.0.9.jar%2355!/:?]
	at org.spongepowered.asm.launch.MixinLaunchPluginLegacy.getClassNode(MixinLaunchPluginLegacy.java:222) ~[mixin-0.8.5.jar%2365!/:0.8.5+Jenkins-b310.git-155314e6e91465dad727e621a569906a410cd6f4]
	at org.spongepowered.asm.launch.MixinLaunchPluginLegacy.getClassNode(MixinLaunchPluginLegacy.java:207) ~[mixin-0.8.5.jar%2365!/:0.8.5+Jenkins-b310.git-155314e6e91465dad727e621a569906a410cd6f4]
	at org.spongepowered.asm.mixin.transformer.ClassInfo.forName(ClassInfo.java:2005) ~[mixin-0.8.5.jar%2365!/:0.8.5+Jenkins-b310.git-155314e6e91465dad727e621a569906a410cd6f4]
	at org.spongepowered.asm.mixin.transformer.ClassInfo.forType(ClassInfo.java:2059) ~[mixin-0.8.5.jar%2365!/:0.8.5+Jenkins-b310.git-155314e6e91465dad727e621a569906a410cd6f4]
	at org.spongepowered.asm.mixin.transformer.ClassInfo.forDescriptor(ClassInfo.java:2038) ~[mixin-0.8.5.jar%2365!/:0.8.5+Jenkins-b310.git-155314e6e91465dad727e621a569906a410cd6f4]
	at org.spongepowered.asm.mixin.transformer.MixinPreProcessorStandard.transformMethod(MixinPreProcessorStandard.java:752) ~[mixin-0.8.5.jar%2365!/:0.8.5+Jenkins-b310.git-155314e6e91465dad727e621a569906a410cd6f4]
	at org.spongepowered.asm.mixin.transformer.MixinPreProcessorStandard.transform(MixinPreProcessorStandard.java:739) ~[mixin-0.8.5.jar%2365!/:0.8.5+Jenkins-b310.git-155314e6e91465dad727e621a569906a410cd6f4]
	at org.spongepowered.asm.mixin.transformer.MixinPreProcessorStandard.attach(MixinPreProcessorStandard.java:310) ~[mixin-0.8.5.jar%2365!/:0.8.5+Jenkins-b310.git-155314e6e91465dad727e621a569906a410cd6f4]
	at org.spongepowered.asm.mixin.transformer.MixinPreProcessorStandard.createContextFor(MixinPreProcessorStandard.java:280) ~[mixin-0.8.5.jar%2365!/:0.8.5+Jenkins-b310.git-155314e6e91465dad727e621a569906a410cd6f4]
	at org.spongepowered.asm.mixin.transformer.MixinInfo.createContextFor(MixinInfo.java:1288) ~[mixin-0.8.5.jar%2365!/:0.8.5+Jenkins-b310.git-155314e6e91465dad727e621a569906a410cd6f4]
	at org.spongepowered.asm.mixin.transformer.MixinApplicatorStandard.apply(MixinApplicatorStandard.java:292) ~[mixin-0.8.5.jar%2365!/:0.8.5+Jenkins-b310.git-155314e6e91465dad727e621a569906a410cd6f4]
	at org.spongepowered.asm.mixin.transformer.TargetClassContext.apply(TargetClassContext.java:383) ~[mixin-0.8.5.jar%2365!/:0.8.5+Jenkins-b310.git-155314e6e91465dad727e621a569906a410cd6f4]
	at org.spongepowered.asm.mixin.transformer.TargetClassContext.applyMixins(TargetClassContext.java:365) ~[mixin-0.8.5.jar%2365!/:0.8.5+Jenkins-b310.git-155314e6e91465dad727e621a569906a410cd6f4]
	at org.spongepowered.asm.mixin.transformer.MixinProcessor.applyMixins(MixinProcessor.java:363) ~[mixin-0.8.5.jar%2365!/:0.8.5+Jenkins-b310.git-155314e6e91465dad727e621a569906a410cd6f4]
	at org.spongepowered.asm.mixin.transformer.MixinTransformer.transformClass(MixinTransformer.java:250) ~[mixin-0.8.5.jar%2365!/:0.8.5+Jenkins-b310.git-155314e6e91465dad727e621a569906a410cd6f4]
	at org.spongepowered.asm.service.modlauncher.MixinTransformationHandler.processClass(MixinTransformationHandler.java:131) ~[mixin-0.8.5.jar%2365!/:0.8.5+Jenkins-b310.git-155314e6e91465dad727e621a569906a410cd6f4]
	at org.spongepowered.asm.launch.MixinLaunchPluginLegacy.processClass(MixinLaunchPluginLegacy.java:131) ~[mixin-0.8.5.jar%2365!/:0.8.5+Jenkins-b310.git-155314e6e91465dad727e621a569906a410cd6f4]
	at cpw.mods.modlauncher.serviceapi.ILaunchPluginService.processClassWithFlags(ILaunchPluginService.java:156) ~[modlauncher-10.0.9.jar%2355!/:10.0.9+10.0.9+main.dcd20f30]
	at cpw.mods.modlauncher.LaunchPluginHandler.offerClassNodeToPlugins(LaunchPluginHandler.java:88) ~[modlauncher-10.0.9.jar%2355!/:?]
	at cpw.mods.modlauncher.ClassTransformer.transform(ClassTransformer.java:120) ~[modlauncher-10.0.9.jar%2355!/:?]
	at cpw.mods.modlauncher.TransformingClassLoader.maybeTransformClassBytes(TransformingClassLoader.java:50) ~[modlauncher-10.0.9.jar%2355!/:?]
	at cpw.mods.cl.ModuleClassLoader.readerToClass(ModuleClassLoader.java:113) ~[securejarhandler-2.1.10.jar:?]
	at cpw.mods.cl.ModuleClassLoader.lambda$findClass$15(ModuleClassLoader.java:219) ~[securejarhandler-2.1.10.jar:?]
	at cpw.mods.cl.ModuleClassLoader.loadFromModule(ModuleClassLoader.java:229) ~[securejarhandler-2.1.10.jar:?]
	at cpw.mods.cl.ModuleClassLoader.findClass(ModuleClassLoader.java:219) ~[securejarhandler-2.1.10.jar:?]
	at cpw.mods.cl.ModuleClassLoader.loadClass(ModuleClassLoader.java:135) ~[securejarhandler-2.1.10.jar:?]
	at java.lang.ClassLoader.loadClass(ClassLoader.java:525) ~[?:?]
	at net.minecraft.world.level.chunk.ChunkStatus.<clinit>(ChunkStatus.java:50) ~[server-1.20.1-20230612.114412-srg.jar%23203!/:?]
	at net.minecraft.core.registries.BuiltInRegistries.m_257540_(BuiltInRegistries.java:200) ~[server-1.20.1-20230612.114412-srg.jar%23203!/:?]
	at net.minecraft.core.registries.BuiltInRegistries.m_258029_(BuiltInRegistries.java:448) ~[server-1.20.1-20230612.114412-srg.jar%23203!/:?]
	at net.minecraft.core.registries.BuiltInRegistries.m_258037_(BuiltInRegistries.java:462) ~[server-1.20.1-20230612.114412-srg.jar%23203!/:?]
	at java.util.LinkedHashMap.forEach(LinkedHashMap.java:721) ~[?:?]
	at net.minecraft.core.registries.BuiltInRegistries.m_257453_(BuiltInRegistries.java:461) ~[server-1.20.1-20230612.114412-srg.jar%23203!/:?]
	at net.minecraft.core.registries.BuiltInRegistries.m_257498_(BuiltInRegistries.java:455) ~[server-1.20.1-20230612.114412-srg.jar%23203!/:?]
	at net.minecraft.server.Bootstrap.m_135870_(Bootstrap.java:55) ~[server-1.20.1-20230612.114412-srg.jar%23203!/:?]
	at net.minecraft.server.Main.main(Main.java:121) ~[server-1.20.1-20230612.114412-srg.jar%23203!/:?]
	at jdk.internal.reflect.NativeMethodAccessorImpl.invoke0(Native Method) ~[?:?]
	at jdk.internal.reflect.NativeMethodAccessorImpl.invoke(NativeMethodAccessorImpl.java:77) ~[?:?]
	at jdk.internal.reflect.DelegatingMethodAccessorImpl.invoke(DelegatingMethodAccessorImpl.java:43) ~[?:?]
	at java.lang.reflect.Method.invoke(Method.java:569) ~[?:?]
	at net.minecraftforge.fml.loading.targets.CommonLaunchHandler.runTarget(CommonLaunchHandler.java:111) ~[fmlloader-1.20.1-47.4.10.jar%2369!/:?]
	at net.minecraftforge.fml.loading.targets.CommonLaunchHandler.serverService(CommonLaunchHandler.java:103) ~[fmlloader-1.20.1-47.4.10.jar%2369!/:?]
	at net.minecraftforge.fml.loading.targets.CommonServerLaunchHandler.lambda$makeService$0(CommonServerLaunchHandler.java:27) ~[fmlloader-1.20.1-47.4.10.jar%2369!/:?]
	at cpw.mods.modlauncher.LaunchServiceHandlerDecorator.launch(LaunchServiceHandlerDecorator.java:30) ~[modlauncher-10.0.9.jar%2355!/:?]
	at cpw.mods.modlauncher.LaunchServiceHandler.launch(LaunchServiceHandler.java:53) ~[modlauncher-10.0.9.jar%2355!/:?]
	at cpw.mods.modlauncher.LaunchServiceHandler.launch(LaunchServiceHandler.java:71) ~[modlauncher-10.0.9.jar%2355!/:?]
	at cpw.mods.modlauncher.Launcher.run(Launcher.java:108) ~[modlauncher-10.0.9.jar%2355!/:?]
	at cpw.mods.modlauncher.Launcher.main(Launcher.java:78) ~[modlauncher-10.0.9.jar%2355!/:?]
	at cpw.mods.modlauncher.BootstrapLaunchConsumer.accept(BootstrapLaunchConsumer.java:26) ~[modlauncher-10.0.9.jar%2355!/:?]
	at cpw.mods.modlauncher.BootstrapLaunchConsumer.accept(BootstrapLaunchConsumer.java:23) ~[modlauncher-10.0.9.jar%2355!/:?]
	at cpw.mods.bootstraplauncher.BootstrapLauncher.main(BootstrapLauncher.java:141) ~[bootstraplauncher-1.1.2.jar:?]
[16Feb2026 16:57:43.038] [main/DEBUG] [mixin/]: Mixing MixinInventory from curios.mixins.json into net.minecraft.world.entity.player.Inventory
[16Feb2026 16:57:43.149] [main/DEBUG] [mixin/]: Mixing loot.LootItemAccessor from gravels_extended_battles_common.mixins.json into net.minecraft.world.level.storage.loot.entries.LootItem
[16Feb2026 16:57:43.176] [main/DEBUG] [mixin/]: Mixing MixinApplyBonusCount from curios.mixins.json into net.minecraft.world.level.storage.loot.functions.ApplyBonusCount
[16Feb2026 16:57:43.336] [main/DEBUG] [mixin/]: Mixing StructureProcessorListMixin from mixins.cobblemon-common.json into net.minecraft.world.level.levelgen.structure.templatesystem.StructureProcessorList
[16Feb2026 16:57:43.408] [main/DEBUG] [net.minecraftforge.coremod.transformer.CoreModBaseTransformer/COREMOD]: Transforming net/minecraft/world/level/levelgen/structure/Structure
[16Feb2026 16:57:43.443] [main/DEBUG] [net.minecraftforge.coremod.transformer.CoreModBaseTransformer/COREMOD]: Transforming net/minecraft/world/level/levelgen/structure/structures/OceanRuinPieces$OceanRuinPiece
[16Feb2026 16:57:43.453] [main/DEBUG] [net.minecraftforge.coremod.transformer.CoreModBaseTransformer/COREMOD]: Transforming net/minecraft/world/level/levelgen/structure/structures/SwampHutPiece
[16Feb2026 16:57:43.462] [main/DEBUG] [net.minecraftforge.coremod.transformer.CoreModBaseTransformer/COREMOD]: Transforming net/minecraft/world/level/levelgen/structure/structures/OceanMonumentPieces$OceanMonumentPiece
[16Feb2026 16:57:43.480] [main/DEBUG] [net.minecraftforge.coremod.transformer.CoreModBaseTransformer/COREMOD]: Transforming net/minecraft/world/level/levelgen/structure/structures/WoodlandMansionPieces$WoodlandMansionPiece
[16Feb2026 16:57:43.504] [main/DEBUG] [mixin/]: Mixing StructurePoolAccessor from mixins.cobblemon-common.json into net.minecraft.world.level.levelgen.structure.pools.StructureTemplatePool
[16Feb2026 16:57:43.569] [main/DEBUG] [mixin/]: Mixing MixinBiomeSource from terrablender.mixins.json into net.minecraft.world.level.biome.BiomeSource
[16Feb2026 16:57:43.570] [main/DEBUG] [mixin/]: Renaming synthetic method lambda$appendDeferredBiomesList$0(Lcom/google/common/collect/ImmutableList;)Ljava/util/Set; to md8fbb72$lambda$appendDeferredBiomesList$0$0 in terrablender.mixins.json:MixinBiomeSource
[16Feb2026 16:57:43.577] [main/DEBUG] [net.minecraftforge.coremod.transformer.CoreModBaseTransformer/COREMOD]: Transforming net/minecraft/world/level/biome/Biome
[16Feb2026 16:57:43.578] [main/ERROR] [net.minecraftforge.coremod.transformer.CoreModBaseTransformer/COREMOD]: Error occurred applying transform of coremod coremods/field_to_method.js function biome
java.lang.IllegalStateException: Field f_47437_ is not private and an instance field
	at net.minecraftforge.coremod.api.ASMAPI.redirectFieldToMethod(ASMAPI.java:1069) ~[coremods-5.2.4.jar%2354!/:?]
	at org.openjdk.nashorn.internal.scripts.Script$Recompilation$24$292A$\^eval\_.initializeCoreMod#transformer(<eval>:11) ~[?:?]
	at org.openjdk.nashorn.internal.runtime.ScriptFunctionData.invoke(ScriptFunctionData.java:648) ~[nashorn-core-15.4.jar%2366!/:?]
	at org.openjdk.nashorn.internal.runtime.ScriptFunction.invoke(ScriptFunction.java:513) ~[nashorn-core-15.4.jar%2366!/:?]
	at org.openjdk.nashorn.internal.runtime.ScriptRuntime.apply(ScriptRuntime.java:520) ~[nashorn-core-15.4.jar%2366!/:?]
	at org.openjdk.nashorn.api.scripting.ScriptObjectMirror.call(ScriptObjectMirror.java:111) ~[nashorn-core-15.4.jar%2366!/:?]
	at net.minecraftforge.coremod.NashornFactory.lambda$getFunction$0(NashornFactory.java:37) ~[coremods-5.2.4.jar%2354!/:5.2.4]
	at net.minecraftforge.coremod.transformer.CoreModClassTransformer.runCoremod(CoreModClassTransformer.java:22) ~[coremods-5.2.4.jar%2354!/:?]
	at net.minecraftforge.coremod.transformer.CoreModClassTransformer.runCoremod(CoreModClassTransformer.java:14) ~[coremods-5.2.4.jar%2354!/:?]
	at net.minecraftforge.coremod.transformer.CoreModBaseTransformer.transform(CoreModBaseTransformer.java:60) ~[coremods-5.2.4.jar%2354!/:?]
	at cpw.mods.modlauncher.TransformerHolder.transform(TransformerHolder.java:41) ~[modlauncher-10.0.9.jar%2355!/:?]
	at cpw.mods.modlauncher.ClassTransformer.performVote(ClassTransformer.java:179) ~[modlauncher-10.0.9.jar%2355!/:?]
	at cpw.mods.modlauncher.ClassTransformer.transform(ClassTransformer.java:117) ~[modlauncher-10.0.9.jar%2355!/:?]
	at cpw.mods.modlauncher.TransformingClassLoader.maybeTransformClassBytes(TransformingClassLoader.java:50) ~[modlauncher-10.0.9.jar%2355!/:?]
	at cpw.mods.cl.ModuleClassLoader.readerToClass(ModuleClassLoader.java:113) ~[securejarhandler-2.1.10.jar:?]
	at cpw.mods.cl.ModuleClassLoader.lambda$findClass$15(ModuleClassLoader.java:219) ~[securejarhandler-2.1.10.jar:?]
	at cpw.mods.cl.ModuleClassLoader.loadFromModule(ModuleClassLoader.java:229) ~[securejarhandler-2.1.10.jar:?]
	at cpw.mods.cl.ModuleClassLoader.findClass(ModuleClassLoader.java:219) ~[securejarhandler-2.1.10.jar:?]
	at cpw.mods.cl.ModuleClassLoader.loadClass(ModuleClassLoader.java:135) ~[securejarhandler-2.1.10.jar:?]
	at java.lang.ClassLoader.loadClass(ClassLoader.java:525) ~[?:?]
	at net.minecraft.world.level.biome.FixedBiomeSource.<clinit>(FixedBiomeSource.java:17) ~[server-1.20.1-20230612.114412-srg.jar%23203!/:?]
	at net.minecraft.world.level.biome.BiomeSources.m_220586_(BiomeSources.java:8) ~[server-1.20.1-20230612.114412-srg.jar%23203!/:?]
	at net.minecraft.core.registries.BuiltInRegistries.m_258029_(BuiltInRegistries.java:448) ~[server-1.20.1-20230612.114412-srg.jar%23203!/:?]
	at net.minecraft.core.registries.BuiltInRegistries.m_258037_(BuiltInRegistries.java:462) ~[server-1.20.1-20230612.114412-srg.jar%23203!/:?]
	at java.util.LinkedHashMap.forEach(LinkedHashMap.java:721) ~[?:?]
	at net.minecraft.core.registries.BuiltInRegistries.m_257453_(BuiltInRegistries.java:461) ~[server-1.20.1-20230612.114412-srg.jar%23203!/:?]
	at net.minecraft.core.registries.BuiltInRegistries.m_257498_(BuiltInRegistries.java:455) ~[server-1.20.1-20230612.114412-srg.jar%23203!/:?]
	at net.minecraft.server.Bootstrap.m_135870_(Bootstrap.java:55) ~[server-1.20.1-20230612.114412-srg.jar%23203!/:?]
	at net.minecraft.server.Main.main(Main.java:121) ~[server-1.20.1-20230612.114412-srg.jar%23203!/:?]
	at jdk.internal.reflect.NativeMethodAccessorImpl.invoke0(Native Method) ~[?:?]
	at jdk.internal.reflect.NativeMethodAccessorImpl.invoke(NativeMethodAccessorImpl.java:77) ~[?:?]
	at jdk.internal.reflect.DelegatingMethodAccessorImpl.invoke(DelegatingMethodAccessorImpl.java:43) ~[?:?]
	at java.lang.reflect.Method.invoke(Method.java:569) ~[?:?]
	at net.minecraftforge.fml.loading.targets.CommonLaunchHandler.runTarget(CommonLaunchHandler.java:111) ~[fmlloader-1.20.1-47.4.10.jar%2369!/:?]
	at net.minecraftforge.fml.loading.targets.CommonLaunchHandler.serverService(CommonLaunchHandler.java:103) ~[fmlloader-1.20.1-47.4.10.jar%2369!/:?]
	at net.minecraftforge.fml.loading.targets.CommonServerLaunchHandler.lambda$makeService$0(CommonServerLaunchHandler.java:27) ~[fmlloader-1.20.1-47.4.10.jar%2369!/:?]
	at cpw.mods.modlauncher.LaunchServiceHandlerDecorator.launch(LaunchServiceHandlerDecorator.java:30) ~[modlauncher-10.0.9.jar%2355!/:?]
	at cpw.mods.modlauncher.LaunchServiceHandler.launch(LaunchServiceHandler.java:53) ~[modlauncher-10.0.9.jar%2355!/:?]
	at cpw.mods.modlauncher.LaunchServiceHandler.launch(LaunchServiceHandler.java:71) ~[modlauncher-10.0.9.jar%2355!/:?]
	at cpw.mods.modlauncher.Launcher.run(Launcher.java:108) ~[modlauncher-10.0.9.jar%2355!/:?]
	at cpw.mods.modlauncher.Launcher.main(Launcher.java:78) ~[modlauncher-10.0.9.jar%2355!/:?]
	at cpw.mods.modlauncher.BootstrapLaunchConsumer.accept(BootstrapLaunchConsumer.java:26) ~[modlauncher-10.0.9.jar%2355!/:?]
	at cpw.mods.modlauncher.BootstrapLaunchConsumer.accept(BootstrapLaunchConsumer.java:23) ~[modlauncher-10.0.9.jar%2355!/:?]
	at cpw.mods.bootstraplauncher.BootstrapLauncher.main(BootstrapLauncher.java:141) ~[bootstraplauncher-1.1.2.jar:?]
[16Feb2026 16:57:43.611] [main/DEBUG] [mixin/]: Mixing MixinMultiNoiseBiomeSource from terrablender.mixins.json into net.minecraft.world.level.biome.MultiNoiseBiomeSource
[16Feb2026 16:57:43.613] [main/DEBUG] [mixin/]: Mixing MixinParameterList from terrablender.mixins.json into net.minecraft.world.level.biome.Climate$ParameterList
[16Feb2026 16:57:43.614] [main/DEBUG] [mixin/]: Renaming synthetic method lambda$initializeForTerraBlender$0(Lnet/minecraft/core/Registry;Lcom/google/common/collect/ImmutableList$Builder;Lcom/mojang/datafixers/util/Pair;)V to md8fbb72$lambda$initializeForTerraBlender$0$0 in terrablender.mixins.json:MixinParameterList
[16Feb2026 16:57:43.639] [main/DEBUG] [mixin/]: Mixing NoiseGeneratorSettingsMixin from citadel.mixins.json into net.minecraft.world.level.levelgen.NoiseGeneratorSettings
[16Feb2026 16:57:43.642] [main/DEBUG] [mixin/]: Mixing MixinNoiseGeneratorSettings from terrablender.mixins.json into net.minecraft.world.level.levelgen.NoiseGeneratorSettings
[16Feb2026 16:57:43.822] [main/DEBUG] [io.netty.util.internal.PlatformDependent0/]: -Dio.netty.noUnsafe: false
[16Feb2026 16:57:43.822] [main/DEBUG] [io.netty.util.internal.PlatformDependent0/]: Java version: 17
[16Feb2026 16:57:43.823] [main/DEBUG] [io.netty.util.internal.PlatformDependent0/]: sun.misc.Unsafe.theUnsafe: available
[16Feb2026 16:57:43.823] [main/DEBUG] [io.netty.util.internal.PlatformDependent0/]: sun.misc.Unsafe.copyMemory: available
[16Feb2026 16:57:43.824] [main/DEBUG] [io.netty.util.internal.PlatformDependent0/]: sun.misc.Unsafe.storeFence: available
[16Feb2026 16:57:43.824] [main/DEBUG] [io.netty.util.internal.PlatformDependent0/]: java.nio.Buffer.address: available
[16Feb2026 16:57:43.824] [main/DEBUG] [io.netty.util.internal.PlatformDependent0/]: direct buffer constructor: unavailable
java.lang.UnsupportedOperationException: Reflective setAccessible(true) disabled
	at io.netty.util.internal.ReflectionUtil.trySetAccessible(ReflectionUtil.java:31) ~[netty-common-4.1.82.Final.jar%2382!/:4.1.82.Final]
	at io.netty.util.internal.PlatformDependent0$5.run(PlatformDependent0.java:288) ~[netty-common-4.1.82.Final.jar%2382!/:4.1.82.Final]
	at java.security.AccessController.doPrivileged(AccessController.java:318) ~[?:?]
	at io.netty.util.internal.PlatformDependent0.<clinit>(PlatformDependent0.java:282) ~[netty-common-4.1.82.Final.jar%2382!/:4.1.82.Final]
	at io.netty.util.internal.PlatformDependent.isAndroid(PlatformDependent.java:333) ~[netty-common-4.1.82.Final.jar%2382!/:4.1.82.Final]
	at io.netty.util.internal.PlatformDependent.<clinit>(PlatformDependent.java:88) ~[netty-common-4.1.82.Final.jar%2382!/:4.1.82.Final]
	at io.netty.util.ConstantPool.<init>(ConstantPool.java:34) ~[netty-common-4.1.82.Final.jar%2382!/:4.1.82.Final]
	at io.netty.util.AttributeKey$1.<init>(AttributeKey.java:27) ~[netty-common-4.1.82.Final.jar%2382!/:4.1.82.Final]
	at io.netty.util.AttributeKey.<clinit>(AttributeKey.java:27) ~[netty-common-4.1.82.Final.jar%2382!/:4.1.82.Final]
	at net.minecraftforge.network.NetworkConstants.<clinit>(NetworkConstants.java:34) ~[forge-1.20.1-47.4.10-universal.jar%23208!/:?]
	at net.minecraftforge.network.NetworkHooks.init(NetworkHooks.java:52) ~[forge-1.20.1-47.4.10-universal.jar%23208!/:?]
	at net.minecraft.server.Bootstrap.m_135870_(Bootstrap.java:62) ~[server-1.20.1-20230612.114412-srg.jar%23203!/:?]
	at net.minecraft.server.Main.main(Main.java:121) ~[server-1.20.1-20230612.114412-srg.jar%23203!/:?]
	at jdk.internal.reflect.NativeMethodAccessorImpl.invoke0(Native Method) ~[?:?]
	at jdk.internal.reflect.NativeMethodAccessorImpl.invoke(NativeMethodAccessorImpl.java:77) ~[?:?]
	at jdk.internal.reflect.DelegatingMethodAccessorImpl.invoke(DelegatingMethodAccessorImpl.java:43) ~[?:?]
	at java.lang.reflect.Method.invoke(Method.java:569) ~[?:?]
	at net.minecraftforge.fml.loading.targets.CommonLaunchHandler.runTarget(CommonLaunchHandler.java:111) ~[fmlloader-1.20.1-47.4.10.jar%2369!/:?]
	at net.minecraftforge.fml.loading.targets.CommonLaunchHandler.serverService(CommonLaunchHandler.java:103) ~[fmlloader-1.20.1-47.4.10.jar%2369!/:?]
	at net.minecraftforge.fml.loading.targets.CommonServerLaunchHandler.lambda$makeService$0(CommonServerLaunchHandler.java:27) ~[fmlloader-1.20.1-47.4.10.jar%2369!/:?]
	at cpw.mods.modlauncher.LaunchServiceHandlerDecorator.launch(LaunchServiceHandlerDecorator.java:30) ~[modlauncher-10.0.9.jar%2355!/:?]
	at cpw.mods.modlauncher.LaunchServiceHandler.launch(LaunchServiceHandler.java:53) ~[modlauncher-10.0.9.jar%2355!/:?]
	at cpw.mods.modlauncher.LaunchServiceHandler.launch(LaunchServiceHandler.java:71) ~[modlauncher-10.0.9.jar%2355!/:?]
	at cpw.mods.modlauncher.Launcher.run(Launcher.java:108) ~[modlauncher-10.0.9.jar%2355!/:?]
	at cpw.mods.modlauncher.Launcher.main(Launcher.java:78) ~[modlauncher-10.0.9.jar%2355!/:?]
	at cpw.mods.modlauncher.BootstrapLaunchConsumer.accept(BootstrapLaunchConsumer.java:26) ~[modlauncher-10.0.9.jar%2355!/:?]
	at cpw.mods.modlauncher.BootstrapLaunchConsumer.accept(BootstrapLaunchConsumer.java:23) ~[modlauncher-10.0.9.jar%2355!/:?]
	at cpw.mods.bootstraplauncher.BootstrapLauncher.main(BootstrapLauncher.java:141) ~[bootstraplauncher-1.1.2.jar:?]
[16Feb2026 16:57:43.825] [main/DEBUG] [io.netty.util.internal.PlatformDependent0/]: java.nio.Bits.unaligned: available, true
[16Feb2026 16:57:43.826] [main/DEBUG] [io.netty.util.internal.PlatformDependent0/]: jdk.internal.misc.Unsafe.allocateUninitializedArray(int): unavailable
java.lang.IllegalAccessException: class io.netty.util.internal.PlatformDependent0$7 (in module io.netty.common) cannot access class jdk.internal.misc.Unsafe (in module java.base) because module java.base does not export jdk.internal.misc to module io.netty.common
	at jdk.internal.reflect.Reflection.newIllegalAccessException(Reflection.java:392) ~[?:?]
	at java.lang.reflect.AccessibleObject.checkAccess(AccessibleObject.java:674) ~[?:?]
	at java.lang.reflect.Method.invoke(Method.java:561) ~[?:?]
	at io.netty.util.internal.PlatformDependent0$7.run(PlatformDependent0.java:410) ~[netty-common-4.1.82.Final.jar%2382!/:4.1.82.Final]
	at java.security.AccessController.doPrivileged(AccessController.java:318) ~[?:?]
	at io.netty.util.internal.PlatformDependent0.<clinit>(PlatformDependent0.java:401) ~[netty-common-4.1.82.Final.jar%2382!/:4.1.82.Final]
	at io.netty.util.internal.PlatformDependent.isAndroid(PlatformDependent.java:333) ~[netty-common-4.1.82.Final.jar%2382!/:4.1.82.Final]
	at io.netty.util.internal.PlatformDependent.<clinit>(PlatformDependent.java:88) ~[netty-common-4.1.82.Final.jar%2382!/:4.1.82.Final]
	at io.netty.util.ConstantPool.<init>(ConstantPool.java:34) ~[netty-common-4.1.82.Final.jar%2382!/:4.1.82.Final]
	at io.netty.util.AttributeKey$1.<init>(AttributeKey.java:27) ~[netty-common-4.1.82.Final.jar%2382!/:4.1.82.Final]
	at io.netty.util.AttributeKey.<clinit>(AttributeKey.java:27) ~[netty-common-4.1.82.Final.jar%2382!/:4.1.82.Final]
	at net.minecraftforge.network.NetworkConstants.<clinit>(NetworkConstants.java:34) ~[forge-1.20.1-47.4.10-universal.jar%23208!/:?]
	at net.minecraftforge.network.NetworkHooks.init(NetworkHooks.java:52) ~[forge-1.20.1-47.4.10-universal.jar%23208!/:?]
	at net.minecraft.server.Bootstrap.m_135870_(Bootstrap.java:62) ~[server-1.20.1-20230612.114412-srg.jar%23203!/:?]
	at net.minecraft.server.Main.main(Main.java:121) ~[server-1.20.1-20230612.114412-srg.jar%23203!/:?]
	at jdk.internal.reflect.NativeMethodAccessorImpl.invoke0(Native Method) ~[?:?]
	at jdk.internal.reflect.NativeMethodAccessorImpl.invoke(NativeMethodAccessorImpl.java:77) ~[?:?]
	at jdk.internal.reflect.DelegatingMethodAccessorImpl.invoke(DelegatingMethodAccessorImpl.java:43) ~[?:?]
	at java.lang.reflect.Method.invoke(Method.java:569) ~[?:?]
	at net.minecraftforge.fml.loading.targets.CommonLaunchHandler.runTarget(CommonLaunchHandler.java:111) ~[fmlloader-1.20.1-47.4.10.jar%2369!/:?]
	at net.minecraftforge.fml.loading.targets.CommonLaunchHandler.serverService(CommonLaunchHandler.java:103) ~[fmlloader-1.20.1-47.4.10.jar%2369!/:?]
	at net.minecraftforge.fml.loading.targets.CommonServerLaunchHandler.lambda$makeService$0(CommonServerLaunchHandler.java:27) ~[fmlloader-1.20.1-47.4.10.jar%2369!/:?]
	at cpw.mods.modlauncher.LaunchServiceHandlerDecorator.launch(LaunchServiceHandlerDecorator.java:30) ~[modlauncher-10.0.9.jar%2355!/:?]
	at cpw.mods.modlauncher.LaunchServiceHandler.launch(LaunchServiceHandler.java:53) ~[modlauncher-10.0.9.jar%2355!/:?]
	at cpw.mods.modlauncher.LaunchServiceHandler.launch(LaunchServiceHandler.java:71) ~[modlauncher-10.0.9.jar%2355!/:?]
	at cpw.mods.modlauncher.Launcher.run(Launcher.java:108) ~[modlauncher-10.0.9.jar%2355!/:?]
	at cpw.mods.modlauncher.Launcher.main(Launcher.java:78) ~[modlauncher-10.0.9.jar%2355!/:?]
	at cpw.mods.modlauncher.BootstrapLaunchConsumer.accept(BootstrapLaunchConsumer.java:26) ~[modlauncher-10.0.9.jar%2355!/:?]
	at cpw.mods.modlauncher.BootstrapLaunchConsumer.accept(BootstrapLaunchConsumer.java:23) ~[modlauncher-10.0.9.jar%2355!/:?]
	at cpw.mods.bootstraplauncher.BootstrapLauncher.main(BootstrapLauncher.java:141) ~[bootstraplauncher-1.1.2.jar:?]
[16Feb2026 16:57:43.827] [main/DEBUG] [io.netty.util.internal.PlatformDependent0/]: java.nio.DirectByteBuffer.<init>(long, int): unavailable
[16Feb2026 16:57:43.827] [main/DEBUG] [io.netty.util.internal.PlatformDependent/]: sun.misc.Unsafe: available
[16Feb2026 16:57:43.827] [main/DEBUG] [io.netty.util.internal.PlatformDependent/]: maxDirectMemory: 16106127360 bytes (maybe)
[16Feb2026 16:57:43.828] [main/DEBUG] [io.netty.util.internal.PlatformDependent/]: -Dio.netty.tmpdir: /tmp (java.io.tmpdir)
[16Feb2026 16:57:43.828] [main/DEBUG] [io.netty.util.internal.PlatformDependent/]: -Dio.netty.bitMode: 64 (sun.arch.data.model)
[16Feb2026 16:57:43.828] [main/DEBUG] [io.netty.util.internal.PlatformDependent/]: -Dio.netty.maxDirectMemory: -1 bytes
[16Feb2026 16:57:43.829] [main/DEBUG] [io.netty.util.internal.PlatformDependent/]: -Dio.netty.uninitializedArrayAllocationThreshold: -1
[16Feb2026 16:57:43.829] [main/DEBUG] [io.netty.util.internal.CleanerJava9/]: java.nio.ByteBuffer.cleaner(): available
[16Feb2026 16:57:43.830] [main/DEBUG] [io.netty.util.internal.PlatformDependent/]: -Dio.netty.noPreferDirect: false
[16Feb2026 16:57:43.894] [main/DEBUG] [net.minecraftforge.network.NetworkHooks/]: Loading Network data for FML net version: FML3
[16Feb2026 16:57:43.918] [main/DEBUG] [net.minecraftforge.common.ForgeI18n/CORE]: Loading I18N data entries: 6434
[16Feb2026 16:57:43.938] [main/DEBUG] [net.minecraftforge.fml.ModWorkManager/LOADING]: Using 4 threads for parallel mod-loading
[16Feb2026 16:57:43.943] [main/DEBUG] [thedarkcolour.kotlinforforge.LoggerKt/LOADING]: Loading KotlinModContainer from classloader cpw.mods.modlauncher.TransformingClassLoader@e784320 - got cpw.mods.cl.ModuleClassLoader@62ddd21b}
[16Feb2026 16:57:43.944] [main/DEBUG] [thedarkcolour.kotlinforforge.LoggerKt/LOADING]: Creating KotlinModContainer instance for us.timinc.mc.cobblemon.fossiltweaks.FossilTweaks
[16Feb2026 16:57:43.947] [main/DEBUG] [net.minecraftforge.fml.javafmlmod.FMLJavaModLanguageProvider/LOADING]: Loading FMLModContainer from classloader cpw.mods.modlauncher.TransformingClassLoader@e784320 - got cpw.mods.cl.ModuleClassLoader@62ddd21b
[16Feb2026 16:57:43.948] [main/DEBUG] [net.minecraftforge.fml.javafmlmod.FMLModContainer/LOADING]: Creating FMLModContainer instance for com.github.Pandarix.beautify.Beautify
[16Feb2026 16:57:43.950] [main/DEBUG] [net.minecraftforge.fml.javafmlmod.FMLJavaModLanguageProvider/LOADING]: Loading FMLModContainer from classloader cpw.mods.modlauncher.TransformingClassLoader@e784320 - got cpw.mods.cl.ModuleClassLoader@62ddd21b
[16Feb2026 16:57:43.950] [main/DEBUG] [net.minecraftforge.fml.javafmlmod.FMLModContainer/LOADING]: Creating FMLModContainer instance for mezz.jei.forge.JustEnoughItems
[16Feb2026 16:57:43.950] [main/DEBUG] [net.minecraftforge.fml.javafmlmod.FMLJavaModLanguageProvider/LOADING]: Loading FMLModContainer from classloader cpw.mods.modlauncher.TransformingClassLoader@e784320 - got cpw.mods.cl.ModuleClassLoader@62ddd21b
[16Feb2026 16:57:43.950] [main/DEBUG] [net.minecraftforge.fml.javafmlmod.FMLModContainer/LOADING]: Creating FMLModContainer instance for winterwolfsv.cobblemon_quests.forge.Cobblemon_QuestsForge
[16Feb2026 16:57:43.951] [main/DEBUG] [thedarkcolour.kotlinforforge.LoggerKt/LOADING]: Loading KotlinModContainer from classloader cpw.mods.modlauncher.TransformingClassLoader@e784320 - got cpw.mods.cl.ModuleClassLoader@62ddd21b}
[16Feb2026 16:57:43.951] [main/DEBUG] [thedarkcolour.kotlinforforge.LoggerKt/LOADING]: Creating KotlinModContainer instance for us.timinc.mc.cobblemon.counter.Counter
[16Feb2026 16:57:43.951] [main/DEBUG] [net.minecraftforge.fml.javafmlmod.FMLJavaModLanguageProvider/LOADING]: Loading FMLModContainer from classloader cpw.mods.modlauncher.TransformingClassLoader@e784320 - got cpw.mods.cl.ModuleClassLoader@62ddd21b
[16Feb2026 16:57:43.951] [main/DEBUG] [net.minecraftforge.fml.javafmlmod.FMLModContainer/LOADING]: Creating FMLModContainer instance for journeymap.common.Journeymap
[16Feb2026 16:57:43.952] [main/DEBUG] [net.minecraftforge.fml.javafmlmod.FMLJavaModLanguageProvider/LOADING]: Loading FMLModContainer from classloader cpw.mods.modlauncher.TransformingClassLoader@e784320 - got cpw.mods.cl.ModuleClassLoader@62ddd21b
[16Feb2026 16:57:43.952] [main/DEBUG] [net.minecraftforge.fml.javafmlmod.FMLModContainer/LOADING]: Creating FMLModContainer instance for com.github.alexthe666.citadel.Citadel
[16Feb2026 16:57:43.953] [main/DEBUG] [net.minecraftforge.fml.javafmlmod.FMLJavaModLanguageProvider/LOADING]: Loading FMLModContainer from classloader cpw.mods.modlauncher.TransformingClassLoader@e784320 - got cpw.mods.cl.ModuleClassLoader@62ddd21b
[16Feb2026 16:57:43.953] [main/DEBUG] [net.minecraftforge.fml.javafmlmod.FMLModContainer/LOADING]: Creating FMLModContainer instance for net.mcreator.tmtcop.TmtcopMod
[16Feb2026 16:57:43.954] [main/DEBUG] [net.minecraftforge.fml.javafmlmod.FMLJavaModLanguageProvider/LOADING]: Loading FMLModContainer from classloader cpw.mods.modlauncher.TransformingClassLoader@e784320 - got cpw.mods.cl.ModuleClassLoader@62ddd21b
[16Feb2026 16:57:43.954] [main/DEBUG] [net.minecraftforge.fml.javafmlmod.FMLModContainer/LOADING]: Creating FMLModContainer instance for glitchcore.forge.GlitchCoreForge
[16Feb2026 16:57:43.954] [main/DEBUG] [net.minecraftforge.fml.javafmlmod.FMLJavaModLanguageProvider/LOADING]: Loading FMLModContainer from classloader cpw.mods.modlauncher.TransformingClassLoader@e784320 - got cpw.mods.cl.ModuleClassLoader@62ddd21b
[16Feb2026 16:57:43.954] [main/DEBUG] [net.minecraftforge.fml.javafmlmod.FMLModContainer/LOADING]: Creating FMLModContainer instance for com.scouter.cobbleoutbreaks.CobblemonOutbreaks
[16Feb2026 16:57:43.955] [main/DEBUG] [net.minecraftforge.fml.javafmlmod.FMLJavaModLanguageProvider/LOADING]: Loading FMLModContainer from classloader cpw.mods.modlauncher.TransformingClassLoader@e784320 - got cpw.mods.cl.ModuleClassLoader@62ddd21b
[16Feb2026 16:57:43.955] [main/DEBUG] [net.minecraftforge.fml.javafmlmod.FMLModContainer/LOADING]: Creating FMLModContainer instance for eu.midnightdust.core.MidnightLib
[16Feb2026 16:57:43.956] [main/DEBUG] [thedarkcolour.kotlinforforge.LoggerKt/LOADING]: Loading KotlinModContainer from classloader cpw.mods.modlauncher.TransformingClassLoader@e784320 - got cpw.mods.cl.ModuleClassLoader@62ddd21b}
[16Feb2026 16:57:43.956] [main/DEBUG] [thedarkcolour.kotlinforforge.LoggerKt/LOADING]: Creating KotlinModContainer instance for us.timinc.mc.cobblemon.spawnnotification.SpawnNotification
[16Feb2026 16:57:43.956] [main/DEBUG] [thedarkcolour.kotlinforforge.LoggerKt/LOADING]: Loading KotlinModContainer from classloader cpw.mods.modlauncher.TransformingClassLoader@e784320 - got cpw.mods.cl.ModuleClassLoader@62ddd21b}
[16Feb2026 16:57:43.956] [main/DEBUG] [thedarkcolour.kotlinforforge.LoggerKt/LOADING]: Creating KotlinModContainer instance for us.timinc.mc.cobblemon.unimplementeditems.UnimplementedItems
[16Feb2026 16:57:43.957] [main/DEBUG] [net.minecraftforge.fml.javafmlmod.FMLJavaModLanguageProvider/LOADING]: Loading FMLModContainer from classloader cpw.mods.modlauncher.TransformingClassLoader@e784320 - got cpw.mods.cl.ModuleClassLoader@62ddd21b
[16Feb2026 16:57:43.957] [main/DEBUG] [net.minecraftforge.fml.javafmlmod.FMLModContainer/LOADING]: Creating FMLModContainer instance for drai.dev.gravelsextendedbattles.forge.GravelsExtendedBattlesForge
[16Feb2026 16:57:43.957] [main/DEBUG] [net.minecraftforge.fml.javafmlmod.FMLJavaModLanguageProvider/LOADING]: Loading FMLModContainer from classloader cpw.mods.modlauncher.TransformingClassLoader@e784320 - got cpw.mods.cl.ModuleClassLoader@62ddd21b
[16Feb2026 16:57:43.958] [main/DEBUG] [net.minecraftforge.fml.javafmlmod.FMLModContainer/LOADING]: Creating FMLModContainer instance for mirsario.cameraoverhaul.entrypoints.ForgeInitializer
[16Feb2026 16:57:43.958] [main/DEBUG] [net.minecraftforge.fml.javafmlmod.FMLJavaModLanguageProvider/LOADING]: Loading FMLModContainer from classloader cpw.mods.modlauncher.TransformingClassLoader@e784320 - got cpw.mods.cl.ModuleClassLoader@62ddd21b
[16Feb2026 16:57:43.958] [main/DEBUG] [net.minecraftforge.fml.javafmlmod.FMLModContainer/LOADING]: Creating FMLModContainer instance for me.shedaniel.clothconfig.ClothConfigForge
[16Feb2026 16:57:43.959] [main/DEBUG] [net.minecraftforge.fml.javafmlmod.FMLJavaModLanguageProvider/LOADING]: Loading FMLModContainer from classloader cpw.mods.modlauncher.TransformingClassLoader@e784320 - got cpw.mods.cl.ModuleClassLoader@62ddd21b
[16Feb2026 16:57:43.959] [main/DEBUG] [net.minecraftforge.fml.javafmlmod.FMLModContainer/LOADING]: Creating FMLModContainer instance for net.minecraftforge.common.ForgeMod
[16Feb2026 16:57:43.961] [main/DEBUG] [net.minecraftforge.fml.javafmlmod.FMLJavaModLanguageProvider/LOADING]: Loading FMLModContainer from classloader cpw.mods.modlauncher.TransformingClassLoader@e784320 - got cpw.mods.cl.ModuleClassLoader@62ddd21b
[16Feb2026 16:57:43.962] [main/DEBUG] [net.minecraftforge.fml.javafmlmod.FMLModContainer/LOADING]: Creating FMLModContainer instance for earth.terrarium.athena.forge.AthenaForge
[16Feb2026 16:57:43.962] [main/DEBUG] [net.minecraftforge.fml.javafmlmod.FMLJavaModLanguageProvider/LOADING]: Loading FMLModContainer from classloader cpw.mods.modlauncher.TransformingClassLoader@e784320 - got cpw.mods.cl.ModuleClassLoader@62ddd21b
[16Feb2026 16:57:43.962] [main/DEBUG] [net.minecraftforge.fml.javafmlmod.FMLModContainer/LOADING]: Creating FMLModContainer instance for net.doctorx.cobblemonalatia.CobblemonAlatiasFakemonPack
[16Feb2026 16:57:43.963] [main/DEBUG] [net.minecraftforge.fml.javafmlmod.FMLJavaModLanguageProvider/LOADING]: Loading FMLModContainer from classloader cpw.mods.modlauncher.TransformingClassLoader@e784320 - got cpw.mods.cl.ModuleClassLoader@62ddd21b
[16Feb2026 16:57:43.964] [main/DEBUG] [net.minecraftforge.fml.javafmlmod.FMLModContainer/LOADING]: Creating FMLModContainer instance for net.mcreator.simplecobblemonkit.SimpleCobblemonKitMod
[16Feb2026 16:57:43.965] [main/DEBUG] [net.minecraftforge.fml.javafmlmod.FMLJavaModLanguageProvider/LOADING]: Loading FMLModContainer from classloader cpw.mods.modlauncher.TransformingClassLoader@e784320 - got cpw.mods.cl.ModuleClassLoader@62ddd21b
[16Feb2026 16:57:43.965] [main/DEBUG] [net.minecraftforge.fml.javafmlmod.FMLModContainer/LOADING]: Creating FMLModContainer instance for terrablender.core.TerraBlenderForge
[16Feb2026 16:57:43.965] [main/DEBUG] [net.minecraftforge.fml.javafmlmod.FMLJavaModLanguageProvider/LOADING]: Loading FMLModContainer from classloader cpw.mods.modlauncher.TransformingClassLoader@e784320 - got cpw.mods.cl.ModuleClassLoader@62ddd21b
[16Feb2026 16:57:43.966] [main/DEBUG] [net.minecraftforge.fml.javafmlmod.FMLModContainer/LOADING]: Creating FMLModContainer instance for net.shizotoaster.betterbeds.BetterBedsReforged
[16Feb2026 16:57:43.966] [main/DEBUG] [net.minecraftforge.fml.javafmlmod.FMLJavaModLanguageProvider/LOADING]: Loading FMLModContainer from classloader cpw.mods.modlauncher.TransformingClassLoader@e784320 - got cpw.mods.cl.ModuleClassLoader@62ddd21b
[16Feb2026 16:57:43.966] [main/DEBUG] [net.minecraftforge.fml.javafmlmod.FMLModContainer/LOADING]: Creating FMLModContainer instance for com.arcaryx.cobblemonintegrations.forge.CobblemonIntegrationsForge
[16Feb2026 16:57:43.967] [main/DEBUG] [net.minecraftforge.fml.javafmlmod.FMLJavaModLanguageProvider/LOADING]: Loading FMLModContainer from classloader cpw.mods.modlauncher.TransformingClassLoader@e784320 - got cpw.mods.cl.ModuleClassLoader@62ddd21b
[16Feb2026 16:57:43.967] [main/DEBUG] [net.minecraftforge.fml.javafmlmod.FMLModContainer/LOADING]: Creating FMLModContainer instance for com.selfdot.cobblemontrainers.forge.CobblemonTrainersForge
[16Feb2026 16:57:43.967] [main/DEBUG] [net.minecraftforge.fml.javafmlmod.FMLJavaModLanguageProvider/LOADING]: Loading FMLModContainer from classloader cpw.mods.modlauncher.TransformingClassLoader@e784320 - got cpw.mods.cl.ModuleClassLoader@62ddd21b
[16Feb2026 16:57:43.968] [main/DEBUG] [net.minecraftforge.fml.javafmlmod.FMLModContainer/LOADING]: Creating FMLModContainer instance for git.dragomordor.simpletms.forge.SimpleTMsMod
[16Feb2026 16:57:43.968] [main/DEBUG] [net.minecraftforge.fml.javafmlmod.FMLJavaModLanguageProvider/LOADING]: Loading FMLModContainer from classloader cpw.mods.modlauncher.TransformingClassLoader@e784320 - got cpw.mods.cl.ModuleClassLoader@62ddd21b
[16Feb2026 16:57:43.968] [main/DEBUG] [net.minecraftforge.fml.javafmlmod.FMLModContainer/LOADING]: Creating FMLModContainer instance for biomesoplenty.forge.core.BiomesOPlentyForge
[16Feb2026 16:57:43.969] [main/DEBUG] [net.minecraftforge.fml.javafmlmod.FMLJavaModLanguageProvider/LOADING]: Loading FMLModContainer from classloader cpw.mods.modlauncher.TransformingClassLoader@e784320 - got cpw.mods.cl.ModuleClassLoader@62ddd21b
[16Feb2026 16:57:43.969] [main/DEBUG] [net.minecraftforge.fml.javafmlmod.FMLModContainer/LOADING]: Creating FMLModContainer instance for snownee.jade.util.CommonProxy
[16Feb2026 16:57:43.970] [main/DEBUG] [net.minecraftforge.fml.javafmlmod.FMLJavaModLanguageProvider/LOADING]: Loading FMLModContainer from classloader cpw.mods.modlauncher.TransformingClassLoader@e784320 - got cpw.mods.cl.ModuleClassLoader@62ddd21b
[16Feb2026 16:57:43.971] [main/DEBUG] [net.minecraftforge.fml.javafmlmod.FMLModContainer/LOADING]: Creating FMLModContainer instance for com.modrinth.jyVqIISn.ModrinthWrapper
[16Feb2026 16:57:43.971] [main/DEBUG] [thedarkcolour.kotlinforforge.LoggerKt/LOADING]: Loading KotlinModContainer from classloader cpw.mods.modlauncher.TransformingClassLoader@e784320 - got cpw.mods.cl.ModuleClassLoader@62ddd21b}
[16Feb2026 16:57:43.971] [main/DEBUG] [thedarkcolour.kotlinforforge.LoggerKt/LOADING]: Creating KotlinModContainer instance for thedarkcolour.kotlinforforge.test.KotlinForForge
[16Feb2026 16:57:43.972] [main/DEBUG] [net.minecraftforge.fml.javafmlmod.FMLJavaModLanguageProvider/LOADING]: Loading FMLModContainer from classloader cpw.mods.modlauncher.TransformingClassLoader@e784320 - got cpw.mods.cl.ModuleClassLoader@62ddd21b
[16Feb2026 16:57:43.972] [main/DEBUG] [net.minecraftforge.fml.javafmlmod.FMLModContainer/LOADING]: Creating FMLModContainer instance for top.theillusivec4.curios.Curios
[16Feb2026 16:57:43.972] [main/DEBUG] [net.minecraftforge.fml.javafmlmod.FMLJavaModLanguageProvider/LOADING]: Loading FMLModContainer from classloader cpw.mods.modlauncher.TransformingClassLoader@e784320 - got cpw.mods.cl.ModuleClassLoader@62ddd21b
[16Feb2026 16:57:43.972] [main/DEBUG] [net.minecraftforge.fml.javafmlmod.FMLModContainer/LOADING]: Creating FMLModContainer instance for vazkii.patchouli.forge.common.ForgeModInitializer
[16Feb2026 16:57:43.973] [main/DEBUG] [thedarkcolour.kotlinforforge.LoggerKt/LOADING]: Loading KotlinModContainer from classloader cpw.mods.modlauncher.TransformingClassLoader@e784320 - got cpw.mods.cl.ModuleClassLoader@62ddd21b}
[16Feb2026 16:57:43.973] [main/DEBUG] [thedarkcolour.kotlinforforge.LoggerKt/LOADING]: Creating KotlinModContainer instance for us.timinc.mc.cobblemon.capturexp.CaptureXP
[16Feb2026 16:57:43.974] [main/DEBUG] [thedarkcolour.kotlinforforge.LoggerKt/LOADING]: Loading KotlinModContainer from classloader cpw.mods.modlauncher.TransformingClassLoader@e784320 - got cpw.mods.cl.ModuleClassLoader@62ddd21b}
[16Feb2026 16:57:43.974] [main/DEBUG] [thedarkcolour.kotlinforforge.LoggerKt/LOADING]: Creating KotlinModContainer instance for games.dragonhowl.megamons.forge.MegamonsForge
[16Feb2026 16:57:43.976] [main/DEBUG] [thedarkcolour.kotlinforforge.LoggerKt/LOADING]: Loading KotlinModContainer from classloader cpw.mods.modlauncher.TransformingClassLoader@e784320 - got cpw.mods.cl.ModuleClassLoader@62ddd21b}
[16Feb2026 16:57:43.976] [main/DEBUG] [thedarkcolour.kotlinforforge.LoggerKt/LOADING]: Creating KotlinModContainer instance for com.cobblemon.mod.forge.CobblemonForge
[16Feb2026 16:57:43.978] [main/DEBUG] [net.minecraftforge.fml.javafmlmod.FMLJavaModLanguageProvider/LOADING]: Loading FMLModContainer from classloader cpw.mods.modlauncher.TransformingClassLoader@e784320 - got cpw.mods.cl.ModuleClassLoader@62ddd21b
[16Feb2026 16:57:43.978] [main/DEBUG] [net.minecraftforge.fml.javafmlmod.FMLModContainer/LOADING]: Creating FMLModContainer instance for com.rafacasari.mod.cobbledex.forge.CobbledexForge
[16Feb2026 16:57:43.979] [main/DEBUG] [net.minecraftforge.fml.javafmlmod.FMLJavaModLanguageProvider/LOADING]: Loading FMLModContainer from classloader cpw.mods.modlauncher.TransformingClassLoader@e784320 - got cpw.mods.cl.ModuleClassLoader@62ddd21b
[16Feb2026 16:57:43.979] [main/DEBUG] [net.minecraftforge.fml.javafmlmod.FMLModContainer/LOADING]: Creating FMLModContainer instance for com.gitlab.vinnystalck.cobblepedia.forge.CobblepediaForge
[16Feb2026 16:57:43.979] [main/DEBUG] [net.minecraftforge.fml.javafmlmod.FMLJavaModLanguageProvider/LOADING]: Loading FMLModContainer from classloader cpw.mods.modlauncher.TransformingClassLoader@e784320 - got cpw.mods.cl.ModuleClassLoader@62ddd21b
[16Feb2026 16:57:43.979] [main/DEBUG] [net.minecraftforge.fml.javafmlmod.FMLModContainer/LOADING]: Creating FMLModContainer instance for me.rufia.fightorflight.forge.CobblemonFightOrFlightForge
[16Feb2026 16:57:43.980] [main/DEBUG] [net.minecraftforge.fml.javafmlmod.FMLJavaModLanguageProvider/LOADING]: Loading FMLModContainer from classloader cpw.mods.modlauncher.TransformingClassLoader@e784320 - got cpw.mods.cl.ModuleClassLoader@62ddd21b
[16Feb2026 16:57:43.980] [main/DEBUG] [net.minecraftforge.fml.javafmlmod.FMLModContainer/LOADING]: Creating FMLModContainer instance for dev.architectury.forge.ArchitecturyForge
[16Feb2026 16:57:43.980] [main/DEBUG] [net.minecraftforge.fml.javafmlmod.FMLJavaModLanguageProvider/LOADING]: Loading FMLModContainer from classloader cpw.mods.modlauncher.TransformingClassLoader@e784320 - got cpw.mods.cl.ModuleClassLoader@62ddd21b
[16Feb2026 16:57:43.980] [main/DEBUG] [net.minecraftforge.fml.javafmlmod.FMLModContainer/LOADING]: Creating FMLModContainer instance for net.gensir.cobgyms.forge.CobGymsForge
[16Feb2026 16:57:43.981] [main/DEBUG] [net.minecraftforge.fml.javafmlmod.FMLJavaModLanguageProvider/LOADING]: Loading FMLModContainer from classloader cpw.mods.modlauncher.TransformingClassLoader@e784320 - got cpw.mods.cl.ModuleClassLoader@62ddd21b
[16Feb2026 16:57:43.981] [main/DEBUG] [net.minecraftforge.fml.javafmlmod.FMLModContainer/LOADING]: Creating FMLModContainer instance for dev.ftb.mods.ftblibrary.forge.FTBLibraryForge
[16Feb2026 16:57:43.981] [main/DEBUG] [net.minecraftforge.fml.javafmlmod.FMLJavaModLanguageProvider/LOADING]: Loading FMLModContainer from classloader cpw.mods.modlauncher.TransformingClassLoader@e784320 - got cpw.mods.cl.ModuleClassLoader@62ddd21b
[16Feb2026 16:57:43.981] [main/DEBUG] [net.minecraftforge.fml.javafmlmod.FMLModContainer/LOADING]: Creating FMLModContainer instance for dev.ftb.mods.ftbteams.forge.FTBTeamsForge
[16Feb2026 16:57:43.982] [main/DEBUG] [net.minecraftforge.fml.javafmlmod.FMLJavaModLanguageProvider/LOADING]: Loading FMLModContainer from classloader cpw.mods.modlauncher.TransformingClassLoader@e784320 - got cpw.mods.cl.ModuleClassLoader@62ddd21b
[16Feb2026 16:57:43.982] [main/DEBUG] [net.minecraftforge.fml.javafmlmod.FMLModContainer/LOADING]: Creating FMLModContainer instance for dev.ftb.mods.ftbquests.forge.FTBQuestsForge
[16Feb2026 16:57:43.983] [main/DEBUG] [net.minecraftforge.fml.javafmlmod.FMLJavaModLanguageProvider/LOADING]: Loading FMLModContainer from classloader cpw.mods.modlauncher.TransformingClassLoader@e784320 - got cpw.mods.cl.ModuleClassLoader@62ddd21b
[16Feb2026 16:57:43.983] [main/DEBUG] [net.minecraftforge.fml.javafmlmod.FMLModContainer/LOADING]: Creating FMLModContainer instance for com.cobblemore_lib.forge.CobblemoreLibModForge
[16Feb2026 16:57:43.983] [main/DEBUG] [net.minecraftforge.fml.javafmlmod.FMLJavaModLanguageProvider/LOADING]: Loading FMLModContainer from classloader cpw.mods.modlauncher.TransformingClassLoader@e784320 - got cpw.mods.cl.ModuleClassLoader@62ddd21b
[16Feb2026 16:57:43.983] [main/DEBUG] [net.minecraftforge.fml.javafmlmod.FMLModContainer/LOADING]: Creating FMLModContainer instance for com.cobblemon_poke_labs.forge.CobblemonPokeLabsModForge
[16Feb2026 16:57:43.984] [main/DEBUG] [net.minecraftforge.fml.javafmlmod.FMLJavaModLanguageProvider/LOADING]: Loading FMLModContainer from classloader cpw.mods.modlauncher.TransformingClassLoader@e784320 - got cpw.mods.cl.ModuleClassLoader@62ddd21b
[16Feb2026 16:57:43.984] [main/DEBUG] [net.minecraftforge.fml.javafmlmod.FMLModContainer/LOADING]: Creating FMLModContainer instance for com.cobblemon_simple_center.forge.CobblemonSimpleCenterModForge
[16Feb2026 16:57:43.984] [main/DEBUG] [thedarkcolour.kotlinforforge.LoggerKt/LOADING]: Loading KotlinModContainer from classloader cpw.mods.modlauncher.TransformingClassLoader@e784320 - got cpw.mods.cl.ModuleClassLoader@62ddd21b}
[16Feb2026 16:57:43.984] [main/DEBUG] [thedarkcolour.kotlinforforge.LoggerKt/LOADING]: Creating KotlinModContainer instance for com.selfdot.cobblemonmegas.forge.CobblemonMegasForge
[16Feb2026 16:57:43.985] [main/DEBUG] [net.minecraftforge.fml.javafmlmod.FMLJavaModLanguageProvider/LOADING]: Loading FMLModContainer from classloader cpw.mods.modlauncher.TransformingClassLoader@e784320 - got cpw.mods.cl.ModuleClassLoader@62ddd21b
[16Feb2026 16:57:43.985] [main/DEBUG] [net.minecraftforge.fml.javafmlmod.FMLModContainer/LOADING]: Creating FMLModContainer instance for dev.zanckor.cobblemonrider.CobblemonRider
[16Feb2026 16:57:43.985] [main/DEBUG] [net.minecraftforge.fml.javafmlmod.FMLJavaModLanguageProvider/LOADING]: Loading FMLModContainer from classloader cpw.mods.modlauncher.TransformingClassLoader@e784320 - got cpw.mods.cl.ModuleClassLoader@62ddd21b
[16Feb2026 16:57:43.985] [main/DEBUG] [net.minecraftforge.fml.javafmlmod.FMLModContainer/LOADING]: Creating FMLModContainer instance for com.github.d0ctorleon.mythsandlegends.forge.MythsAndLegendsForge
[16Feb2026 16:57:43.985] [main/DEBUG] [net.minecraftforge.fml.javafmlmod.FMLJavaModLanguageProvider/LOADING]: Loading FMLModContainer from classloader cpw.mods.modlauncher.TransformingClassLoader@e784320 - got cpw.mods.cl.ModuleClassLoader@62ddd21b
[16Feb2026 16:57:43.986] [main/DEBUG] [net.minecraftforge.fml.javafmlmod.FMLModContainer/LOADING]: Creating FMLModContainer instance for me.treyruffy.betterf3.BetterF3Forge
[16Feb2026 16:57:43.986] [main/DEBUG] [thedarkcolour.kotlinforforge.LoggerKt/LOADING]: Loading KotlinModContainer from classloader cpw.mods.modlauncher.TransformingClassLoader@e784320 - got cpw.mods.cl.ModuleClassLoader@62ddd21b}
[16Feb2026 16:57:43.986] [main/DEBUG] [thedarkcolour.kotlinforforge.LoggerKt/LOADING]: Creating KotlinModContainer instance for us.timinc.mc.cobblemon.chaining.Chaining
[16Feb2026 16:57:43.987] [main/DEBUG] [thedarkcolour.kotlinforforge.LoggerKt/LOADING]: Loading KotlinModContainer from classloader cpw.mods.modlauncher.TransformingClassLoader@e784320 - got cpw.mods.cl.ModuleClassLoader@62ddd21b}
[16Feb2026 16:57:43.987] [main/DEBUG] [thedarkcolour.kotlinforforge.LoggerKt/LOADING]: Creating KotlinModContainer instance for fr.harmex.cobbledollars.forge.CobbleDollarsForge
[16Feb2026 16:57:44.048] [modloading-worker-0/DEBUG] [net.minecraftforge.fml.config.ConfigTracker/CONFIG]: Config file jei-server.toml for jei tracking
[16Feb2026 16:57:44.061] [modloading-worker-0/DEBUG] [net.minecraftforge.fml.javafmlmod.AutomaticEventSubscriber/LOADING]: Attempting to inject @EventBusSubscriber classes into the eventbus for jei
[16Feb2026 16:57:44.124] [modloading-worker-0/DEBUG] [net.minecraftforge.fml.config.ConfigTracker/CONFIG]: Config file beautify-server.toml for beautify tracking
[16Feb2026 16:57:44.134] [modloading-worker-0/DEBUG] [net.minecraftforge.fml.javafmlmod.AutomaticEventSubscriber/LOADING]: Attempting to inject @EventBusSubscriber classes into the eventbus for beautify
[16Feb2026 16:57:44.139] [modloading-worker-0/DEBUG] [net.minecraftforge.fml.javafmlmod.AutomaticEventSubscriber/LOADING]: Auto-subscribing com.github.Pandarix.beautify.event.ModEvents to FORGE
[16Feb2026 16:57:44.154] [modloading-worker-0/DEBUG] [net.minecraftforge.fml.config.ConfigTracker/CONFIG]: Config file journeymap-server.toml for journeymap tracking
[16Feb2026 16:57:44.161] [modloading-worker-0/DEBUG] [net.minecraftforge.fml.javafmlmod.AutomaticEventSubscriber/LOADING]: Attempting to inject @EventBusSubscriber classes into the eventbus for journeymap
[16Feb2026 16:57:44.166] [modloading-worker-0/DEBUG] [net.minecraftforge.fml.javafmlmod.AutomaticEventSubscriber/LOADING]: Auto-subscribing journeymap.common.config.forge.ForgeConfig to MOD
[16Feb2026 16:57:44.168] [modloading-worker-0/DEBUG] [net.minecraftforge.fml.javafmlmod.AutomaticEventSubscriber/LOADING]: Auto-subscribing journeymap.common.Journeymap to FORGE
[16Feb2026 16:57:44.173] [modloading-worker-0/DEBUG] [net.minecraftforge.fml.javafmlmod.AutomaticEventSubscriber/LOADING]: Attempting to inject @EventBusSubscriber classes into the eventbus for cobblemon_quests
[16Feb2026 16:57:44.173] [modloading-worker-0/DEBUG] [net.minecraftforge.fml.javafmlmod.AutomaticEventSubscriber/LOADING]: Auto-subscribing winterwolfsv.cobblemon_quests.forge.config.ConfigCommandsForge to FORGE
[16Feb2026 16:57:44.187] [modloading-worker-0/DEBUG] [net.minecraftforge.fml.javafmlmod.AutomaticEventSubscriber/LOADING]: Attempting to inject @EventBusSubscriber classes into the eventbus for tmtcop
[16Feb2026 16:57:44.188] [modloading-worker-0/DEBUG] [net.minecraftforge.fml.javafmlmod.AutomaticEventSubscriber/LOADING]: Attempting to inject @EventBusSubscriber classes into the eventbus for glitchcore
[16Feb2026 16:57:44.188] [modloading-worker-0/DEBUG] [net.minecraftforge.fml.javafmlmod.AutomaticEventSubscriber/LOADING]: Auto-subscribing glitchcore.forge.handlers.VillagerTradesEventHandler to FORGE
[16Feb2026 16:57:44.192] [modloading-worker-0/DEBUG] [net.minecraftforge.fml.javafmlmod.AutomaticEventSubscriber/LOADING]: Auto-subscribing glitchcore.forge.handlers.TooltipEventHandler to FORGE
[16Feb2026 16:57:44.196] [modloading-worker-0/DEBUG] [net.minecraftforge.fml.javafmlmod.AutomaticEventSubscriber/LOADING]: Auto-subscribing glitchcore.forge.handlers.ToolModificationEventHandler to FORGE
[16Feb2026 16:57:44.199] [modloading-worker-0/DEBUG] [net.minecraftforge.fml.javafmlmod.AutomaticEventSubscriber/LOADING]: Auto-subscribing glitchcore.forge.handlers.TickEventHandler to FORGE
[16Feb2026 16:57:44.200] [modloading-worker-0/DEBUG] [net.minecraftforge.fml.config.ConfigTracker/CONFIG]: Config file citadel-common.toml for citadel tracking
[16Feb2026 16:57:44.206] [modloading-worker-0/DEBUG] [net.minecraftforge.fml.javafmlmod.AutomaticEventSubscriber/LOADING]: Auto-subscribing glitchcore.forge.handlers.TagsUpdatedEventHandler to FORGE
[16Feb2026 16:57:44.208] [modloading-worker-0/DEBUG] [net.minecraftforge.fml.javafmlmod.AutomaticEventSubscriber/LOADING]: Auto-subscribing glitchcore.forge.handlers.RegistryEventHandler to MOD
[16Feb2026 16:57:44.209] [modloading-worker-0/DEBUG] [net.minecraftforge.fml.javafmlmod.AutomaticEventSubscriber/LOADING]: Auto-subscribing glitchcore.forge.handlers.RegisterCommandsEventHandler to FORGE
[16Feb2026 16:57:44.213] [modloading-worker-0/DEBUG] [net.minecraftforge.fml.javafmlmod.AutomaticEventSubscriber/LOADING]: Auto-subscribing glitchcore.forge.handlers.PlayerLoggedInEventHandler to FORGE
[16Feb2026 16:57:44.214] [modloading-worker-0/DEBUG] [net.minecraftforge.fml.javafmlmod.AutomaticEventSubscriber/LOADING]: Attempting to inject @EventBusSubscriber classes into the eventbus for citadel
[16Feb2026 16:57:44.214] [modloading-worker-0/DEBUG] [net.minecraftforge.fml.javafmlmod.AutomaticEventSubscriber/LOADING]: Auto-subscribing com.github.alexthe666.citadel.ServerProxy to MOD
[16Feb2026 16:57:44.217] [modloading-worker-0/DEBUG] [net.minecraftforge.fml.javafmlmod.AutomaticEventSubscriber/LOADING]: Auto-subscribing glitchcore.forge.handlers.InteractionEventHandler to FORGE
[16Feb2026 16:57:44.222] [modloading-worker-0/DEBUG] [net.minecraftforge.fml.javafmlmod.AutomaticEventSubscriber/LOADING]: Attempting to inject @EventBusSubscriber classes into the eventbus for midnightlib
[16Feb2026 16:57:44.223] [modloading-worker-0/DEBUG] [net.minecraftforge.fml.javafmlmod.AutomaticEventSubscriber/LOADING]: Auto-subscribing eu.midnightdust.core.MidnightLib$MidnightLibEvents to FORGE
[16Feb2026 16:57:44.227] [modloading-worker-0/DEBUG] [net.minecraftforge.fml.config.ConfigTracker/CONFIG]: Config file cobblemonoutbreaks-common.toml for cobblemonoutbreaks tracking
[16Feb2026 16:57:44.235] [modloading-worker-0/DEBUG] [mixin/]: Mixing MixinLevelEvent from architectury.mixins.json into net.minecraftforge.event.level.LevelEvent
[16Feb2026 16:57:44.259] [modloading-worker-0/DEBUG] [net.minecraftforge.fml.javafmlmod.AutomaticEventSubscriber/LOADING]: Attempting to inject @EventBusSubscriber classes into the eventbus for cobblemonoutbreaks
[16Feb2026 16:57:44.260] [modloading-worker-0/DEBUG] [net.minecraftforge.fml.javafmlmod.AutomaticEventSubscriber/LOADING]: Auto-subscribing com.scouter.cobbleoutbreaks.setup.ModSetup to MOD
[16Feb2026 16:57:44.461] [modloading-worker-0/DEBUG] [thedarkcolour.kotlinforforge.LoggerKt/LOADING]: Attempting to inject @EventBusSubscriber kotlin objects in to the event bus for fossiltweaks
[16Feb2026 16:57:44.471] [modloading-worker-0/DEBUG] [thedarkcolour.kotlinforforge.LoggerKt/LOADING]: Auto-subscribing kotlin object net.minecraftforge.fml.common.Mod$EventBusSubscriber to FORGE
[16Feb2026 16:57:44.473] [modloading-worker-0/DEBUG] [thedarkcolour.kotlinforforge.LoggerKt/LOADING]: Attempting to inject @EventBusSubscriber kotlin objects in to the event bus for cobbled_counter
[16Feb2026 16:57:44.474] [modloading-worker-0/DEBUG] [thedarkcolour.kotlinforforge.LoggerKt/LOADING]: Attempting to inject @EventBusSubscriber kotlin objects in to the event bus for unimplemented_items
[16Feb2026 16:57:44.475] [modloading-worker-0/DEBUG] [thedarkcolour.kotlinforforge.LoggerKt/LOADING]: Attempting to inject @EventBusSubscriber kotlin objects in to the event bus for spawn_notification
[16Feb2026 16:57:44.476] [modloading-worker-0/DEBUG] [thedarkcolour.kotlinforforge.LoggerKt/LOADING]: Auto-subscribing kotlin object net.minecraftforge.fml.common.Mod$EventBusSubscriber to FORGE
[16Feb2026 16:57:44.479] [modloading-worker-0/DEBUG] [thedarkcolour.kotlinforforge.LoggerKt/LOADING]: Auto-subscribing kotlin object net.minecraftforge.fml.common.Mod$EventBusSubscriber to FORGE
[16Feb2026 16:57:44.477] [modloading-worker-0/DEBUG] [thedarkcolour.kotlinforforge.LoggerKt/LOADING]: Auto-subscribing kotlin object net.minecraftforge.fml.common.Mod$EventBusSubscriber to MOD
[16Feb2026 16:57:44.486] [modloading-worker-0/DEBUG] [net.minecraftforge.fml.javafmlmod.AutomaticEventSubscriber/LOADING]: Attempting to inject @EventBusSubscriber classes into the eventbus for cloth_config
[16Feb2026 16:57:44.498] [modloading-worker-0/DEBUG] [thedarkcolour.kotlinforforge.LoggerKt/LOADING]: Auto-subscribing kotlin object net.minecraftforge.fml.common.Mod$EventBusSubscriber to FORGE
[16Feb2026 16:57:44.508] [modloading-worker-0/DEBUG] [net.minecraftforge.fml.javafmlmod.AutomaticEventSubscriber/LOADING]: Attempting to inject @EventBusSubscriber classes into the eventbus for cameraoverhaul
[16Feb2026 16:57:44.508] [modloading-worker-0/DEBUG] [net.minecraftforge.fml.javafmlmod.AutomaticEventSubscriber/LOADING]: Attempting to inject @EventBusSubscriber classes into the eventbus for athena
[16Feb2026 16:57:44.512] [modloading-worker-0/DEBUG] [mixin/]: Mixing LootTableAccessor from gravels_extended_battles_forge.mixins.json into net.minecraft.world.level.storage.loot.LootTable
[16Feb2026 16:57:44.532] [modloading-worker-0/DEBUG] [net.minecraftforge.fml.javafmlmod.AutomaticEventSubscriber/LOADING]: Attempting to inject @EventBusSubscriber classes into the eventbus for cobblemon_alatia
[16Feb2026 16:57:44.533] [modloading-worker-0/DEBUG] [mixin/]: Mixing PokemonSpeciesAccessor from gravels_extended_battles_common.mixins.json into com.cobblemon.mod.common.api.pokemon.PokemonSpecies
[16Feb2026 16:57:44.538] [modloading-worker-0/DEBUG] [net.minecraftforge.fml.javafmlmod.AutomaticEventSubscriber/LOADING]: Attempting to inject @EventBusSubscriber classes into the eventbus for simple_cobblemon_kit
[16Feb2026 16:57:44.539] [modloading-worker-0/DEBUG] [net.minecraftforge.fml.javafmlmod.AutomaticEventSubscriber/LOADING]: Auto-subscribing net.mcreator.simplecobblemonkit.procedures.StarterKitProcedure to FORGE
[16Feb2026 16:57:44.543] [modloading-worker-0/DEBUG] [net.minecraftforge.versions.forge.ForgeVersion/CORE]: Forge Version package package net.minecraftforge.versions.forge, Forge, version 47.4 from cpw.mods.modlauncher.TransformingClassLoader@e784320
[16Feb2026 16:57:44.550] [modloading-worker-0/DEBUG] [net.minecraftforge.versions.forge.ForgeVersion/CORE]: Found Forge version 47.4.10
[16Feb2026 16:57:44.552] [modloading-worker-0/DEBUG] [net.minecraftforge.versions.forge.ForgeVersion/CORE]: Found Forge spec 47.4
[16Feb2026 16:57:44.552] [modloading-worker-0/DEBUG] [net.minecraftforge.versions.forge.ForgeVersion/CORE]: Found Forge group net.minecraftforge
[16Feb2026 16:57:44.549] [modloading-worker-0/DEBUG] [net.minecraftforge.fml.javafmlmod.AutomaticEventSubscriber/LOADING]: Attempting to inject @EventBusSubscriber classes into the eventbus for betterbeds
[16Feb2026 16:57:44.552] [modloading-worker-0/DEBUG] [net.minecraftforge.versions.mcp.MCPVersion/CORE]: MCP Version package package net.minecraftforge.versions.mcp, Minecraft, version 1.20.1 from cpw.mods.modlauncher.TransformingClassLoader@e784320
[16Feb2026 16:57:44.552] [modloading-worker-0/DEBUG] [net.minecraftforge.versions.mcp.MCPVersion/CORE]: Found MC version information 1.20.1
[16Feb2026 16:57:44.552] [modloading-worker-0/DEBUG] [net.minecraftforge.versions.mcp.MCPVersion/CORE]: Found MCP version information 20230612.114412
[16Feb2026 16:57:44.552] [modloading-worker-0/INFO] [net.minecraftforge.common.ForgeMod/FORGEMOD]: Forge mod loading, version 47.4.10, for MC 1.20.1 with MCP 20230612.114412
[16Feb2026 16:57:44.553] [modloading-worker-0/INFO] [net.minecraftforge.common.MinecraftForge/FORGE]: MinecraftForge v47.4.10 Initialized
[16Feb2026 16:57:44.561] [modloading-worker-0/DEBUG] [net.minecraftforge.fml.javafmlmod.AutomaticEventSubscriber/LOADING]: Attempting to inject @EventBusSubscriber classes into the eventbus for terrablender
[16Feb2026 16:57:44.561] [modloading-worker-0/DEBUG] [net.minecraftforge.fml.javafmlmod.AutomaticEventSubscriber/LOADING]: Auto-subscribing terrablender.handler.InitializationHandler to FORGE
[16Feb2026 16:57:44.563] [modloading-worker-0/DEBUG] [net.minecraftforge.fml.javafmlmod.AutomaticEventSubscriber/LOADING]: Attempting to inject @EventBusSubscriber classes into the eventbus for cobblemontrainers
[16Feb2026 16:57:44.566] [modloading-worker-0/DEBUG] [net.minecraftforge.fml.config.ConfigTracker/CONFIG]: Config file cobblemonintegrations-common.toml for cobblemonintegrations tracking
[16Feb2026 16:57:44.574] [modloading-worker-0/DEBUG] [mixin/]: Mixing SpawningConditionMixin from mythsandlegends-common.cobblemon.mixins.json into com.cobblemon.mod.common.api.spawning.condition.SpawningCondition
[16Feb2026 16:57:44.602] [modloading-worker-0/DEBUG] [mixin/]: Mixing LevelRequirementAccessor from gravels_extended_battles_common.mixins.json into com.cobblemon.mod.common.pokemon.evolution.requirements.LevelRequirement
[16Feb2026 16:57:44.629] [modloading-worker-0/INFO] [com.cobblemon.mod.common.Cobblemon/]: Booting LaxPermissionValidator, permissions will be checked using Minecrafts permission level system, see https://minecraft.fandom.com/wiki/Permission_level
[16Feb2026 16:57:44.630] [modloading-worker-0/DEBUG] [net.minecraftforge.fml.javafmlmod.AutomaticEventSubscriber/LOADING]: Attempting to inject @EventBusSubscriber classes into the eventbus for cobblemonintegrations
[16Feb2026 16:57:44.637] [modloading-worker-0/DEBUG] [mixin/]: Mixing impl.MixinEnvironment from glitchcore.forge.mixins.json into glitchcore.util.Environment
[16Feb2026 16:57:44.664] [modloading-worker-0/DEBUG] [net.minecraftforge.fml.config.ConfigTracker/CONFIG]: Config file forge-client.toml for forge tracking
[16Feb2026 16:57:44.664] [modloading-worker-0/DEBUG] [net.minecraftforge.fml.config.ConfigTracker/CONFIG]: Config file forge-server.toml for forge tracking
[16Feb2026 16:57:44.665] [modloading-worker-0/DEBUG] [net.minecraftforge.fml.ModLoadingContext/]: Attempted to register an empty config for type COMMON on mod forge
[16Feb2026 16:57:44.666] [modloading-worker-0/DEBUG] [mixin/]: Mixing CobblemonPreEvolutionAdapterMixin from gravels_extended_battles_common.mixins.json into com.cobblemon.mod.common.pokemon.evolution.adapters.CobblemonPreEvolutionAdapter
[16Feb2026 16:57:44.714] [modloading-worker-0/DEBUG] [net.minecraftforge.fml.javafmlmod.AutomaticEventSubscriber/LOADING]: Attempting to inject @EventBusSubscriber classes into the eventbus for forge
[16Feb2026 16:57:44.715] [modloading-worker-0/DEBUG] [net.minecraftforge.fml.javafmlmod.AutomaticEventSubscriber/LOADING]: Auto-subscribing net.minecraftforge.common.ForgeSpawnEggItem$CommonHandler to MOD
[16Feb2026 16:57:44.715] [modloading-worker-0/DEBUG] [mixin/]: Mixing RegistryLikeIdentifierConditionAccessor from gravels_extended_battles_common.mixins.json into com.cobblemon.mod.common.api.conditional.RegistryLikeIdentifierCondition
[16Feb2026 16:57:44.730] [modloading-worker-0/DEBUG] [net.minecraftforge.fml.javafmlmod.AutomaticEventSubscriber/LOADING]: Attempting to inject @EventBusSubscriber classes into the eventbus for jade
[16Feb2026 16:57:44.731] [modloading-worker-0/DEBUG] [net.minecraftforge.fml.javafmlmod.AutomaticEventSubscriber/LOADING]: Attempting to inject @EventBusSubscriber classes into the eventbus for mr_eggs_cobblemonaddon
[16Feb2026 16:57:44.737] [modloading-worker-0/INFO] [thedarkcolour.kotlinforforge.test.KotlinForForge/]: Kotlin For Forge Enabled!
[16Feb2026 16:57:44.737] [modloading-worker-0/DEBUG] [thedarkcolour.kotlinforforge.LoggerKt/LOADING]: Attempting to inject @EventBusSubscriber kotlin objects in to the event bus for kotlinforforge
[16Feb2026 16:57:44.738] [modloading-worker-0/DEBUG] [mixin/]: Mixing NbtItemPredicateAccessor from gravels_extended_battles_common.mixins.json into com.cobblemon.mod.common.pokemon.evolution.predicate.NbtItemPredicate
[16Feb2026 16:57:44.744] [modloading-worker-0/DEBUG] [mixin/]: Mixing SpeciesMixin from gravels_extended_battles_common.mixins.json into com.cobblemon.mod.common.pokemon.Species
[16Feb2026 16:57:44.749] [modloading-worker-0/INFO] [git.dragomordor.simpletms.forge.SimpleTMsMod/]: Register TM and TR list for simpletms
[16Feb2026 16:57:44.764] [modloading-worker-0/DEBUG] [net.minecraftforge.fml.config.ConfigTracker/CONFIG]: Config file curios-client.toml for curios tracking
[16Feb2026 16:57:44.769] [modloading-worker-0/DEBUG] [net.minecraftforge.fml.config.ConfigTracker/CONFIG]: Config file curios-common.toml for curios tracking
[16Feb2026 16:57:44.772] [modloading-worker-0/DEBUG] [net.minecraftforge.fml.config.ConfigTracker/CONFIG]: Config file curios-server.toml for curios tracking
[16Feb2026 16:57:44.772] [modloading-worker-0/DEBUG] [net.minecraftforge.fml.javafmlmod.AutomaticEventSubscriber/LOADING]: Attempting to inject @EventBusSubscriber classes into the eventbus for curios
[16Feb2026 16:57:44.780] [modloading-worker-0/DEBUG] [net.minecraftforge.fml.config.ConfigTracker/CONFIG]: Config file patchouli-client.toml for patchouli tracking
[16Feb2026 16:57:44.781] [modloading-worker-0/DEBUG] [net.minecraftforge.fml.javafmlmod.AutomaticEventSubscriber/LOADING]: Attempting to inject @EventBusSubscriber classes into the eventbus for patchouli
[16Feb2026 16:57:44.781] [modloading-worker-0/DEBUG] [net.minecraftforge.fml.javafmlmod.AutomaticEventSubscriber/LOADING]: Auto-subscribing vazkii.patchouli.forge.common.ForgeModInitializer to MOD
[16Feb2026 16:57:44.789] [modloading-worker-0/DEBUG] [net.minecraftforge.fml.javafmlmod.AutomaticEventSubscriber/LOADING]: Attempting to inject @EventBusSubscriber classes into the eventbus for simpletms
[16Feb2026 16:57:44.789] [modloading-worker-0/DEBUG] [net.minecraftforge.fml.javafmlmod.AutomaticEventSubscriber/LOADING]: Auto-subscribing git.dragomordor.simpletms.forge.SimpleTMsMod$ClientModEvents to MOD
[16Feb2026 16:57:44.801] [modloading-worker-0/DEBUG] [thedarkcolour.kotlinforforge.LoggerKt/LOADING]: Attempting to inject @EventBusSubscriber kotlin objects in to the event bus for capture_xp
[16Feb2026 16:57:44.802] [modloading-worker-0/DEBUG] [thedarkcolour.kotlinforforge.LoggerKt/LOADING]: Auto-subscribing kotlin object net.minecraftforge.fml.common.Mod$EventBusSubscriber to FORGE
[16Feb2026 16:57:44.820] [modloading-worker-0/DEBUG] [mixin/]: Mixing MixinBloodFluid from biomesoplenty.forge.mixins.json into biomesoplenty.block.BloodFluid
[16Feb2026 16:57:44.832] [modloading-worker-0/DEBUG] [mixin/]: Mixing MixinLiquidNullFluid from biomesoplenty.forge.mixins.json into biomesoplenty.block.LiquidNullFluid
[16Feb2026 16:57:44.832] [modloading-worker-0/INFO] [games.dragonhowl.megamons.common.Megamons/]: Initialzing Megamons ...
[16Feb2026 16:57:44.838] [modloading-worker-0/INFO] [com.cobblemon.mod.common.Cobblemon/]: Launching Cobblemon 1.5.2 
[16Feb2026 16:57:44.849] [modloading-worker-0/INFO] [com.cobblemon.mod.common.Cobblemon/]: Booting ForgePermissionApiPermissionValidator, player permissions will be checked using MinecraftForge' PermissionAPI, non player command sources will use Minecraft' permission level system, see https://docs.minecraftforge.net/en/latest/ and https://minecraft.fandom.com/wiki/Permission_level
[16Feb2026 16:57:44.855] [modloading-worker-0/DEBUG] [thedarkcolour.kotlinforforge.LoggerKt/LOADING]: Attempting to inject @EventBusSubscriber kotlin objects in to the event bus for megamons
[16Feb2026 16:57:44.865] [modloading-worker-0/INFO] [Cobbledex/]: Initializing Cobbledex 1.1.0...
[16Feb2026 16:57:44.920] [modloading-worker-0/DEBUG] [mixin/]: Mixing ElementalTypesMixin from gravels_extended_battles_common.mixins.json into com.cobblemon.mod.common.api.types.ElementalTypes
[16Feb2026 16:57:44.929] [modloading-worker-0/DEBUG] [net.minecraftforge.fml.javafmlmod.AutomaticEventSubscriber/LOADING]: Attempting to inject @EventBusSubscriber classes into the eventbus for cobbledex
[16Feb2026 16:57:45.007] [modloading-worker-0/DEBUG] [net.minecraftforge.fml.javafmlmod.AutomaticEventSubscriber/LOADING]: Attempting to inject @EventBusSubscriber classes into the eventbus for cobblepedia
[16Feb2026 16:57:45.025] [modloading-worker-0/DEBUG] [mixin/]: Mixing PokemonEntityMixin from cobblemontrainers-common.mixins.json into com.cobblemon.mod.common.entity.pokemon.PokemonEntity
[16Feb2026 16:57:45.027] [modloading-worker-0/DEBUG] [mixin/]: Mixing PokemonEntityMixin from fightorflight.mixins_common.json into com.cobblemon.mod.common.entity.pokemon.PokemonEntity
[16Feb2026 16:57:45.107] [modloading-worker-0/DEBUG] [mixin/]: Mixing PokemonMixin from cobblemonrider.mixins.json into com.cobblemon.mod.common.entity.pokemon.PokemonEntity
[16Feb2026 16:57:45.108] [modloading-worker-0/DEBUG] [mixin/]: cobblemonrider.mixins.json:PokemonMixin: Class version 61 required is higher than the class version supported by the current version of Mixin (JAVA_8 supports class version 52)
[16Feb2026 16:57:45.116] [modloading-worker-0/DEBUG] [mixin/]: Renaming synthetic method lambda$cobblemonRiding$mountEntity$0(Lnet/minecraft/world/entity/LivingEntity;)Z to md8fbb72$lambda$cobblemonRiding$mountEntity$0$0 in cobblemonrider.mixins.json:PokemonMixin
[16Feb2026 16:57:45.201] [modloading-worker-0/DEBUG] [mixin/]: Mixing PokemonHeldItemMixin from mixins.megamons-common.json into com.cobblemon.mod.common.pokemon.Pokemon
[16Feb2026 16:57:45.202] [modloading-worker-0/DEBUG] [mixin/]: Mixing PersistentDataAccessor from mythsandlegends-common.cobblemon.mixins.json into com.cobblemon.mod.common.pokemon.Pokemon
[16Feb2026 16:57:45.214] [modloading-worker-0/DEBUG] [mixin/]: Mixing DropTableMixin from cobblemontrainers-common.mixins.json into com.cobblemon.mod.common.api.drop.DropTable
[16Feb2026 16:57:45.265] [modloading-worker-0/INFO] [fightorflight/]: Hello forge
[16Feb2026 16:57:45.268] [modloading-worker-0/DEBUG] [mixin/]: Mixing FormDataAccessor from gravels_extended_battles_common.mixins.json into com.cobblemon.mod.common.pokemon.FormData
[16Feb2026 16:57:45.268] [modloading-worker-0/DEBUG] [mixin/]: Mixing FormDataMixin from gravels_extended_battles_common.mixins.json into com.cobblemon.mod.common.pokemon.FormData
[16Feb2026 16:57:45.277] [modloading-worker-0/DEBUG] [net.minecraftforge.fml.javafmlmod.AutomaticEventSubscriber/LOADING]: Attempting to inject @EventBusSubscriber classes into the eventbus for biomesoplenty
[16Feb2026 16:57:45.277] [modloading-worker-0/DEBUG] [net.minecraftforge.fml.javafmlmod.AutomaticEventSubscriber/LOADING]: Auto-subscribing biomesoplenty.forge.handler.MissingMappingsHandler to FORGE
[16Feb2026 16:57:45.300] [modloading-worker-0/DEBUG] [net.minecraftforge.fml.javafmlmod.AutomaticEventSubscriber/LOADING]: Auto-subscribing biomesoplenty.forge.datagen.DataGenerationHandler to MOD
[16Feb2026 16:57:45.399] [modloading-worker-0/DEBUG] [mixin/]: Mixing ExplosionMixin from mixins.cobblemon-common.json into net.minecraft.world.level.Explosion
[16Feb2026 16:57:45.400] [modloading-worker-0/DEBUG] [mixin/]: Mixing ExplosionMixin from cameraoverhaul.mixins.json into net.minecraft.world.level.Explosion
[16Feb2026 16:57:45.400] [modloading-worker-0/DEBUG] [mixin/]: cameraoverhaul.mixins.json:ExplosionMixin: Class version 61 required is higher than the class version supported by the current version of Mixin (JAVA_8 supports class version 52)
[16Feb2026 16:57:45.481] [modloading-worker-0/DEBUG] [net.minecraftforge.fml.javafmlmod.AutomaticEventSubscriber/LOADING]: Attempting to inject @EventBusSubscriber classes into the eventbus for architectury
[16Feb2026 16:57:45.481] [modloading-worker-0/DEBUG] [net.minecraftforge.fml.javafmlmod.AutomaticEventSubscriber/LOADING]: Auto-subscribing dev.architectury.registry.level.entity.trade.forge.TradeRegistryImpl to FORGE
[16Feb2026 16:57:45.487] [modloading-worker-0/DEBUG] [net.minecraftforge.fml.javafmlmod.AutomaticEventSubscriber/LOADING]: Auto-subscribing dev.architectury.registry.forge.ReloadListenerRegistryImpl to FORGE
[16Feb2026 16:57:45.491] [modloading-worker-0/DEBUG] [net.minecraftforge.fml.javafmlmod.AutomaticEventSubscriber/LOADING]: Auto-subscribing dev.architectury.networking.forge.NetworkManagerImpl to FORGE
[16Feb2026 16:57:45.497] [modloading-worker-0/INFO] [dev.architectury.networking.forge.NetworkManagerImpl/]: Registering C2S receiver with id architectury:sync_ids
[16Feb2026 16:57:45.534] [modloading-worker-0/DEBUG] [net.minecraftforge.fml.javafmlmod.AutomaticEventSubscriber/LOADING]: Attempting to inject @EventBusSubscriber classes into the eventbus for gravels_extended_battles
[16Feb2026 16:57:45.552] [modloading-worker-0/INFO] [com.cobblemon.mod.common.Cobblemon/]: Starting the Best Spawner...
[16Feb2026 16:57:45.553] [modloading-worker-0/INFO] [dev.architectury.networking.forge.NetworkManagerImpl/]: Registering C2S receiver with id ftblibrary:edit_nbt_response
[16Feb2026 16:57:45.564] [modloading-worker-0/INFO] [com.cobblemon.mod.common.Cobblemon/]: Loaded 5 spawning condition types.
[16Feb2026 16:57:45.567] [modloading-worker-0/DEBUG] [net.minecraftforge.fml.javafmlmod.AutomaticEventSubscriber/LOADING]: Attempting to inject @EventBusSubscriber classes into the eventbus for ftblibrary
[16Feb2026 16:57:45.579] [modloading-worker-0/DEBUG] [net.minecraftforge.fml.javafmlmod.AutomaticEventSubscriber/LOADING]: Attempting to inject @EventBusSubscriber classes into the eventbus for fightorflight
[16Feb2026 16:57:45.579] [modloading-worker-0/DEBUG] [net.minecraftforge.fml.javafmlmod.AutomaticEventSubscriber/LOADING]: Auto-subscribing me.rufia.fightorflight.forge.CobblemonFightOrFlightForge to MOD
[16Feb2026 16:57:45.589] [modloading-worker-0/INFO] [dev.architectury.networking.forge.NetworkManagerImpl/]: Registering C2S receiver with id ftbteams:open_gui
[16Feb2026 16:57:45.592] [modloading-worker-0/INFO] [dev.architectury.networking.forge.NetworkManagerImpl/]: Registering C2S receiver with id ftbteams:update_settings
[16Feb2026 16:57:45.594] [modloading-worker-0/INFO] [dev.architectury.networking.forge.NetworkManagerImpl/]: Registering C2S receiver with id ftbteams:send_message
[16Feb2026 16:57:45.591] [modloading-worker-0/INFO] [com.cobblemon.mod.common.Cobblemon/]: Loaded 5 spawning context types.
[16Feb2026 16:57:45.599] [modloading-worker-0/DEBUG] [mixin/]: Mixing SpawnDetailMixin from mythsandlegends-common.cobblemon.mixins.json into com.cobblemon.mod.common.api.spawning.detail.SpawnDetail
[16Feb2026 16:57:45.601] [modloading-worker-0/INFO] [dev.architectury.networking.forge.NetworkManagerImpl/]: Registering C2S receiver with id ftbteams:create_party
[16Feb2026 16:57:45.602] [modloading-worker-0/INFO] [dev.architectury.networking.forge.NetworkManagerImpl/]: Registering C2S receiver with id cobgyms:gym_key
[16Feb2026 16:57:45.602] [modloading-worker-0/INFO] [dev.architectury.networking.forge.NetworkManagerImpl/]: Registering C2S receiver with id cobgyms:leave_gym
[16Feb2026 16:57:45.602] [modloading-worker-0/INFO] [dev.architectury.networking.forge.NetworkManagerImpl/]: Registering C2S receiver with id cobgyms:spawn_scaled
[16Feb2026 16:57:45.602] [modloading-worker-0/INFO] [dev.architectury.networking.forge.NetworkManagerImpl/]: Registering C2S receiver with id cobgyms:gym_entrance
[16Feb2026 16:57:45.603] [modloading-worker-0/INFO] [dev.architectury.networking.forge.NetworkManagerImpl/]: Registering C2S receiver with id ftbteams:player_gui_operation
[16Feb2026 16:57:45.603] [modloading-worker-0/INFO] [dev.architectury.networking.forge.NetworkManagerImpl/]: Registering C2S receiver with id cobgyms:cache_open
[16Feb2026 16:57:45.603] [modloading-worker-0/INFO] [dev.architectury.networking.forge.NetworkManagerImpl/]: Registering C2S receiver with id cobgyms:cache_list
[16Feb2026 16:57:45.606] [modloading-worker-0/DEBUG] [net.minecraftforge.fml.javafmlmod.AutomaticEventSubscriber/LOADING]: Attempting to inject @EventBusSubscriber classes into the eventbus for ftbteams
[16Feb2026 16:57:45.607] [modloading-worker-0/INFO] [cobblemore_lib/]: Initializing Cobblemore Lib
[16Feb2026 16:57:45.607] [modloading-worker-0/DEBUG] [mixin/]: Mixing PokemonSpawnDetailMixin from gravels_extended_battles_common.mixins.json into com.cobblemon.mod.common.api.spawning.detail.PokemonSpawnDetail
[16Feb2026 16:57:45.611] [modloading-worker-0/DEBUG] [mixin/]: Mixing LootManagerMixin from mixins.cobblemon-forge.json into net.minecraft.world.level.storage.loot.LootDataManager
[16Feb2026 16:57:45.611] [modloading-worker-0/DEBUG] [mixin/]: mixins.cobblemon-forge.json:LootManagerMixin: Class version 61 required is higher than the class version supported by the current version of Mixin (JAVA_8 supports class version 52)
[16Feb2026 16:57:45.611] [modloading-worker-0/DEBUG] [mixin/]: Renaming synthetic method lambda$cobblemon$supportICondition$0(Ljava/util/function/BiConsumer;Lnet/minecraft/resources/ResourceLocation;Lcom/google/gson/JsonElement;)V to md8fbb72$lambda$cobblemon$supportICondition$0$0 in mixins.cobblemon-forge.json:LootManagerMixin
[16Feb2026 16:57:45.613] [modloading-worker-0/DEBUG] [mixin/]: Mixing MixinLootDataManager from architectury.mixins.json into net.minecraft.world.level.storage.loot.LootDataManager
[16Feb2026 16:57:45.621] [modloading-worker-0/INFO] [com.cobblemon.mod.common.Cobblemon/]: Loaded 1 spawn detail types.
[16Feb2026 16:57:45.636] [modloading-worker-0/DEBUG] [net.minecraftforge.fml.javafmlmod.AutomaticEventSubscriber/LOADING]: Attempting to inject @EventBusSubscriber classes into the eventbus for cobgyms
[16Feb2026 16:57:45.637] [modloading-worker-0/DEBUG] [net.minecraftforge.fml.javafmlmod.AutomaticEventSubscriber/LOADING]: Attempting to inject @EventBusSubscriber classes into the eventbus for cobblemon_poke_labs
[16Feb2026 16:57:45.637] [modloading-worker-0/DEBUG] [net.minecraftforge.fml.javafmlmod.AutomaticEventSubscriber/LOADING]: Attempting to inject @EventBusSubscriber classes into the eventbus for cobblemon_simple_center
[16Feb2026 16:57:45.640] [modloading-worker-0/DEBUG] [thedarkcolour.kotlinforforge.LoggerKt/LOADING]: Attempting to inject @EventBusSubscriber kotlin objects in to the event bus for cobblemonmegas
[16Feb2026 16:57:45.645] [modloading-worker-0/DEBUG] [net.minecraftforge.fml.javafmlmod.AutomaticEventSubscriber/LOADING]: Attempting to inject @EventBusSubscriber classes into the eventbus for cobblemore_lib
[16Feb2026 16:57:45.648] [modloading-worker-0/INFO] [dev.architectury.networking.forge.NetworkManagerImpl/]: Registering C2S receiver with id ftbquests:submit_task
[16Feb2026 16:57:45.648] [modloading-worker-0/INFO] [dev.architectury.networking.forge.NetworkManagerImpl/]: Registering C2S receiver with id ftbquests:claim_reward
[16Feb2026 16:57:45.650] [modloading-worker-0/DEBUG] [net.minecraftforge.fml.javafmlmod.AutomaticEventSubscriber/LOADING]: Attempting to inject @EventBusSubscriber classes into the eventbus for cobblemonrider
[16Feb2026 16:57:45.650] [modloading-worker-0/DEBUG] [net.minecraftforge.fml.javafmlmod.AutomaticEventSubscriber/LOADING]: Auto-subscribing dev.zanckor.cobblemonrider.event.ServerPlayerEvent to FORGE
[16Feb2026 16:57:45.650] [modloading-worker-0/INFO] [dev.architectury.networking.forge.NetworkManagerImpl/]: Registering C2S receiver with id ftbquests:get_emergency_items
[16Feb2026 16:57:45.654] [modloading-worker-0/INFO] [dev.architectury.networking.forge.NetworkManagerImpl/]: Registering C2S receiver with id ftbquests:claim_all_rewards
[16Feb2026 16:57:45.655] [modloading-worker-0/INFO] [dev.architectury.networking.forge.NetworkManagerImpl/]: Registering C2S receiver with id ftbquests:claim_choice_reward
[16Feb2026 16:57:45.656] [modloading-worker-0/DEBUG] [net.minecraftforge.fml.javafmlmod.AutomaticEventSubscriber/LOADING]: Auto-subscribing dev.zanckor.cobblemonrider.CobblemonRider$FolderManager to FORGE
[16Feb2026 16:57:45.660] [modloading-worker-0/INFO] [dev.architectury.networking.forge.NetworkManagerImpl/]: Registering C2S receiver with id ftbquests:toggle_pinned
[16Feb2026 16:57:45.661] [modloading-worker-0/INFO] [dev.architectury.networking.forge.NetworkManagerImpl/]: Registering C2S receiver with id ftbquests:toggle_chapter_pinned
[16Feb2026 16:57:45.662] [modloading-worker-0/INFO] [me.treyruffy.betterf3.BetterF3Forge/]: [BetterF3] Starting...
[16Feb2026 16:57:45.664] [modloading-worker-0/WARN] [me.treyruffy.betterf3.BetterF3Forge/]: [BetterF3] Not supported on dedicated server!
[16Feb2026 16:57:45.664] [modloading-worker-0/DEBUG] [net.minecraftforge.fml.javafmlmod.AutomaticEventSubscriber/LOADING]: Attempting to inject @EventBusSubscriber classes into the eventbus for betterf3
[16Feb2026 16:57:45.662] [modloading-worker-0/INFO] [dev.architectury.networking.forge.NetworkManagerImpl/]: Registering C2S receiver with id ftbquests:toggle_editing_mode
[16Feb2026 16:57:45.667] [modloading-worker-0/INFO] [dev.architectury.networking.forge.NetworkManagerImpl/]: Registering C2S receiver with id ftbquests:force_save
[16Feb2026 16:57:45.668] [modloading-worker-0/INFO] [dev.architectury.networking.forge.NetworkManagerImpl/]: Registering C2S receiver with id ftbquests:set_custom_image
[16Feb2026 16:57:45.672] [modloading-worker-0/DEBUG] [thedarkcolour.kotlinforforge.LoggerKt/LOADING]: Attempting to inject @EventBusSubscriber kotlin objects in to the event bus for unchained
[16Feb2026 16:57:45.673] [modloading-worker-0/DEBUG] [thedarkcolour.kotlinforforge.LoggerKt/LOADING]: Auto-subscribing kotlin object net.minecraftforge.fml.common.Mod$EventBusSubscriber to FORGE
[16Feb2026 16:57:45.678] [modloading-worker-0/INFO] [dev.architectury.networking.forge.NetworkManagerImpl/]: Registering C2S receiver with id ftbquests:task_screen_config_resp
[16Feb2026 16:57:45.679] [modloading-worker-0/INFO] [dev.architectury.networking.forge.NetworkManagerImpl/]: Registering C2S receiver with id ftbquests:change_progress
[16Feb2026 16:57:45.680] [modloading-worker-0/INFO] [dev.architectury.networking.forge.NetworkManagerImpl/]: Registering C2S receiver with id ftbquests:create_object
[16Feb2026 16:57:45.681] [modloading-worker-0/INFO] [dev.architectury.networking.forge.NetworkManagerImpl/]: Registering C2S receiver with id ftbquests:create_task_at
[16Feb2026 16:57:45.684] [modloading-worker-0/INFO] [dev.architectury.networking.forge.NetworkManagerImpl/]: Registering C2S receiver with id ftbquests:delete_object
[16Feb2026 16:57:45.685] [modloading-worker-0/INFO] [dev.architectury.networking.forge.NetworkManagerImpl/]: Registering C2S receiver with id ftbquests:edit_object
[16Feb2026 16:57:45.687] [modloading-worker-0/INFO] [dev.architectury.networking.forge.NetworkManagerImpl/]: Registering C2S receiver with id ftbquests:move_chapter
[16Feb2026 16:57:45.691] [modloading-worker-0/INFO] [dev.architectury.networking.forge.NetworkManagerImpl/]: Registering C2S receiver with id ftbquests:move_quest
[16Feb2026 16:57:45.692] [modloading-worker-0/INFO] [dev.architectury.networking.forge.NetworkManagerImpl/]: Registering C2S receiver with id ftbquests:change_chapter_group
[16Feb2026 16:57:45.694] [modloading-worker-0/INFO] [dev.architectury.networking.forge.NetworkManagerImpl/]: Registering C2S receiver with id ftbquests:move_chapter_group
[16Feb2026 16:57:45.696] [modloading-worker-0/INFO] [dev.architectury.networking.forge.NetworkManagerImpl/]: Registering C2S receiver with id ftbquests:copy_quest
[16Feb2026 16:57:45.699] [modloading-worker-0/INFO] [dev.architectury.networking.forge.NetworkManagerImpl/]: Registering C2S receiver with id ftbquests:copy_chapter_image
[16Feb2026 16:57:45.700] [modloading-worker-0/INFO] [dev.architectury.networking.forge.NetworkManagerImpl/]: Registering C2S receiver with id ftbquests:sync_structures_request
[16Feb2026 16:57:45.701] [modloading-worker-0/INFO] [dev.architectury.networking.forge.NetworkManagerImpl/]: Registering C2S receiver with id cobbledollars:networking_channel/f3e7c0cb6f5f3dfe9e3793c752a3e914
[16Feb2026 16:57:45.702] [modloading-worker-0/INFO] [dev.architectury.networking.forge.NetworkManagerImpl/]: Registering C2S receiver with id ftbquests:request_team_data
[16Feb2026 16:57:45.702] [modloading-worker-0/INFO] [dev.architectury.networking.forge.NetworkManagerImpl/]: Registering C2S receiver with id cobbledollars:networking_channel/9825da23160a33bba47014bed7aaf594
[16Feb2026 16:57:45.706] [modloading-worker-0/INFO] [dev.architectury.networking.forge.NetworkManagerImpl/]: Registering C2S receiver with id cobbledollars:networking_channel/ecfdcab095c23b9b82a990b2b2c18fd4
[16Feb2026 16:57:45.707] [modloading-worker-0/INFO] [dev.architectury.networking.forge.NetworkManagerImpl/]: Registering C2S receiver with id cobbledollars:networking_channel/e7e5c625b22f38bb86185acb1344122a
[16Feb2026 16:57:45.710] [modloading-worker-0/INFO] [dev.architectury.networking.forge.NetworkManagerImpl/]: Registering C2S receiver with id cobbledollars:networking_channel/44002cbcce623e61a0ab69bbf4f563c0
[16Feb2026 16:57:45.712] [modloading-worker-0/INFO] [MythsAndLegends/]: Items registered
[16Feb2026 16:57:45.714] [modloading-worker-0/INFO] [dev.architectury.networking.forge.NetworkManagerImpl/]: Registering C2S receiver with id cobbledollars:networking_channel/9005f911dba63cdea24f6e5f4c19d010
[16Feb2026 16:57:45.718] [modloading-worker-0/DEBUG] [thedarkcolour.kotlinforforge.LoggerKt/LOADING]: Attempting to inject @EventBusSubscriber kotlin objects in to the event bus for cobbledollars
[16Feb2026 16:57:45.805] [modloading-worker-0/DEBUG] [mixin/]: Mixing invoker.BooleanRuleInvoker from mixins.cobblemon-common.json into net.minecraft.world.level.GameRules$BooleanValue
[16Feb2026 16:57:45.809] [modloading-worker-0/DEBUG] [net.minecraftforge.fml.javafmlmod.AutomaticEventSubscriber/LOADING]: Attempting to inject @EventBusSubscriber classes into the eventbus for ftbquests
[16Feb2026 16:57:45.814] [modloading-worker-0/INFO] [MythsAndLegends/]: Tick Events Registered
[16Feb2026 16:57:45.817] [modloading-worker-0/INFO] [MythsAndLegends/]: Interaction Events Registered
[16Feb2026 16:57:45.818] [modloading-worker-0/INFO] [MythsAndLegends/]: Player Events Registered
[16Feb2026 16:57:45.855] [modloading-worker-0/INFO] [MythsAndLegends/]: Registered all conditions
[16Feb2026 16:57:45.860] [modloading-worker-0/DEBUG] [net.minecraftforge.fml.javafmlmod.AutomaticEventSubscriber/LOADING]: Attempting to inject @EventBusSubscriber classes into the eventbus for mythsandlegends
[16Feb2026 16:57:45.862] [modloading-worker-0/DEBUG] [mixin/]: Mixing minecraft.MixinPlayerList from cobblemonintegrations-common.mixins.json into net.minecraft.server.players.PlayerList
[16Feb2026 16:57:45.882] [modloading-worker-0/DEBUG] [thedarkcolour.kotlinforforge.LoggerKt/LOADING]: Attempting to inject @EventBusSubscriber kotlin objects in to the event bus for cobblemon
[16Feb2026 16:57:45.970] [main/DEBUG] [net.minecraftforge.common.capabilities.CapabilityManager/CAPABILITIES]: Attempting to automatically register: Lnet/minecraftforge/energy/IEnergyStorage;
[16Feb2026 16:57:45.971] [main/DEBUG] [net.minecraftforge.common.capabilities.CapabilityManager/CAPABILITIES]: Attempting to automatically register: Lnet/minecraftforge/fluids/capability/IFluidHandler;
[16Feb2026 16:57:45.971] [main/DEBUG] [net.minecraftforge.common.capabilities.CapabilityManager/CAPABILITIES]: Attempting to automatically register: Lnet/minecraftforge/fluids/capability/IFluidHandlerItem;
[16Feb2026 16:57:45.971] [main/DEBUG] [net.minecraftforge.common.capabilities.CapabilityManager/CAPABILITIES]: Attempting to automatically register: Lnet/minecraftforge/items/IItemHandler;
[16Feb2026 16:57:46.736] [main/DEBUG] [mixin/]: Mixing impl.MixinBlockHelper from glitchcore.forge.mixins.json into glitchcore.util.BlockHelper
[16Feb2026 16:57:47.175] [main/DEBUG] [net.minecraftforge.fml.config.ConfigTracker/CONFIG]: Loading configs type COMMON
[16Feb2026 16:57:47.176] [main/DEBUG] [net.minecraftforge.fml.config.ConfigFileTypeHandler/CONFIG]: Built TOML config for /workspaces/RPG_minecraft/servidor_minecraft/config/citadel-common.toml
[16Feb2026 16:57:47.177] [main/DEBUG] [net.minecraftforge.fml.config.ConfigFileTypeHandler/CONFIG]: Loaded TOML config file /workspaces/RPG_minecraft/servidor_minecraft/config/citadel-common.toml
[16Feb2026 16:57:47.182] [main/DEBUG] [net.minecraftforge.fml.config.ConfigFileTypeHandler/CONFIG]: Watching TOML config file /workspaces/RPG_minecraft/servidor_minecraft/config/citadel-common.toml for changes
[16Feb2026 16:57:47.184] [Thread-1/DEBUG] [net.minecraftforge.fml.config.ConfigFileTypeHandler/CONFIG]: Config file citadel-common.toml changed, sending notifies
[16Feb2026 16:57:47.184] [main/DEBUG] [net.minecraftforge.fml.config.ConfigFileTypeHandler/CONFIG]: Built TOML config for /workspaces/RPG_minecraft/servidor_minecraft/config/cobblemonoutbreaks-common.toml
[16Feb2026 16:57:47.185] [Thread-1/DEBUG] [net.minecraftforge.fml.config.ConfigFileTypeHandler/CONFIG]: Config file citadel-common.toml changed, sending notifies
[16Feb2026 16:57:47.185] [main/DEBUG] [net.minecraftforge.fml.config.ConfigFileTypeHandler/CONFIG]: Loaded TOML config file /workspaces/RPG_minecraft/servidor_minecraft/config/cobblemonoutbreaks-common.toml
[16Feb2026 16:57:47.185] [main/DEBUG] [net.minecraftforge.fml.config.ConfigFileTypeHandler/CONFIG]: Watching TOML config file /workspaces/RPG_minecraft/servidor_minecraft/config/cobblemonoutbreaks-common.toml for changes
[16Feb2026 16:57:47.186] [Thread-1/DEBUG] [net.minecraftforge.fml.config.ConfigFileTypeHandler/CONFIG]: Config file cobblemonoutbreaks-common.toml changed, sending notifies
[16Feb2026 16:57:47.186] [main/DEBUG] [net.minecraftforge.fml.config.ConfigFileTypeHandler/CONFIG]: Built TOML config for /workspaces/RPG_minecraft/servidor_minecraft/config/cobblemonintegrations-common.toml
[16Feb2026 16:57:47.187] [Thread-1/DEBUG] [net.minecraftforge.fml.config.ConfigFileTypeHandler/CONFIG]: Config file cobblemonoutbreaks-common.toml changed, sending notifies
[16Feb2026 16:57:47.187] [main/DEBUG] [net.minecraftforge.fml.config.ConfigFileTypeHandler/CONFIG]: Loaded TOML config file /workspaces/RPG_minecraft/servidor_minecraft/config/cobblemonintegrations-common.toml
[16Feb2026 16:57:47.187] [main/DEBUG] [net.minecraftforge.fml.config.ConfigFileTypeHandler/CONFIG]: Watching TOML config file /workspaces/RPG_minecraft/servidor_minecraft/config/cobblemonintegrations-common.toml for changes
[16Feb2026 16:57:47.188] [Thread-1/DEBUG] [net.minecraftforge.fml.config.ConfigFileTypeHandler/CONFIG]: Config file cobblemonintegrations-common.toml changed, sending notifies
[16Feb2026 16:57:47.188] [main/DEBUG] [net.minecraftforge.fml.config.ConfigFileTypeHandler/CONFIG]: Built TOML config for /workspaces/RPG_minecraft/servidor_minecraft/config/curios-common.toml
[16Feb2026 16:57:47.188] [Thread-1/DEBUG] [net.minecraftforge.fml.config.ConfigFileTypeHandler/CONFIG]: Config file cobblemonintegrations-common.toml changed, sending notifies
[16Feb2026 16:57:47.189] [main/DEBUG] [net.minecraftforge.fml.config.ConfigFileTypeHandler/CONFIG]: Loaded TOML config file /workspaces/RPG_minecraft/servidor_minecraft/config/curios-common.toml
[16Feb2026 16:57:47.189] [main/DEBUG] [net.minecraftforge.fml.config.ConfigFileTypeHandler/CONFIG]: Watching TOML config file /workspaces/RPG_minecraft/servidor_minecraft/config/curios-common.toml for changes
[16Feb2026 16:57:47.189] [Thread-1/DEBUG] [net.minecraftforge.fml.config.ConfigFileTypeHandler/CONFIG]: Config file curios-common.toml changed, sending notifies
[16Feb2026 16:57:47.206] [modloading-worker-0/DEBUG] [mixin/]: Mixing MixinSlotAttribute from curios.mixins.json into top.theillusivec4.curios.api.SlotAttribute
[16Feb2026 16:57:47.213] [modloading-worker-0/INFO] [games.dragonhowl.megamons.common.Megamons/]: Initializing Megamons Forge...
[16Feb2026 16:57:47.215] [modloading-worker-0/DEBUG] [mixin/]: Mixing MixinCuriosApi from curios.mixins.json into top.theillusivec4.curios.api.CuriosApi
[16Feb2026 16:57:47.214] [modloading-worker-0/INFO] [com.cobblemon.mod.common.Cobblemon/]: Initializing...
[16Feb2026 16:57:47.237] [modloading-worker-0/INFO] [Cobbledex/]: Registering Forge Network
[16Feb2026 16:57:47.247] [modloading-worker-0/DEBUG] [patchouli/]: Instantiating xplat impl: vazkii.patchouli.forge.xplat.ForgeXplatImpl
[16Feb2026 16:57:47.267] [modloading-worker-0/INFO] [dev.architectury.networking.forge.NetworkManagerImpl/]: Registering C2S receiver with id cobbledollars:networking_channel/f3e7c0cb6f5f3dfe9e3793c752a3e914
[16Feb2026 16:57:47.267] [modloading-worker-0/INFO] [dev.architectury.networking.forge.NetworkManagerImpl/]: Registering C2S receiver with id cobbledollars:networking_channel/9825da23160a33bba47014bed7aaf594
[16Feb2026 16:57:47.267] [modloading-worker-0/INFO] [dev.architectury.networking.forge.NetworkManagerImpl/]: Registering C2S receiver with id cobbledollars:networking_channel/ecfdcab095c23b9b82a990b2b2c18fd4
[16Feb2026 16:57:47.267] [modloading-worker-0/INFO] [dev.architectury.networking.forge.NetworkManagerImpl/]: Registering C2S receiver with id cobbledollars:networking_channel/e7e5c625b22f38bb86185acb1344122a
[16Feb2026 16:57:47.267] [modloading-worker-0/INFO] [dev.architectury.networking.forge.NetworkManagerImpl/]: Registering C2S receiver with id cobbledollars:networking_channel/44002cbcce623e61a0ab69bbf4f563c0
[16Feb2026 16:57:47.268] [modloading-worker-0/INFO] [dev.architectury.networking.forge.NetworkManagerImpl/]: Registering C2S receiver with id cobbledollars:networking_channel/9005f911dba63cdea24f6e5f4c19d010
[16Feb2026 16:57:47.691] [Forge Version Check/INFO] [net.minecraftforge.fml.VersionChecker/]: [cobblemon_quests] Starting version check at https://raw.githubusercontent.com/WinterWolfSV/Cobblemon_Quests/master/forge/src/main/resources/META-INF/forge_mod_versions.json
[16Feb2026 16:57:47.776] [Cobblemon Showdown/INFO] [com.cobblemon.mod.common.Cobblemon/]: Starting showdown service...
[16Feb2026 16:57:48.131] [Forge Version Check/DEBUG] [net.minecraftforge.fml.VersionChecker/]: [cobblemon_quests] Received version check data:
404: Not Found
[16Feb2026 16:57:48.132] [Forge Version Check/WARN] [net.minecraftforge.fml.VersionChecker/]: Failed to process update information
com.google.gson.JsonSyntaxException: java.lang.IllegalStateException: Expected BEGIN_OBJECT but was NUMBER at line 1 column 4 path $
	at com.google.gson.Gson.fromJson(Gson.java:1226) ~[gson-2.10.jar%2372!/:?]
	at com.google.gson.Gson.fromJson(Gson.java:1124) ~[gson-2.10.jar%2372!/:?]
	at com.google.gson.Gson.fromJson(Gson.java:1034) ~[gson-2.10.jar%2372!/:?]
	at com.google.gson.Gson.fromJson(Gson.java:969) ~[gson-2.10.jar%2372!/:?]
	at net.minecraftforge.fml.VersionChecker$1.process(VersionChecker.java:186) ~[fmlcore-1.20.1-47.4.10.jar%23204!/:?]
	at java.lang.Iterable.forEach(Iterable.java:75) ~[?:?]
	at net.minecraftforge.fml.VersionChecker$1.run(VersionChecker.java:117) ~[fmlcore-1.20.1-47.4.10.jar%23204!/:?]
Caused by: java.lang.IllegalStateException: Expected BEGIN_OBJECT but was NUMBER at line 1 column 4 path $
	at com.google.gson.stream.JsonReader.beginObject(JsonReader.java:393) ~[gson-2.10.jar%2372!/:?]
	at com.google.gson.internal.bind.MapTypeAdapterFactory$Adapter.read(MapTypeAdapterFactory.java:182) ~[gson-2.10.jar%2372!/:?]
	at com.google.gson.internal.bind.MapTypeAdapterFactory$Adapter.read(MapTypeAdapterFactory.java:144) ~[gson-2.10.jar%2372!/:?]
	at com.google.gson.Gson.fromJson(Gson.java:1214) ~[gson-2.10.jar%2372!/:?]
	... 6 more
[16Feb2026 16:57:48.136] [Forge Version Check/INFO] [net.minecraftforge.fml.VersionChecker/]: [journeymap] Starting version check at https://forge.curseupdate.com/32274/journeymap
[16Feb2026 16:57:48.377] [Forge Version Check/DEBUG] [net.minecraftforge.fml.VersionChecker/]: [journeymap] Received version check data:
{"promos":{"1.10.2-latest":"1.10.2-5.5.2","1.10.2-recommended":"1.10.2-5.5.2","1.11-latest":"1.11-5.4.6","1.11-recommended":"1.11-5.4.6","1.11.2-latest":"1.11.2-5.5.2","1.11.2-recommended":"1.11.2-5.5.2","1.12-latest":"1.12-5.5.2","1.12-recommended":"1.12-5.5.2","1.12.1-latest":"1.12.1-5.5.2","1.12.1-recommended":"1.12.1-5.5.2","1.12.2-latest":"1.12.2-5.7.1p3","1.12.2-recommended":"1.12.2-5.7.1p3","1.14.4-latest":"5.7.0","1.14.4-recommended":"5.7.0","1.15.2-latest":"5.7.0","1.15.2-recommended":"5.7.0","1.16.2-latest":"5.7.3","1.16.2-recommended":"5.7.3","1.16.3-latest":"5.7.3","1.16.3-recommended":"5.7.3","1.16.4-latest":"5.7.3","1.16.4-recommended":"5.7.3","1.16.5-latest":"5.8.6","1.16.5-recommended":"5.8.6","1.17.1-latest":"5.8.0","1.17.1-recommended":"5.8.0","1.18-latest":"5.8.0alpha9","1.18.1-latest":"5.8.1","1.18.1-recommended":"5.8.1","1.18.2-latest":"5.9.8","1.18.2-recommended":"5.9.8","1.19-latest":"5.8.5","1.19-recommended":"5.8.5","1.19.1-latest":"5.9.0beta2","1.19.2-latest":"5.9.8","1.19.2-recommended":"5.9.8","1.19.3-latest":"5.9.7","1.19.3-recommended":"5.9.7","1.19.4-latest":"5.9.8","1.19.4-recommended":"5.9.8","1.20-latest":"5.9.8","1.20-recommended":"5.9.8","1.20.1-latest":"5.10.3","1.20.1-recommended":"5.10.3","1.20.2-latest":"5.9.21","1.20.2-recommended":"5.9.21","1.20.3-latest":"5.9.18","1.20.3-recommended":"5.9.18","1.20.4-latest":"5.10.0","1.20.4-recommended":"5.10.0","1.20.6-latest":"5.10.0","1.20.6-recommended":"5.10.0","1.21-latest":"1.21-6.0.0-beta.27","1.21.1-latest":"1.21.1-6.0.0-beta.52","1.21.4-latest":"1.21.4-6.0.0-beta.45","1.21.5-latest":"1.21.5-6.0.0-beta.52","1.21.6-latest":"1.21.6-6.0.0-beta.52","1.21.7-latest":"1.21.7-6.0.0-beta.53","1.21.8-latest":"1.21.8-6.0.0-beta.52","1.6.4-latest":"4.0.3","1.6.4-recommended":"4.0.3","1.7.10-latest":"5.2.10","1.7.10-recommended":"5.2.10","1.7.2-latest":"4.0.3","1.7.2-recommended":"4.0.3","1.8-latest":"1.8-5.1.3","1.8-recommended":"1.8-5.1.3","1.8.8-latest":"1.8.8-5.1.3","1.8.8-recommended":"1.8.8-5.1.3","1.8.9-latest":"1.8.9-5.2.4","1.8.9-recommended":"1.8.9-5.2.4","1.9-latest":"1.9-5.5.2","1.9-recommended":"1.9-5.5.2","1.9.4-latest":"1.9.4-5.5.2","1.9.4-recommended":"1.9.4-5.5.2"},"homepage":"https://www.curseforge.com/minecraft/mc-mods/journeymap"}
[16Feb2026 16:57:48.380] [Forge Version Check/INFO] [net.minecraftforge.fml.VersionChecker/]: [journeymap] Found status: UP_TO_DATE Current: 5.10.3 Target: null
[16Feb2026 16:57:48.380] [Forge Version Check/INFO] [net.minecraftforge.fml.VersionChecker/]: [cameraoverhaul] Starting version check at https://github.com/Mirsario/Minecraft-CameraOverhaul/blob/dev/meta/ForgeUpdateCheck.json?raw=true
[16Feb2026 16:57:48.543] [Forge Version Check/DEBUG] [net.minecraftforge.fml.VersionChecker/]: [cameraoverhaul] Received version check data:
{
	"homepage": "https://modrinth.com/mod/cameraoverhaul",
	"promos": {
		"1.21.11-recommended": "2.0.6-neoforge+mc.1.21.11-plus",
		"1.21.10-recommended": "2.0.6-neoforge+mc.1.21.9-1.21.10",
		"1.21.9-recommended": "2.0.6-neoforge+mc.1.21.9-1.21.10",
		"1.21.8-recommended": "2.0.6-neoforge+mc.1.21.5-1.21.8",
		"1.21.7-recommended": "2.0.6-neoforge+mc.1.21.5-1.21.8",
		"1.21.6-recommended": "2.0.6-neoforge+mc.1.21.5-1.21.8",
		"1.21.5-recommended": "2.0.6-neoforge+mc.1.21.5-1.21.8",
		"1.21.4-recommended": "2.0.6-neoforge+mc.1.21.2-1.21.4",
		"1.21.3-recommended": "2.0.6-neoforge+mc.1.21.2-1.21.4",
		"1.21.2-recommended": "2.0.6-neoforge+mc.1.21.2-1.21.4",
		"1.21.1-recommended": "2.0.6-neoforge+mc.1.21.0-1.21.1",
		"1.21-recommended":   "2.0.6-neoforge+mc.1.21.0-1.21.1",

		"1.20.6-recommended": "2.0.6-neoforge+mc.1.20.6",
		"1.20.5-recommended": "2.0.6-forge+mc.1.20.0-1.20.5",
		"1.20.4-recommended": "2.0.6-forge+mc.1.20.0-1.20.5",
		"1.20.3-recommended": "2.0.6-forge+mc.1.20.0-1.20.5",
		"1.20.2-recommended": "2.0.6-forge+mc.1.20.0-1.20.5",
		"1.20.1-recommended": "2.0.6-forge+mc.1.20.0-1.20.5",
		"1.20-recommended":   "2.0.6-forge+mc.1.20.0-1.20.5",

		"1.19.4-recommended": "2.0.6-forge+mc.1.19.3-1.19.4",
		"1.19.3-recommended": "2.0.6-forge+mc.1.19.3-1.19.4",
		"1.19.2-recommended": "2.0.6-forge+mc.1.19.0-1.19.2",
		"1.19.1-recommended": "2.0.6-forge+mc.1.19.0-1.19.2",
		"1.19-recommended":   "2.0.6-forge+mc.1.19.0-1.19.2",

		"1.18.2-recommended": "2.0.6-forge+mc.1.18.0-1.18.2",
		"1.18.1-recommended": "2.0.6-forge+mc.1.18.0-1.18.2",
		"1.18-recommended":   "2.0.6-forge+mc.1.18.0-1.18.2",

		"1.17.1-recommended": "2.0.6-forge+mc.1.17.0-1.17.1",
		"1.17-recommended":   "2.0.6-forge+mc.1.17.0-1.17.1"
	}
}
[16Feb2026 16:57:48.543] [Forge Version Check/INFO] [net.minecraftforge.fml.VersionChecker/]: [cameraoverhaul] Found status: UP_TO_DATE Current: 2.0.6-forge+mc.1.20.0-1.20.5 Target: null
[16Feb2026 16:57:48.544] [Forge Version Check/INFO] [net.minecraftforge.fml.VersionChecker/]: [forge] Starting version check at https://files.minecraftforge.net/net/minecraftforge/forge/promotions_slim.json
[16Feb2026 16:57:48.744] [Forge Version Check/DEBUG] [net.minecraftforge.fml.VersionChecker/]: [forge] Received version check data:
{
  "homepage": "https://files.minecraftforge.net/net/minecraftforge/forge/",
  "promos": {
    "1.1-latest": "1.3.4.29",
    "1.2.3-latest": "1.4.1.64",
    "1.2.4-latest": "2.0.0.68",
    "1.2.5-latest": "3.4.9.171",
    "1.3.2-latest": "4.3.5.318",
    "1.4.0-latest": "5.0.0.326",
    "1.4.1-latest": "6.0.0.329",
    "1.4.2-latest": "6.0.1.355",
    "1.4.3-latest": "6.2.1.358",
    "1.4.4-latest": "6.3.0.378",
    "1.4.5-latest": "6.4.2.448",
    "1.4.6-latest": "6.5.0.489",
    "1.4.7-latest": "6.6.2.534",
    "1.5-latest": "7.7.0.598",
    "1.5.1-latest": "7.7.2.682",
    "1.5.2-latest": "7.8.1.738",
    "1.5.2-recommended": "7.8.1.738",
    "1.6.1-latest": "8.9.0.775",
    "1.6.2-latest": "9.10.1.871",
    "1.6.2-recommended": "9.10.1.871",
    "1.6.3-latest": "9.11.0.878",
    "1.6.4-latest": "9.11.1.1345",
    "1.6.4-recommended": "9.11.1.1345",
    "1.7.2-latest": "10.12.2.1161",
    "1.7.2-recommended": "10.12.2.1161",
    "1.7.10-latest": "10.13.4.1614",
    "1.7.10-recommended": "10.13.4.1614",
    "1.8-latest": "11.14.4.1577",
    "1.8-recommended": "11.14.4.1563",
    "1.8.8-latest": "11.15.0.1655",
    "1.8.9-latest": "11.15.1.2318",
    "1.8.9-recommended": "11.15.1.2318",
    "1.9-latest": "12.16.1.1938",
    "1.9-recommended": "12.16.1.1887",
    "1.9.4-latest": "12.17.0.2317",
    "1.9.4-recommended": "12.17.0.2317",
    "1.10-latest": "12.18.0.2000",
    "1.10.2-latest": "12.18.3.2511",
    "1.10.2-recommended": "12.18.3.2511",
    "1.11-latest": "13.19.1.2199",
    "1.11-recommended": "13.19.1.2189",
    "1.11.2-latest": "13.20.1.2588",
    "1.11.2-recommended": "13.20.1.2588",
    "1.12-latest": "14.21.1.2443",
    "1.12-recommended": "14.21.1.2387",
    "1.12.1-latest": "14.22.1.2485",
    "1.12.1-recommended": "14.22.1.2478",
    "1.12.2-latest": "14.23.5.2864",
    "1.12.2-recommended": "14.23.5.2859",
    "1.13.2-latest": "25.0.223",
    "1.14.2-latest": "26.0.63",
    "1.14.3-latest": "27.0.60",
    "1.14.4-latest": "28.2.28",
    "1.14.4-recommended": "28.2.26",
    "1.15-latest": "29.0.4",
    "1.15.1-latest": "30.0.51",
    "1.15.2-latest": "31.2.60",
    "1.15.2-recommended": "31.2.57",
    "1.16.1-latest": "32.0.108",
    "1.16.2-latest": "33.0.61",
    "1.16.3-latest": "34.1.42",
    "1.16.3-recommended": "34.1.0",
    "1.16.4-latest": "35.1.37",
    "1.16.4-recommended": "35.1.4",
    "1.16.5-latest": "36.2.42",
    "1.16.5-recommended": "36.2.34",
    "1.17.1-latest": "37.1.1",
    "1.17.1-recommended": "37.1.1",
    "1.18-latest": "38.0.17",
    "1.18.1-latest": "39.1.2",
    "1.18.1-recommended": "39.1.0",
    "1.18.2-recommended": "40.3.0",
    "1.18.2-latest": "40.3.12",
    "1.19-latest": "41.1.0",
    "1.19-recommended": "41.1.0",
    "1.19.1-latest": "42.0.9",
    "1.19.2-recommended": "43.5.0",
    "1.19.2-latest": "43.5.2",
    "1.19.3-latest": "44.1.23",
    "1.19.3-recommended": "44.1.0",
    "1.19.4-recommended": "45.4.0",
    "1.19.4-latest": "45.4.3",
    "1.20-latest": "46.0.14",
    "1.20.1-recommended": "47.4.10",
    "1.20.1-latest": "47.4.16",
    "1.20.2-latest": "48.1.0",
    "1.20.2-recommended": "48.1.0",
    "1.20.3-latest": "49.0.2",
    "1.20.4-latest": "49.2.4",
    "1.20.4-recommended": "49.2.0",
    "1.20.6-latest": "50.2.4",
    "1.20.6-recommended": "50.2.0",
    "1.21-latest": "51.0.33",
    "1.21.1-latest": "52.1.10",
    "1.21.1-recommended": "52.1.0",
    "1.21.3-latest": "53.1.7",
    "1.21.3-recommended": "53.1.0",
    "1.21.4-latest": "54.1.13",
    "1.21.4-recommended": "54.1.0",
    "1.21.5-latest": "55.1.7",
    "1.21.5-recommended": "55.1.0",
    "1.21.6-latest": "56.0.9",
    "1.21.7-latest": "57.0.3",
    "1.21.8-latest": "58.1.14",
    "1.21.8-recommended": "58.1.0",
    "1.21.9-latest": "59.0.5",
    "1.21.10-latest": "60.1.8",
    "1.21.10-recommended": "60.1.0",
    "1.21.11-latest": "61.1.0",
    "1.21.11-recommended": "61.1.0"
  }
}
[16Feb2026 16:57:48.745] [Forge Version Check/INFO] [net.minecraftforge.fml.VersionChecker/]: [forge] Found status: UP_TO_DATE Current: 47.4.10 Target: null
[16Feb2026 16:57:48.748] [Forge Version Check/INFO] [net.minecraftforge.fml.VersionChecker/]: [mr_eggs_cobblemonaddon] Starting version check at https://api.modrinth.com/updates/jyVqIISn/forge_updates.json
[16Feb2026 16:57:48.925] [Forge Version Check/DEBUG] [net.minecraftforge.fml.VersionChecker/]: [mr_eggs_cobblemonaddon] Received version check data:
{"homepage":"https://modrinth.com/mod/jyVqIISn","promos":{"1.19-latest":"0.3+mod","1.20.2-latest":"0.4+mod","1.19.4-recommended":"0.3+mod","1.18-recommended":"0.3+mod","1.18.2-latest":"0.3+mod","1.20.3-latest":"0.4+mod","1.19.3-recommended":"0.3+mod","1.19.1-latest":"0.3+mod","1.18.2-recommended":"0.3+mod","1.20.4-latest":"0.4+mod","1.20.3-recommended":"0.4+mod","1.21.1-latest":"0.8+mod","1.19.3-latest":"0.3+mod","1.18-latest":"0.3+mod","1.20.6-latest":"0.2+mod","1.19.2-recommended":"0.3+mod","1.20.2-recommended":"0.4+mod","1.20.1-recommended":"0.4+mod","1.19.2-latest":"0.3+mod","1.21.1-recommended":"0.8+mod","1.20-recommended":"0.4+mod","1.19.4-latest":"0.3+mod","1.20.4-recommended":"0.4+mod","1.20.1-latest":"0.4+mod","1.19-recommended":"0.3+mod","1.20.6-recommended":"0.2+mod","1.20.5-latest":"0.2+mod","1.20-latest":"0.4+mod","1.18.1-latest":"0.3+mod","1.18.1-recommended":"0.3+mod","1.19.1-recommended":"0.3+mod","1.20.5-recommended":"0.2+mod"}}
[16Feb2026 16:57:48.927] [Forge Version Check/INFO] [net.minecraftforge.fml.VersionChecker/]: [mr_eggs_cobblemonaddon] Found status: OUTDATED Current: 0.3 Target: 0.4+mod
[16Feb2026 16:57:48.927] [Forge Version Check/INFO] [net.minecraftforge.fml.VersionChecker/]: [betterf3] Starting version check at https://api.modrinth.com/updates/betterf3/forge_updates.json
[16Feb2026 16:57:49.036] [Forge Version Check/DEBUG] [net.minecraftforge.fml.VersionChecker/]: [betterf3] Received version check data:
{"homepage":"https://modrinth.com/mod/betterf3","promos":{"1.19-latest":"4.0.1","1.18.2-recommended":"3.0.0","1.20.3-latest":"9.0.2","1.18-latest":"3.0.0","1.18.1-pre1-latest":"1.2.2","1.18.1-recommended":"3.0.0","1.20.1-latest":"7.0.2","1.18.1-latest":"3.0.0","1.16-recommended":"1.5.0","1.16.2-recommended":"1.5.0","1.19-recommended":"4.0.1","1.16.3-recommended":"1.5.0","1.16.4-recommended":"1.5.0","1.19.2-latest":"4.0.1","1.16.1-recommended":"1.5.0","1.16.5-latest":"1.5.0","1.20.3-recommended":"9.0.2","1.20.4-recommended":"9.0.2","1.18.1-pre1-recommended":"1.2.2","1.16.3-latest":"1.5.0","1.19.3-latest":"5.1.1","1.20.4-latest":"9.0.2","1.19.3-recommended":"5.1.1","1.18.2-latest":"3.0.0","1.20.1-recommended":"7.0.2","1.20-recommended":"7.0.2","1.17.1-latest":"2.0.0","1.17-latest":"2.0.0","1.19.1-latest":"4.0.1","1.21.1-recommended":"11.0.3","1.16.5-recommended":"1.5.0","1.16-latest":"1.5.0","1.19.2-recommended":"4.0.1","1.16.1-latest":"1.5.0","1.18-recommended":"3.0.0","1.19.4-recommended":"6.0.3","1.20.2-latest":"8.0.3","1.17.1-recommended":"2.0.0","1.17-recommended":"2.0.0","1.16.4-latest":"1.5.0","1.21.1-latest":"11.0.3","1.19.1-recommended":"4.0.1","1.20-latest":"7.0.2","1.20.2-recommended":"8.0.3","1.16.2-latest":"1.5.0","1.19.4-latest":"6.0.3"}}
[16Feb2026 16:57:49.037] [Forge Version Check/INFO] [net.minecraftforge.fml.VersionChecker/]: [betterf3] Found status: UP_TO_DATE Current: 7.0.2 Target: null
[16Feb2026 16:57:51.609] [Cobblemon Showdown/INFO] [com.cobblemon.mod.common.Cobblemon/]: Showdown has been started!
[16Feb2026 16:57:51.613] [modloading-worker-0/INFO] [com.cobblemon.mod.common.Cobblemon/]: Note: Cobblemon data registries are only loaded once per server instance as Pokémon species are not safe to reload.
[16Feb2026 16:57:51.614] [modloading-worker-0/INFO] [com.cobblemon.mod.common.Cobblemon/]: Registered the cobblemon:species_features registry
[16Feb2026 16:57:51.614] [modloading-worker-0/DEBUG] [com.cobblemon.mod.common.Cobblemon/]: Registered the cobblemon:species_features registry of class com.cobblemon.mod.common.api.pokemon.feature.SpeciesFeatures
[16Feb2026 16:57:51.616] [modloading-worker-0/INFO] [com.cobblemon.mod.common.Cobblemon/]: Registered the cobblemon:global_species_features registry
[16Feb2026 16:57:51.616] [modloading-worker-0/DEBUG] [com.cobblemon.mod.common.Cobblemon/]: Registered the cobblemon:global_species_features registry of class com.cobblemon.mod.common.api.pokemon.feature.GlobalSpeciesFeatures
[16Feb2026 16:57:51.617] [modloading-worker-0/INFO] [com.cobblemon.mod.common.Cobblemon/]: Registered the cobblemon:species_feature_assignments registry
[16Feb2026 16:57:51.618] [modloading-worker-0/DEBUG] [com.cobblemon.mod.common.Cobblemon/]: Registered the cobblemon:species_feature_assignments registry of class com.cobblemon.mod.common.api.pokemon.feature.SpeciesFeatureAssignments
[16Feb2026 16:57:51.637] [modloading-worker-0/INFO] [com.cobblemon.mod.common.Cobblemon/]: Registered the cobblemon:action_effects registry
[16Feb2026 16:57:51.637] [modloading-worker-0/DEBUG] [com.cobblemon.mod.common.Cobblemon/]: Registered the cobblemon:action_effects registry of class com.cobblemon.mod.common.api.moves.animations.ActionEffects
[16Feb2026 16:57:51.639] [modloading-worker-0/INFO] [com.cobblemon.mod.common.Cobblemon/]: Registered the cobblemon:moves registry
[16Feb2026 16:57:51.640] [modloading-worker-0/DEBUG] [com.cobblemon.mod.common.Cobblemon/]: Registered the cobblemon:moves registry of class com.cobblemon.mod.common.api.moves.Moves
[16Feb2026 16:57:51.642] [modloading-worker-0/INFO] [com.cobblemon.mod.common.Cobblemon/]: Registered the cobblemon:abilities registry
[16Feb2026 16:57:51.642] [modloading-worker-0/DEBUG] [com.cobblemon.mod.common.Cobblemon/]: Registered the cobblemon:abilities registry of class com.cobblemon.mod.common.api.abilities.Abilities
[16Feb2026 16:57:51.643] [modloading-worker-0/INFO] [com.cobblemon.mod.common.Cobblemon/]: Registered the cobblemon:species registry
[16Feb2026 16:57:51.643] [modloading-worker-0/DEBUG] [com.cobblemon.mod.common.Cobblemon/]: Registered the cobblemon:species registry of class com.cobblemon.mod.common.api.pokemon.PokemonSpecies
[16Feb2026 16:57:51.644] [modloading-worker-0/INFO] [com.cobblemon.mod.common.Cobblemon/]: Registered the cobblemon:species_additions registry
[16Feb2026 16:57:51.644] [modloading-worker-0/DEBUG] [com.cobblemon.mod.common.Cobblemon/]: Registered the cobblemon:species_additions registry of class com.cobblemon.mod.common.pokemon.SpeciesAdditions
[16Feb2026 16:57:51.644] [modloading-worker-0/INFO] [com.cobblemon.mod.common.Cobblemon/]: Registered the cobblemon:pokeballs registry
[16Feb2026 16:57:51.645] [modloading-worker-0/DEBUG] [com.cobblemon.mod.common.Cobblemon/]: Registered the cobblemon:pokeballs registry of class com.cobblemon.mod.common.api.pokeball.PokeBalls
[16Feb2026 16:57:51.648] [modloading-worker-0/INFO] [com.cobblemon.mod.common.Cobblemon/]: Registered the cobblemon:properties_tab_completion registry
[16Feb2026 16:57:51.648] [modloading-worker-0/DEBUG] [com.cobblemon.mod.common.Cobblemon/]: Registered the cobblemon:properties_tab_completion registry of class com.cobblemon.mod.common.pokemon.properties.PropertiesCompletionProvider
[16Feb2026 16:57:51.649] [modloading-worker-0/INFO] [com.cobblemon.mod.common.Cobblemon/]: Registered the cobblemon:spawn_detail_presets registry
[16Feb2026 16:57:51.649] [modloading-worker-0/DEBUG] [com.cobblemon.mod.common.Cobblemon/]: Registered the cobblemon:spawn_detail_presets registry of class com.cobblemon.mod.common.api.spawning.SpawnDetailPresets
[16Feb2026 16:57:51.659] [modloading-worker-0/INFO] [com.cobblemon.mod.common.Cobblemon/]: Registered the cobblemon:spawn_rules registry
[16Feb2026 16:57:51.659] [modloading-worker-0/DEBUG] [com.cobblemon.mod.common.Cobblemon/]: Registered the cobblemon:spawn_rules registry of class com.cobblemon.mod.common.api.spawning.CobblemonSpawnRules
[16Feb2026 16:57:51.676] [modloading-worker-0/INFO] [com.cobblemon.mod.common.Cobblemon/]: Registered the cobblemon:mechanics registry
[16Feb2026 16:57:51.677] [modloading-worker-0/DEBUG] [com.cobblemon.mod.common.Cobblemon/]: Registered the cobblemon:mechanics registry of class com.cobblemon.mod.common.CobblemonMechanics
[16Feb2026 16:57:51.677] [modloading-worker-0/INFO] [com.cobblemon.mod.common.Cobblemon/]: Registered the cobblemon:bag_items registry
[16Feb2026 16:57:51.678] [modloading-worker-0/DEBUG] [com.cobblemon.mod.common.Cobblemon/]: Registered the cobblemon:bag_items registry of class com.cobblemon.mod.common.battles.BagItems
[16Feb2026 16:57:51.682] [modloading-worker-0/INFO] [com.cobblemon.mod.common.Cobblemon/]: Registered the cobblemon:dialogues registry
[16Feb2026 16:57:51.683] [modloading-worker-0/DEBUG] [com.cobblemon.mod.common.Cobblemon/]: Registered the cobblemon:dialogues registry of class com.cobblemon.mod.common.api.dialogue.Dialogues
[16Feb2026 16:57:51.684] [modloading-worker-0/INFO] [com.cobblemon.mod.common.Cobblemon/]: Registered the cobblemon:natural_materials registry
[16Feb2026 16:57:51.687] [modloading-worker-0/DEBUG] [com.cobblemon.mod.common.Cobblemon/]: Registered the cobblemon:natural_materials registry of class com.cobblemon.mod.common.api.fossil.NaturalMaterials
[16Feb2026 16:57:51.687] [modloading-worker-0/INFO] [com.cobblemon.mod.common.Cobblemon/]: Registered the cobblemon:fossils registry
[16Feb2026 16:57:51.688] [modloading-worker-0/DEBUG] [com.cobblemon.mod.common.Cobblemon/]: Registered the cobblemon:fossils registry of class com.cobblemon.mod.common.api.fossil.Fossils
[16Feb2026 16:57:51.694] [modloading-worker-0/INFO] [com.cobblemon.mod.common.Cobblemon/]: Registered the cobblemon:spawn_pool_world registry
[16Feb2026 16:57:51.694] [modloading-worker-0/DEBUG] [com.cobblemon.mod.common.Cobblemon/]: Registered the cobblemon:spawn_pool_world registry of class com.cobblemon.mod.common.api.spawning.detail.SpawnPool
[16Feb2026 16:57:51.701] [modloading-worker-0/INFO] [com.cobblemon.mod.common.Cobblemon/]: Registered the cobblemon:berries registry
[16Feb2026 16:57:51.701] [modloading-worker-0/DEBUG] [com.cobblemon.mod.common.Cobblemon/]: Registered the cobblemon:berries registry of class com.cobblemon.mod.common.api.berry.Berries
[16Feb2026 16:57:51.712] [main/DEBUG] [net.minecraftforge.fml.DeferredWorkQueue/LOADING]: Dispatching synchronous work for work queue COMMON_SETUP: 6 jobs
[16Feb2026 16:57:51.766] [main/INFO] [journeymap/]: Initializing Packet Registries
[16Feb2026 16:57:51.785] [main/INFO] [terrablender/]: Registered region minecraft:overworld to index 0 for type OVERWORLD
[16Feb2026 16:57:51.786] [main/INFO] [terrablender/]: Registered region minecraft:nether to index 0 for type NETHER
[16Feb2026 16:57:51.786] [main/INFO] [terrablender/]: Registered region biomesoplenty:overworld_primary to index 1 for type OVERWORLD
[16Feb2026 16:57:51.786] [main/INFO] [terrablender/]: Registered region biomesoplenty:overworld_secondary to index 2 for type OVERWORLD
[16Feb2026 16:57:51.787] [main/INFO] [terrablender/]: Registered region biomesoplenty:overworld_rare to index 3 for type OVERWORLD
[16Feb2026 16:57:51.787] [main/INFO] [terrablender/]: Registered region biomesoplenty:nether_common to index 1 for type NETHER
[16Feb2026 16:57:51.787] [main/INFO] [terrablender/]: Registered region biomesoplenty:nether_rare to index 2 for type NETHER
[16Feb2026 16:57:51.801] [main/DEBUG] [net.minecraftforge.fml.DeferredWorkQueue/LOADING]: Synchronous work queue completed in 87.64 ms
[16Feb2026 16:57:51.888] [modloading-worker-0/INFO] [Jade/]: Start loading plugin at com.arcaryx.cobblemonintegrations.waila.jade.CobblemonJadePlugin
[16Feb2026 16:57:51.900] [modloading-worker-0/INFO] [Jade/]: Start loading plugin at snownee.jade.addon.vanilla.VanillaPlugin
[16Feb2026 16:57:51.912] [modloading-worker-0/INFO] [Jade/]: Start loading plugin at snownee.jade.addon.universal.UniversalPlugin
[16Feb2026 16:57:51.917] [modloading-worker-0/INFO] [Jade/]: Start loading plugin at snownee.jade.addon.core.CorePlugin
[16Feb2026 16:57:51.937] [main/DEBUG] [net.minecraftforge.fml.DeferredWorkQueue/LOADING]: Dispatching synchronous work for work queue COMPLETE: 1 jobs
[16Feb2026 16:57:51.937] [main/INFO] [citadel/]: adding citadel surface rules via terrablender...
[16Feb2026 16:57:51.938] [main/INFO] [citadel/]: Added 0 vanilla biome surface rule types via terrablender
[16Feb2026 16:57:51.938] [main/INFO] [citadel/]: Added 0 modded biome surface rule types via terrablender
[16Feb2026 16:57:51.939] [main/DEBUG] [net.minecraftforge.fml.DeferredWorkQueue/LOADING]: Synchronous work queue completed in 1.741 ms
[16Feb2026 16:57:53.167] [main/INFO] [com.mojang.authlib.yggdrasil.YggdrasilAuthenticationService/]: Environment: authHost='https://authserver.mojang.com', accountsHost='https://api.mojang.com', sessionHost='https://sessionserver.mojang.com', servicesHost='https://api.minecraftservices.com', name='PROD'
[16Feb2026 16:57:54.100] [main/WARN] [net.minecraft.server.packs.VanillaPackResourcesBuilder/]: Assets URL 'union:/workspaces/RPG_minecraft/servidor_minecraft/libraries/net/minecraft/server/1.20.1-20230612.114412/server-1.20.1-20230612.114412-srg.jar%23203!/assets/.mcassetsroot' uses unexpected schema
[16Feb2026 16:57:54.101] [main/WARN] [net.minecraft.server.packs.VanillaPackResourcesBuilder/]: Assets URL 'union:/workspaces/RPG_minecraft/servidor_minecraft/libraries/net/minecraft/server/1.20.1-20230612.114412/server-1.20.1-20230612.114412-srg.jar%23203!/data/.mcassetsroot' uses unexpected schema
[16Feb2026 16:57:54.147] [main/DEBUG] [net.minecraftforge.server.ServerLifecycleHooks/CORE]: Generating PackInfo named mod:fossiltweaks for mod file /workspaces/RPG_minecraft/servidor_minecraft/mods/cobblemon-fossiltweaks-1.5-forge-1.0.0.jar
[16Feb2026 16:57:54.147] [main/DEBUG] [net.minecraftforge.server.ServerLifecycleHooks/CORE]: Generating PackInfo named mod:beautify for mod file /workspaces/RPG_minecraft/servidor_minecraft/mods/beautify-2.0.2.jar
[16Feb2026 16:57:54.148] [main/DEBUG] [net.minecraftforge.server.ServerLifecycleHooks/CORE]: Generating PackInfo named mod:jei for mod file /workspaces/RPG_minecraft/servidor_minecraft/mods/jei-1.20.1-forge-15.20.0.129.jar
[16Feb2026 16:57:54.148] [main/DEBUG] [net.minecraftforge.server.ServerLifecycleHooks/CORE]: Generating PackInfo named mod:cobblemon_quests for mod file /workspaces/RPG_minecraft/servidor_minecraft/mods/cobblemon_quests-[1.20.1]-forge-1.1.11.jar
[16Feb2026 16:57:54.148] [main/DEBUG] [net.minecraftforge.server.ServerLifecycleHooks/CORE]: Generating PackInfo named mod:cobbled_counter for mod file /workspaces/RPG_minecraft/servidor_minecraft/mods/cobblemon-counter-1.5-forge-1.2.0.jar
[16Feb2026 16:57:54.148] [main/DEBUG] [net.minecraftforge.server.ServerLifecycleHooks/CORE]: Generating PackInfo named mod:journeymap for mod file /workspaces/RPG_minecraft/servidor_minecraft/mods/journeymap-1.20.1-5.10.3-forge.jar
[16Feb2026 16:57:54.148] [main/DEBUG] [net.minecraftforge.server.ServerLifecycleHooks/CORE]: Generating PackInfo named mod:citadel for mod file /workspaces/RPG_minecraft/servidor_minecraft/mods/citadel-2.6.3-1.20.1.jar
[16Feb2026 16:57:54.148] [main/DEBUG] [net.minecraftforge.server.ServerLifecycleHooks/CORE]: Generating PackInfo named mod:tmtcop for mod file /workspaces/RPG_minecraft/servidor_minecraft/mods/Cobblemon O' Plenty 1.20.1 B.2.0.jar
[16Feb2026 16:57:54.149] [main/DEBUG] [net.minecraftforge.server.ServerLifecycleHooks/CORE]: Generating PackInfo named mod:glitchcore for mod file /workspaces/RPG_minecraft/servidor_minecraft/mods/GlitchCore-forge-1.20.1-0.0.1.1.jar
[16Feb2026 16:57:54.149] [main/DEBUG] [net.minecraftforge.server.ServerLifecycleHooks/CORE]: Generating PackInfo named mod:cobblemonoutbreaks for mod file /workspaces/RPG_minecraft/servidor_minecraft/mods/cobblemonoutbreaks-1.1.4-1.20.1.jar
[16Feb2026 16:57:54.149] [main/DEBUG] [net.minecraftforge.server.ServerLifecycleHooks/CORE]: Generating PackInfo named mod:midnightlib for mod file /workspaces/RPG_minecraft/servidor_minecraft/mods/midnightlib-forge-1.9.2%2B1.20.1.jar
[16Feb2026 16:57:54.149] [main/DEBUG] [net.minecraftforge.server.ServerLifecycleHooks/CORE]: Generating PackInfo named mod:spawn_notification for mod file /workspaces/RPG_minecraft/servidor_minecraft/mods/cobblemon-spawn-notification-1.5-forge-1.2.0.jar
[16Feb2026 16:57:54.149] [main/DEBUG] [net.minecraftforge.server.ServerLifecycleHooks/CORE]: Generating PackInfo named mod:unimplemented_items for mod file /workspaces/RPG_minecraft/servidor_minecraft/mods/cobblemon-unimplemented-items-1.5-forge-1.3.0.jar
[16Feb2026 16:57:54.149] [main/DEBUG] [net.minecraftforge.server.ServerLifecycleHooks/CORE]: Generating PackInfo named mod:gravels_extended_battles for mod file /workspaces/RPG_minecraft/servidor_minecraft/mods/gravels_extended_battles-1.4.0 (forge).jar
[16Feb2026 16:57:54.150] [main/DEBUG] [net.minecraftforge.server.ServerLifecycleHooks/CORE]: Generating PackInfo named mod:cameraoverhaul for mod file /workspaces/RPG_minecraft/servidor_minecraft/mods/CameraOverhaul-v2.0.6-forge%2Bmc%5B1.20.0-1.20.5%5D.jar
[16Feb2026 16:57:54.150] [main/DEBUG] [net.minecraftforge.server.ServerLifecycleHooks/CORE]: Generating PackInfo named mod:cloth_config for mod file /workspaces/RPG_minecraft/servidor_minecraft/mods/cloth-config-11.1.136-forge.jar
[16Feb2026 16:57:54.150] [main/DEBUG] [net.minecraftforge.server.ServerLifecycleHooks/CORE]: Generating PackInfo named mod:forge for mod file /workspaces/RPG_minecraft/servidor_minecraft/libraries/net/minecraftforge/forge/1.20.1-47.4.10/forge-1.20.1-47.4.10-universal.jar
[16Feb2026 16:57:54.150] [main/DEBUG] [net.minecraftforge.server.ServerLifecycleHooks/CORE]: Generating PackInfo named mod:athena for mod file /workspaces/RPG_minecraft/servidor_minecraft/mods/athena-forge-1.20.1-3.1.2.jar
[16Feb2026 16:57:54.150] [main/DEBUG] [net.minecraftforge.server.ServerLifecycleHooks/CORE]: Generating PackInfo named mod:cobblemon_alatia for mod file /workspaces/RPG_minecraft/servidor_minecraft/mods/Cobblemon AFP 1.7.1-1.20.1 Forge.jar
[16Feb2026 16:57:54.150] [main/DEBUG] [net.minecraftforge.server.ServerLifecycleHooks/CORE]: Generating PackInfo named mod:simple_cobblemon_kit for mod file /workspaces/RPG_minecraft/servidor_minecraft/mods/simple_cobblemon_kit-1.0.0-forge-1.20.1.jar
[16Feb2026 16:57:54.151] [main/DEBUG] [net.minecraftforge.server.ServerLifecycleHooks/CORE]: Generating PackInfo named mod:terrablender for mod file /workspaces/RPG_minecraft/servidor_minecraft/mods/TerraBlender-forge-1.20.1-3.0.1.10.jar
[16Feb2026 16:57:54.151] [main/DEBUG] [net.minecraftforge.server.ServerLifecycleHooks/CORE]: Generating PackInfo named mod:betterbeds for mod file /workspaces/RPG_minecraft/servidor_minecraft/mods/BetterBeds-1.0.0.jar
[16Feb2026 16:57:54.151] [main/DEBUG] [net.minecraftforge.server.ServerLifecycleHooks/CORE]: Generating PackInfo named mod:cobblemonintegrations for mod file /workspaces/RPG_minecraft/servidor_minecraft/mods/cobblemonintegrations-1.20.1-1.0.7.jar
[16Feb2026 16:57:54.151] [main/DEBUG] [net.minecraftforge.server.ServerLifecycleHooks/CORE]: Generating PackInfo named mod:cobblemontrainers for mod file /workspaces/RPG_minecraft/servidor_minecraft/mods/CobblemonTrainers-1.1.11+1.5.2-forge.jar
[16Feb2026 16:57:54.151] [main/DEBUG] [net.minecraftforge.server.ServerLifecycleHooks/CORE]: Generating PackInfo named mod:simpletms for mod file /workspaces/RPG_minecraft/servidor_minecraft/mods/SimpleTMsForge-1.1.2.jar
[16Feb2026 16:57:54.151] [main/DEBUG] [net.minecraftforge.server.ServerLifecycleHooks/CORE]: Generating PackInfo named mod:biomesoplenty for mod file /workspaces/RPG_minecraft/servidor_minecraft/mods/BiomesOPlenty-forge-1.20.1-19.0.0.96.jar
[16Feb2026 16:57:54.152] [main/DEBUG] [net.minecraftforge.server.ServerLifecycleHooks/CORE]: Generating PackInfo named mod:jade for mod file /workspaces/RPG_minecraft/servidor_minecraft/mods/Jade-1.20.1-Forge-11.13.2.jar
[16Feb2026 16:57:54.152] [main/DEBUG] [net.minecraftforge.server.ServerLifecycleHooks/CORE]: Generating PackInfo named mod:mr_eggs_cobblemonaddon for mod file /workspaces/RPG_minecraft/servidor_minecraft/mods/eggs-cobblemon-addon-0.3.jar
[16Feb2026 16:57:54.152] [main/DEBUG] [net.minecraftforge.server.ServerLifecycleHooks/CORE]: Generating PackInfo named mod:kotlinforforge for mod file 
[16Feb2026 16:57:54.152] [main/DEBUG] [net.minecraftforge.server.ServerLifecycleHooks/CORE]: Generating PackInfo named mod:curios for mod file /workspaces/RPG_minecraft/servidor_minecraft/mods/curios-forge-5.14.1+1.20.1.jar
[16Feb2026 16:57:54.152] [main/DEBUG] [net.minecraftforge.server.ServerLifecycleHooks/CORE]: Generating PackInfo named mod:patchouli for mod file /workspaces/RPG_minecraft/servidor_minecraft/mods/Patchouli-1.20.1-84.1-FORGE.jar
[16Feb2026 16:57:54.152] [main/DEBUG] [net.minecraftforge.server.ServerLifecycleHooks/CORE]: Generating PackInfo named mod:capture_xp for mod file /workspaces/RPG_minecraft/servidor_minecraft/mods/cobblemon-capturexp-1.5-forge-1.0.1.jar
[16Feb2026 16:57:54.152] [main/DEBUG] [net.minecraftforge.server.ServerLifecycleHooks/CORE]: Generating PackInfo named mod:megamons for mod file /workspaces/RPG_minecraft/servidor_minecraft/mods/MegamonsForge-1.2.1.jar
[16Feb2026 16:57:54.153] [main/DEBUG] [net.minecraftforge.server.ServerLifecycleHooks/CORE]: Generating PackInfo named mod:cobblemon for mod file /workspaces/RPG_minecraft/servidor_minecraft/mods/Cobblemon-forge-1.5.2+1.20.1.jar
[16Feb2026 16:57:54.153] [main/DEBUG] [net.minecraftforge.server.ServerLifecycleHooks/CORE]: Generating PackInfo named mod:cobbledex for mod file /workspaces/RPG_minecraft/servidor_minecraft/mods/cobbledex-1.20.1-forge-1.1.0.jar
[16Feb2026 16:57:54.153] [main/DEBUG] [net.minecraftforge.server.ServerLifecycleHooks/CORE]: Generating PackInfo named mod:cobblepedia for mod file /workspaces/RPG_minecraft/servidor_minecraft/mods/Cobblepedia-Forge-0.6.8.jar
[16Feb2026 16:57:54.153] [main/DEBUG] [net.minecraftforge.server.ServerLifecycleHooks/CORE]: Generating PackInfo named mod:fightorflight for mod file /workspaces/RPG_minecraft/servidor_minecraft/mods/fightorflight-forge-0.6.2.jar
[16Feb2026 16:57:54.153] [main/DEBUG] [net.minecraftforge.server.ServerLifecycleHooks/CORE]: Generating PackInfo named mod:architectury for mod file /workspaces/RPG_minecraft/servidor_minecraft/mods/architectury-9.2.14-forge.jar
[16Feb2026 16:57:54.153] [main/DEBUG] [net.minecraftforge.server.ServerLifecycleHooks/CORE]: Generating PackInfo named mod:cobgyms for mod file /workspaces/RPG_minecraft/servidor_minecraft/mods/cobgyms-forge-2.0.3+1.20.1.jar
[16Feb2026 16:57:54.154] [main/DEBUG] [net.minecraftforge.server.ServerLifecycleHooks/CORE]: Generating PackInfo named mod:ftblibrary for mod file /workspaces/RPG_minecraft/servidor_minecraft/mods/ftb-library-forge-2001.2.12.jar
[16Feb2026 16:57:54.154] [main/DEBUG] [net.minecraftforge.server.ServerLifecycleHooks/CORE]: Generating PackInfo named mod:ftbteams for mod file /workspaces/RPG_minecraft/servidor_minecraft/mods/ftb-teams-forge-2001.3.2.jar
[16Feb2026 16:57:54.154] [main/DEBUG] [net.minecraftforge.server.ServerLifecycleHooks/CORE]: Generating PackInfo named mod:ftbquests for mod file /workspaces/RPG_minecraft/servidor_minecraft/mods/ftb-quests-forge-2001.4.17.jar
[16Feb2026 16:57:54.154] [main/DEBUG] [net.minecraftforge.server.ServerLifecycleHooks/CORE]: Generating PackInfo named mod:cobblemore_lib for mod file /workspaces/RPG_minecraft/servidor_minecraft/mods/cobblemore_lib-forge-1.2.0.jar
[16Feb2026 16:57:54.154] [main/DEBUG] [net.minecraftforge.server.ServerLifecycleHooks/CORE]: Generating PackInfo named mod:cobblemon_poke_labs for mod file /workspaces/RPG_minecraft/servidor_minecraft/mods/cobblemon_poke_labs-forge-1.1.1.jar
[16Feb2026 16:57:54.154] [main/DEBUG] [net.minecraftforge.server.ServerLifecycleHooks/CORE]: Generating PackInfo named mod:cobblemon_simple_center for mod file /workspaces/RPG_minecraft/servidor_minecraft/mods/cobblemon_simple_center-forge-1.1.0.jar
[16Feb2026 16:57:54.154] [main/DEBUG] [net.minecraftforge.server.ServerLifecycleHooks/CORE]: Generating PackInfo named mod:cobblemonmegas for mod file /workspaces/RPG_minecraft/servidor_minecraft/mods/CobblemonMegas-forge-1.3.0+1.5.2.jar
[16Feb2026 16:57:54.155] [main/DEBUG] [net.minecraftforge.server.ServerLifecycleHooks/CORE]: Generating PackInfo named mod:cobblemonrider for mod file /workspaces/RPG_minecraft/servidor_minecraft/mods/cobblemonrider-1.2.4.jar
[16Feb2026 16:57:54.155] [main/DEBUG] [net.minecraftforge.server.ServerLifecycleHooks/CORE]: Generating PackInfo named mod:mythsandlegends for mod file /workspaces/RPG_minecraft/servidor_minecraft/mods/Myths_and_Legends-1.6.1-forge.jar
[16Feb2026 16:57:54.155] [main/DEBUG] [net.minecraftforge.server.ServerLifecycleHooks/CORE]: Generating PackInfo named mod:betterf3 for mod file /workspaces/RPG_minecraft/servidor_minecraft/mods/BetterF3-7.0.2-Forge-1.20.1.jar
[16Feb2026 16:57:54.155] [main/DEBUG] [net.minecraftforge.server.ServerLifecycleHooks/CORE]: Generating PackInfo named mod:unchained for mod file /workspaces/RPG_minecraft/servidor_minecraft/mods/cobblemon-unchained-1.5-forge-1.0.1.jar
[16Feb2026 16:57:54.155] [main/DEBUG] [net.minecraftforge.server.ServerLifecycleHooks/CORE]: Generating PackInfo named mod:cobbledollars for mod file /workspaces/RPG_minecraft/servidor_minecraft/mods/CobbleDollars-forge-1.5.2+1.20.1.jar
[16Feb2026 16:57:55.020] [main/DEBUG] [mixin/]: Mixing PrimaryLevelDataMixin from citadel.mixins.json into net.minecraft.world.level.storage.PrimaryLevelData
[16Feb2026 16:57:55.023] [main/DEBUG] [mixin/]: Mixing MixinPrimaryLevelData from terrablender.mixins.json into net.minecraft.world.level.storage.PrimaryLevelData
[16Feb2026 16:57:55.052] [main/DEBUG] [mixin/]: Mixing loot.LootPoolAccessor from gravels_extended_battles_common.mixins.json into net.minecraft.world.level.storage.loot.LootPool
[16Feb2026 16:57:55.175] [main/DEBUG] [net.minecraftforge.coremod.transformer.CoreModBaseTransformer/COREMOD]: Transforming net/minecraft/server/commands/SummonCommand
[16Feb2026 16:57:55.347] [main/INFO] [MythsAndLegends/]: Registered Myths and Legends commands
[16Feb2026 16:57:55.407] [main/DEBUG] [mixin/]: Mixing GivePokemonMixin from cobblemon_quests-common.mixins.json into com.cobblemon.mod.common.command.GivePokemon
[16Feb2026 16:57:55.430] [main/DEBUG] [mixin/]: Mixing SpawnAllPokemonMixin from gravels_extended_battles_common.mixins.json into com.cobblemon.mod.common.command.SpawnAllPokemon
[16Feb2026 16:57:55.433] [main/DEBUG] [mixin/]: Mixing GiveAllPokemonMixin from gravels_extended_battles_common.mixins.json into com.cobblemon.mod.common.command.GiveAllPokemon
[16Feb2026 16:57:55.788] [Worker-Main-2/DEBUG] [mixin/]: Mixing MixinNbtPredicate from curios.mixins.json into net.minecraft.advancements.critereon.NbtPredicate
[16Feb2026 16:57:55.830] [Worker-Main-2/DEBUG] [net.minecraftforge.coremod.transformer.CoreModBaseTransformer/COREMOD]: Transforming net/minecraft/world/entity/raid/Raid
[16Feb2026 16:57:55.941] [Worker-Main-2/DEBUG] [com.cobblemon.mod.common.Cobblemon/]: LootInjector: Injected cobblemon:injection/chests/bastion_treasure to minecraft:chests/bastion_treasure
[16Feb2026 16:57:56.003] [Worker-Main-2/ERROR] [net.minecraftforge.common.ForgeHooks/]: Couldn't parse element loot_tables:adorn:blocks/cobblemon/apricorn_drawer
com.google.gson.JsonSyntaxException: Expected name to be an item, was unknown string 'adorn:cobblemon/apricorn_drawer'
	at net.minecraft.util.GsonHelper.m_13866_(GsonHelper.java:145) ~[server-1.20.1-20230612.114412-srg.jar%23203!/:?]
	at java.util.Optional.orElseThrow(Optional.java:403) ~[?:?]
	at net.minecraft.util.GsonHelper.m_13874_(GsonHelper.java:145) ~[server-1.20.1-20230612.114412-srg.jar%23203!/:?]
	at net.minecraft.util.GsonHelper.m_13909_(GsonHelper.java:153) ~[server-1.20.1-20230612.114412-srg.jar%23203!/:?]
	at net.minecraft.world.level.storage.loot.entries.LootItem$Serializer.m_7267_(LootItem.java:55) ~[server-1.20.1-20230612.114412-srg.jar%23203!/:?]
	at net.minecraft.world.level.storage.loot.entries.LootItem$Serializer.m_7267_(LootItem.java:40) ~[server-1.20.1-20230612.114412-srg.jar%23203!/:?]
	at net.minecraft.world.level.storage.loot.entries.LootPoolSingletonContainer$Serializer.m_5921_(LootPoolSingletonContainer.java:151) ~[server-1.20.1-20230612.114412-srg.jar%23203!/:?]
	at net.minecraft.world.level.storage.loot.entries.LootPoolSingletonContainer$Serializer.m_5921_(LootPoolSingletonContainer.java:129) ~[server-1.20.1-20230612.114412-srg.jar%23203!/:?]
	at net.minecraft.world.level.storage.loot.entries.LootPoolEntryContainer$Serializer.m_7561_(LootPoolEntryContainer.java:86) ~[server-1.20.1-20230612.114412-srg.jar%23203!/:?]
	at net.minecraft.world.level.storage.loot.entries.LootPoolEntryContainer$Serializer.m_7561_(LootPoolEntryContainer.java:74) ~[server-1.20.1-20230612.114412-srg.jar%23203!/:?]
	at net.minecraft.world.level.storage.loot.GsonAdapterFactory$JsonAdapter.deserialize(GsonAdapterFactory.java:102) ~[server-1.20.1-20230612.114412-srg.jar%23203!/:?]
	at com.google.gson.internal.bind.TreeTypeAdapter.read(TreeTypeAdapter.java:76) ~[gson-2.10.jar%2372!/:?]
	at com.google.gson.internal.bind.TypeAdapterRuntimeTypeWrapper.read(TypeAdapterRuntimeTypeWrapper.java:40) ~[gson-2.10.jar%2372!/:?]
	at com.google.gson.internal.bind.ArrayTypeAdapter.read(ArrayTypeAdapter.java:72) ~[gson-2.10.jar%2372!/:?]
	at com.google.gson.Gson.fromJson(Gson.java:1214) ~[gson-2.10.jar%2372!/:?]
	at com.google.gson.Gson.fromJson(Gson.java:1319) ~[gson-2.10.jar%2372!/:?]
	at com.google.gson.Gson.fromJson(Gson.java:1290) ~[gson-2.10.jar%2372!/:?]
	at com.google.gson.internal.bind.TreeTypeAdapter$GsonContextImpl.deserialize(TreeTypeAdapter.java:179) ~[gson-2.10.jar%2372!/:?]
	at net.minecraft.util.GsonHelper.m_13808_(GsonHelper.java:463) ~[server-1.20.1-20230612.114412-srg.jar%23203!/:?]
	at net.minecraft.util.GsonHelper.m_13836_(GsonHelper.java:471) ~[server-1.20.1-20230612.114412-srg.jar%23203!/:?]
	at net.minecraft.world.level.storage.loot.LootPool$Serializer.deserialize(LootPool.java:192) ~[server-1.20.1-20230612.114412-srg.jar%23203!/:?]
	at net.minecraft.world.level.storage.loot.LootPool$Serializer.deserialize(LootPool.java:189) ~[server-1.20.1-20230612.114412-srg.jar%23203!/:?]
	at com.google.gson.internal.bind.TreeTypeAdapter.read(TreeTypeAdapter.java:76) ~[gson-2.10.jar%2372!/:?]
	at com.google.gson.internal.bind.TypeAdapterRuntimeTypeWrapper.read(TypeAdapterRuntimeTypeWrapper.java:40) ~[gson-2.10.jar%2372!/:?]
	at com.google.gson.internal.bind.ArrayTypeAdapter.read(ArrayTypeAdapter.java:72) ~[gson-2.10.jar%2372!/:?]
	at com.google.gson.Gson.fromJson(Gson.java:1214) ~[gson-2.10.jar%2372!/:?]
	at com.google.gson.Gson.fromJson(Gson.java:1319) ~[gson-2.10.jar%2372!/:?]
	at com.google.gson.Gson.fromJson(Gson.java:1290) ~[gson-2.10.jar%2372!/:?]
	at com.google.gson.internal.bind.TreeTypeAdapter$GsonContextImpl.deserialize(TreeTypeAdapter.java:179) ~[gson-2.10.jar%2372!/:?]
	at net.minecraft.util.GsonHelper.m_13808_(GsonHelper.java:463) ~[server-1.20.1-20230612.114412-srg.jar%23203!/:?]
	at net.minecraft.util.GsonHelper.m_13845_(GsonHelper.java:481) ~[server-1.20.1-20230612.114412-srg.jar%23203!/:?]
	at net.minecraft.world.level.storage.loot.LootTable$Serializer.deserialize(LootTable.java:294) ~[server-1.20.1-20230612.114412-srg.jar%23203!/:?]
	at net.minecraft.world.level.storage.loot.LootTable$Serializer.deserialize(LootTable.java:291) ~[server-1.20.1-20230612.114412-srg.jar%23203!/:?]
	at com.google.gson.internal.bind.TreeTypeAdapter.read(TreeTypeAdapter.java:76) ~[gson-2.10.jar%2372!/:?]
	at com.google.gson.Gson.fromJson(Gson.java:1214) ~[gson-2.10.jar%2372!/:?]
	at com.google.gson.Gson.fromJson(Gson.java:1319) ~[gson-2.10.jar%2372!/:?]
	at com.google.gson.Gson.fromJson(Gson.java:1261) ~[gson-2.10.jar%2372!/:?]
	at net.minecraftforge.common.ForgeHooks.loadLootTable(ForgeHooks.java:872) ~[forge-1.20.1-47.4.10-universal.jar%23208!/:?]
	at net.minecraftforge.common.ForgeHooks.lambda$getLootTableDeserializer$3(ForgeHooks.java:849) ~[forge-1.20.1-47.4.10-universal.jar%23208!/:?]
	at net.minecraft.world.level.storage.loot.LootDataType.deserialize(LootDataType.java:45) ~[server-1.20.1-20230612.114412-srg.jar%23203!/:?]
	at net.minecraft.world.level.storage.loot.LootDataManager.lambda$scheduleElementParse$4(LootDataManager.java:56) ~[server-1.20.1-20230612.114412-srg.jar%23203!/:?]
	at net.minecraft.world.level.storage.loot.LootDataManager.md8fbb72$lambda$cobblemon$supportICondition$0$0(LootDataManager.java:544) ~[server-1.20.1-20230612.114412-srg.jar%23203!/:?]
	at java.util.HashMap.forEach(HashMap.java:1421) ~[?:?]
	at net.minecraft.world.level.storage.loot.LootDataManager.redirect$zda000$cobblemon$supportICondition(LootDataManager.java:534) ~[server-1.20.1-20230612.114412-srg.jar%23203!/:?]
	at net.minecraft.world.level.storage.loot.LootDataManager.m_278660_(LootDataManager.java:55) ~[server-1.20.1-20230612.114412-srg.jar%23203!/:?]
	at java.util.concurrent.CompletableFuture$AsyncRun.run(CompletableFuture.java:1804) ~[?:?]
	at java.util.concurrent.CompletableFuture$AsyncRun.exec(CompletableFuture.java:1796) ~[?:?]
	at java.util.concurrent.ForkJoinTask.doExec(ForkJoinTask.java:373) ~[?:?]
	at java.util.concurrent.ForkJoinPool$WorkQueue.topLevelExec(ForkJoinPool.java:1182) ~[?:?]
	at java.util.concurrent.ForkJoinPool.scan(ForkJoinPool.java:1655) ~[?:?]
	at java.util.concurrent.ForkJoinPool.runWorker(ForkJoinPool.java:1622) ~[?:?]
	at java.util.concurrent.ForkJoinWorkerThread.run(ForkJoinWorkerThread.java:165) ~[?:?]
[16Feb2026 16:57:56.016] [Worker-Main-2/DEBUG] [com.cobblemon.mod.common.Cobblemon/]: LootInjector: Injected cobblemon:injection/chests/nether_bridge to minecraft:chests/nether_bridge
[16Feb2026 16:57:56.017] [Worker-Main-2/ERROR] [net.minecraftforge.common.ForgeHooks/]: Couldn't parse element loot_tables:adorn:blocks/cobblemon/apricorn_kitchen_counter
com.google.gson.JsonSyntaxException: Expected name to be an item, was unknown string 'adorn:cobblemon/apricorn_kitchen_counter'
	at net.minecraft.util.GsonHelper.m_13866_(GsonHelper.java:145) ~[server-1.20.1-20230612.114412-srg.jar%23203!/:?]
	at java.util.Optional.orElseThrow(Optional.java:403) ~[?:?]
	at net.minecraft.util.GsonHelper.m_13874_(GsonHelper.java:145) ~[server-1.20.1-20230612.114412-srg.jar%23203!/:?]
	at net.minecraft.util.GsonHelper.m_13909_(GsonHelper.java:153) ~[server-1.20.1-20230612.114412-srg.jar%23203!/:?]
	at net.minecraft.world.level.storage.loot.entries.LootItem$Serializer.m_7267_(LootItem.java:55) ~[server-1.20.1-20230612.114412-srg.jar%23203!/:?]
	at net.minecraft.world.level.storage.loot.entries.LootItem$Serializer.m_7267_(LootItem.java:40) ~[server-1.20.1-20230612.114412-srg.jar%23203!/:?]
	at net.minecraft.world.level.storage.loot.entries.LootPoolSingletonContainer$Serializer.m_5921_(LootPoolSingletonContainer.java:151) ~[server-1.20.1-20230612.114412-srg.jar%23203!/:?]
	at net.minecraft.world.level.storage.loot.entries.LootPoolSingletonContainer$Serializer.m_5921_(LootPoolSingletonContainer.java:129) ~[server-1.20.1-20230612.114412-srg.jar%23203!/:?]
	at net.minecraft.world.level.storage.loot.entries.LootPoolEntryContainer$Serializer.m_7561_(LootPoolEntryContainer.java:86) ~[server-1.20.1-20230612.114412-srg.jar%23203!/:?]
	at net.minecraft.world.level.storage.loot.entries.LootPoolEntryContainer$Serializer.m_7561_(LootPoolEntryContainer.java:74) ~[server-1.20.1-20230612.114412-srg.jar%23203!/:?]
	at net.minecraft.world.level.storage.loot.GsonAdapterFactory$JsonAdapter.deserialize(GsonAdapterFactory.java:102) ~[server-1.20.1-20230612.114412-srg.jar%23203!/:?]
	at com.google.gson.internal.bind.TreeTypeAdapter.read(TreeTypeAdapter.java:76) ~[gson-2.10.jar%2372!/:?]
	at com.google.gson.internal.bind.TypeAdapterRuntimeTypeWrapper.read(TypeAdapterRuntimeTypeWrapper.java:40) ~[gson-2.10.jar%2372!/:?]
	at com.google.gson.internal.bind.ArrayTypeAdapter.read(ArrayTypeAdapter.java:72) ~[gson-2.10.jar%2372!/:?]
	at com.google.gson.Gson.fromJson(Gson.java:1214) ~[gson-2.10.jar%2372!/:?]
	at com.google.gson.Gson.fromJson(Gson.java:1319) ~[gson-2.10.jar%2372!/:?]
	at com.google.gson.Gson.fromJson(Gson.java:1290) ~[gson-2.10.jar%2372!/:?]
	at com.google.gson.internal.bind.TreeTypeAdapter$GsonContextImpl.deserialize(TreeTypeAdapter.java:179) ~[gson-2.10.jar%2372!/:?]
	at net.minecraft.util.GsonHelper.m_13808_(GsonHelper.java:463) ~[server-1.20.1-20230612.114412-srg.jar%23203!/:?]
	at net.minecraft.util.GsonHelper.m_13836_(GsonHelper.java:471) ~[server-1.20.1-20230612.114412-srg.jar%23203!/:?]
	at net.minecraft.world.level.storage.loot.LootPool$Serializer.deserialize(LootPool.java:192) ~[server-1.20.1-20230612.114412-srg.jar%23203!/:?]
	at net.minecraft.world.level.storage.loot.LootPool$Serializer.deserialize(LootPool.java:189) ~[server-1.20.1-20230612.114412-srg.jar%23203!/:?]
	at com.google.gson.internal.bind.TreeTypeAdapter.read(TreeTypeAdapter.java:76) ~[gson-2.10.jar%2372!/:?]
	at com.google.gson.internal.bind.TypeAdapterRuntimeTypeWrapper.read(TypeAdapterRuntimeTypeWrapper.java:40) ~[gson-2.10.jar%2372!/:?]
	at com.google.gson.internal.bind.ArrayTypeAdapter.read(ArrayTypeAdapter.java:72) ~[gson-2.10.jar%2372!/:?]
	at com.google.gson.Gson.fromJson(Gson.java:1214) ~[gson-2.10.jar%2372!/:?]
	at com.google.gson.Gson.fromJson(Gson.java:1319) ~[gson-2.10.jar%2372!/:?]
	at com.google.gson.Gson.fromJson(Gson.java:1290) ~[gson-2.10.jar%2372!/:?]
	at com.google.gson.internal.bind.TreeTypeAdapter$GsonContextImpl.deserialize(TreeTypeAdapter.java:179) ~[gson-2.10.jar%2372!/:?]
	at net.minecraft.util.GsonHelper.m_13808_(GsonHelper.java:463) ~[server-1.20.1-20230612.114412-srg.jar%23203!/:?]
	at net.minecraft.util.GsonHelper.m_13845_(GsonHelper.java:481) ~[server-1.20.1-20230612.114412-srg.jar%23203!/:?]
	at net.minecraft.world.level.storage.loot.LootTable$Serializer.deserialize(LootTable.java:294) ~[server-1.20.1-20230612.114412-srg.jar%23203!/:?]
	at net.minecraft.world.level.storage.loot.LootTable$Serializer.deserialize(LootTable.java:291) ~[server-1.20.1-20230612.114412-srg.jar%23203!/:?]
	at com.google.gson.internal.bind.TreeTypeAdapter.read(TreeTypeAdapter.java:76) ~[gson-2.10.jar%2372!/:?]
	at com.google.gson.Gson.fromJson(Gson.java:1214) ~[gson-2.10.jar%2372!/:?]
	at com.google.gson.Gson.fromJson(Gson.java:1319) ~[gson-2.10.jar%2372!/:?]
	at com.google.gson.Gson.fromJson(Gson.java:1261) ~[gson-2.10.jar%2372!/:?]
	at net.minecraftforge.common.ForgeHooks.loadLootTable(ForgeHooks.java:872) ~[forge-1.20.1-47.4.10-universal.jar%23208!/:?]
	at net.minecraftforge.common.ForgeHooks.lambda$getLootTableDeserializer$3(ForgeHooks.java:849) ~[forge-1.20.1-47.4.10-universal.jar%23208!/:?]
	at net.minecraft.world.level.storage.loot.LootDataType.deserialize(LootDataType.java:45) ~[server-1.20.1-20230612.114412-srg.jar%23203!/:?]
	at net.minecraft.world.level.storage.loot.LootDataManager.lambda$scheduleElementParse$4(LootDataManager.java:56) ~[server-1.20.1-20230612.114412-srg.jar%23203!/:?]
	at net.minecraft.world.level.storage.loot.LootDataManager.md8fbb72$lambda$cobblemon$supportICondition$0$0(LootDataManager.java:544) ~[server-1.20.1-20230612.114412-srg.jar%23203!/:?]
	at java.util.HashMap.forEach(HashMap.java:1421) ~[?:?]
	at net.minecraft.world.level.storage.loot.LootDataManager.redirect$zda000$cobblemon$supportICondition(LootDataManager.java:534) ~[server-1.20.1-20230612.114412-srg.jar%23203!/:?]
	at net.minecraft.world.level.storage.loot.LootDataManager.m_278660_(LootDataManager.java:55) ~[server-1.20.1-20230612.114412-srg.jar%23203!/:?]
	at java.util.concurrent.CompletableFuture$AsyncRun.run(CompletableFuture.java:1804) ~[?:?]
	at java.util.concurrent.CompletableFuture$AsyncRun.exec(CompletableFuture.java:1796) ~[?:?]
	at java.util.concurrent.ForkJoinTask.doExec(ForkJoinTask.java:373) ~[?:?]
	at java.util.concurrent.ForkJoinPool$WorkQueue.topLevelExec(ForkJoinPool.java:1182) ~[?:?]
	at java.util.concurrent.ForkJoinPool.scan(ForkJoinPool.java:1655) ~[?:?]
	at java.util.concurrent.ForkJoinPool.runWorker(ForkJoinPool.java:1622) ~[?:?]
	at java.util.concurrent.ForkJoinWorkerThread.run(ForkJoinWorkerThread.java:165) ~[?:?]
[16Feb2026 16:57:56.023] [Worker-Main-2/ERROR] [net.minecraftforge.common.ForgeHooks/]: Couldn't parse element loot_tables:adorn:blocks/cobblemon/apricorn_chair
java.lang.IllegalArgumentException: Can't find block adorn:cobblemon/apricorn_chair
	at net.minecraft.world.level.storage.loot.predicates.LootItemBlockStatePropertyCondition$Serializer.m_81802_(LootItemBlockStatePropertyCondition.java:79) ~[server-1.20.1-20230612.114412-srg.jar%23203!/:?]
	at java.util.Optional.orElseThrow(Optional.java:403) ~[?:?]
	at net.minecraft.world.level.storage.loot.predicates.LootItemBlockStatePropertyCondition$Serializer.m_7561_(LootItemBlockStatePropertyCondition.java:79) ~[server-1.20.1-20230612.114412-srg.jar%23203!/:?]
	at net.minecraft.world.level.storage.loot.predicates.LootItemBlockStatePropertyCondition$Serializer.m_7561_(LootItemBlockStatePropertyCondition.java:68) ~[server-1.20.1-20230612.114412-srg.jar%23203!/:?]
	at net.minecraft.world.level.storage.loot.GsonAdapterFactory$JsonAdapter.deserialize(GsonAdapterFactory.java:102) ~[server-1.20.1-20230612.114412-srg.jar%23203!/:?]
	at com.google.gson.internal.bind.TreeTypeAdapter.read(TreeTypeAdapter.java:76) ~[gson-2.10.jar%2372!/:?]
	at com.google.gson.internal.bind.TypeAdapterRuntimeTypeWrapper.read(TypeAdapterRuntimeTypeWrapper.java:40) ~[gson-2.10.jar%2372!/:?]
	at com.google.gson.internal.bind.ArrayTypeAdapter.read(ArrayTypeAdapter.java:72) ~[gson-2.10.jar%2372!/:?]
	at com.google.gson.Gson.fromJson(Gson.java:1214) ~[gson-2.10.jar%2372!/:?]
	at com.google.gson.Gson.fromJson(Gson.java:1319) ~[gson-2.10.jar%2372!/:?]
	at com.google.gson.Gson.fromJson(Gson.java:1290) ~[gson-2.10.jar%2372!/:?]
	at com.google.gson.internal.bind.TreeTypeAdapter$GsonContextImpl.deserialize(TreeTypeAdapter.java:179) ~[gson-2.10.jar%2372!/:?]
	at net.minecraft.util.GsonHelper.m_13808_(GsonHelper.java:463) ~[server-1.20.1-20230612.114412-srg.jar%23203!/:?]
	at net.minecraft.util.GsonHelper.m_13845_(GsonHelper.java:481) ~[server-1.20.1-20230612.114412-srg.jar%23203!/:?]
	at net.minecraft.world.level.storage.loot.entries.LootPoolEntryContainer$Serializer.m_7561_(LootPoolEntryContainer.java:85) ~[server-1.20.1-20230612.114412-srg.jar%23203!/:?]
	at net.minecraft.world.level.storage.loot.entries.LootPoolEntryContainer$Serializer.m_7561_(LootPoolEntryContainer.java:74) ~[server-1.20.1-20230612.114412-srg.jar%23203!/:?]
	at net.minecraft.world.level.storage.loot.GsonAdapterFactory$JsonAdapter.deserialize(GsonAdapterFactory.java:102) ~[server-1.20.1-20230612.114412-srg.jar%23203!/:?]
	at com.google.gson.internal.bind.TreeTypeAdapter.read(TreeTypeAdapter.java:76) ~[gson-2.10.jar%2372!/:?]
	at com.google.gson.internal.bind.TypeAdapterRuntimeTypeWrapper.read(TypeAdapterRuntimeTypeWrapper.java:40) ~[gson-2.10.jar%2372!/:?]
	at com.google.gson.internal.bind.ArrayTypeAdapter.read(ArrayTypeAdapter.java:72) ~[gson-2.10.jar%2372!/:?]
	at com.google.gson.Gson.fromJson(Gson.java:1214) ~[gson-2.10.jar%2372!/:?]
	at com.google.gson.Gson.fromJson(Gson.java:1319) ~[gson-2.10.jar%2372!/:?]
	at com.google.gson.Gson.fromJson(Gson.java:1290) ~[gson-2.10.jar%2372!/:?]
	at com.google.gson.internal.bind.TreeTypeAdapter$GsonContextImpl.deserialize(TreeTypeAdapter.java:179) ~[gson-2.10.jar%2372!/:?]
	at net.minecraft.util.GsonHelper.m_13808_(GsonHelper.java:463) ~[server-1.20.1-20230612.114412-srg.jar%23203!/:?]
	at net.minecraft.util.GsonHelper.m_13836_(GsonHelper.java:471) ~[server-1.20.1-20230612.114412-srg.jar%23203!/:?]
	at net.minecraft.world.level.storage.loot.LootPool$Serializer.deserialize(LootPool.java:192) ~[server-1.20.1-20230612.114412-srg.jar%23203!/:?]
	at net.minecraft.world.level.storage.loot.LootPool$Serializer.deserialize(LootPool.java:189) ~[server-1.20.1-20230612.114412-srg.jar%23203!/:?]
	at com.google.gson.internal.bind.TreeTypeAdapter.read(TreeTypeAdapter.java:76) ~[gson-2.10.jar%2372!/:?]
	at com.google.gson.internal.bind.TypeAdapterRuntimeTypeWrapper.read(TypeAdapterRuntimeTypeWrapper.java:40) ~[gson-2.10.jar%2372!/:?]
	at com.google.gson.internal.bind.ArrayTypeAdapter.read(ArrayTypeAdapter.java:72) ~[gson-2.10.jar%2372!/:?]
	at com.google.gson.Gson.fromJson(Gson.java:1214) ~[gson-2.10.jar%2372!/:?]
	at com.google.gson.Gson.fromJson(Gson.java:1319) ~[gson-2.10.jar%2372!/:?]
	at com.google.gson.Gson.fromJson(Gson.java:1290) ~[gson-2.10.jar%2372!/:?]
	at com.google.gson.internal.bind.TreeTypeAdapter$GsonContextImpl.deserialize(TreeTypeAdapter.java:179) ~[gson-2.10.jar%2372!/:?]
	at net.minecraft.util.GsonHelper.m_13808_(GsonHelper.java:463) ~[server-1.20.1-20230612.114412-srg.jar%23203!/:?]
	at net.minecraft.util.GsonHelper.m_13845_(GsonHelper.java:481) ~[server-1.20.1-20230612.114412-srg.jar%23203!/:?]
	at net.minecraft.world.level.storage.loot.LootTable$Serializer.deserialize(LootTable.java:294) ~[server-1.20.1-20230612.114412-srg.jar%23203!/:?]
	at net.minecraft.world.level.storage.loot.LootTable$Serializer.deserialize(LootTable.java:291) ~[server-1.20.1-20230612.114412-srg.jar%23203!/:?]
	at com.google.gson.internal.bind.TreeTypeAdapter.read(TreeTypeAdapter.java:76) ~[gson-2.10.jar%2372!/:?]
	at com.google.gson.Gson.fromJson(Gson.java:1214) ~[gson-2.10.jar%2372!/:?]
	at com.google.gson.Gson.fromJson(Gson.java:1319) ~[gson-2.10.jar%2372!/:?]
	at com.google.gson.Gson.fromJson(Gson.java:1261) ~[gson-2.10.jar%2372!/:?]
	at net.minecraftforge.common.ForgeHooks.loadLootTable(ForgeHooks.java:872) ~[forge-1.20.1-47.4.10-universal.jar%23208!/:?]
	at net.minecraftforge.common.ForgeHooks.lambda$getLootTableDeserializer$3(ForgeHooks.java:849) ~[forge-1.20.1-47.4.10-universal.jar%23208!/:?]
	at net.minecraft.world.level.storage.loot.LootDataType.deserialize(LootDataType.java:45) ~[server-1.20.1-20230612.114412-srg.jar%23203!/:?]
	at net.minecraft.world.level.storage.loot.LootDataManager.lambda$scheduleElementParse$4(LootDataManager.java:56) ~[server-1.20.1-20230612.114412-srg.jar%23203!/:?]
	at net.minecraft.world.level.storage.loot.LootDataManager.md8fbb72$lambda$cobblemon$supportICondition$0$0(LootDataManager.java:544) ~[server-1.20.1-20230612.114412-srg.jar%23203!/:?]
	at java.util.HashMap.forEach(HashMap.java:1421) ~[?:?]
	at net.minecraft.world.level.storage.loot.LootDataManager.redirect$zda000$cobblemon$supportICondition(LootDataManager.java:534) ~[server-1.20.1-20230612.114412-srg.jar%23203!/:?]
	at net.minecraft.world.level.storage.loot.LootDataManager.m_278660_(LootDataManager.java:55) ~[server-1.20.1-20230612.114412-srg.jar%23203!/:?]
	at java.util.concurrent.CompletableFuture$AsyncRun.run(CompletableFuture.java:1804) ~[?:?]
	at java.util.concurrent.CompletableFuture$AsyncRun.exec(CompletableFuture.java:1796) ~[?:?]
	at java.util.concurrent.ForkJoinTask.doExec(ForkJoinTask.java:373) ~[?:?]
	at java.util.concurrent.ForkJoinPool$WorkQueue.topLevelExec(ForkJoinPool.java:1182) ~[?:?]
	at java.util.concurrent.ForkJoinPool.scan(ForkJoinPool.java:1655) ~[?:?]
	at java.util.concurrent.ForkJoinPool.runWorker(ForkJoinPool.java:1622) ~[?:?]
	at java.util.concurrent.ForkJoinWorkerThread.run(ForkJoinWorkerThread.java:165) ~[?:?]
[16Feb2026 16:57:56.094] [Worker-Main-2/DEBUG] [com.cobblemon.mod.common.Cobblemon/]: LootInjector: Injected cobblemon:injection/chests/bastion_hoglin_stable to minecraft:chests/bastion_hoglin_stable
[16Feb2026 16:57:56.107] [Worker-Main-2/ERROR] [net.minecraftforge.common.ForgeHooks/]: Couldn't parse element loot_tables:adorn:blocks/cobblemon/apricorn_coffee_table
com.google.gson.JsonSyntaxException: Expected name to be an item, was unknown string 'adorn:cobblemon/apricorn_coffee_table'
	at net.minecraft.util.GsonHelper.m_13866_(GsonHelper.java:145) ~[server-1.20.1-20230612.114412-srg.jar%23203!/:?]
	at java.util.Optional.orElseThrow(Optional.java:403) ~[?:?]
	at net.minecraft.util.GsonHelper.m_13874_(GsonHelper.java:145) ~[server-1.20.1-20230612.114412-srg.jar%23203!/:?]
	at net.minecraft.util.GsonHelper.m_13909_(GsonHelper.java:153) ~[server-1.20.1-20230612.114412-srg.jar%23203!/:?]
	at net.minecraft.world.level.storage.loot.entries.LootItem$Serializer.m_7267_(LootItem.java:55) ~[server-1.20.1-20230612.114412-srg.jar%23203!/:?]
	at net.minecraft.world.level.storage.loot.entries.LootItem$Serializer.m_7267_(LootItem.java:40) ~[server-1.20.1-20230612.114412-srg.jar%23203!/:?]
	at net.minecraft.world.level.storage.loot.entries.LootPoolSingletonContainer$Serializer.m_5921_(LootPoolSingletonContainer.java:151) ~[server-1.20.1-20230612.114412-srg.jar%23203!/:?]
	at net.minecraft.world.level.storage.loot.entries.LootPoolSingletonContainer$Serializer.m_5921_(LootPoolSingletonContainer.java:129) ~[server-1.20.1-20230612.114412-srg.jar%23203!/:?]
	at net.minecraft.world.level.storage.loot.entries.LootPoolEntryContainer$Serializer.m_7561_(LootPoolEntryContainer.java:86) ~[server-1.20.1-20230612.114412-srg.jar%23203!/:?]
	at net.minecraft.world.level.storage.loot.entries.LootPoolEntryContainer$Serializer.m_7561_(LootPoolEntryContainer.java:74) ~[server-1.20.1-20230612.114412-srg.jar%23203!/:?]
	at net.minecraft.world.level.storage.loot.GsonAdapterFactory$JsonAdapter.deserialize(GsonAdapterFactory.java:102) ~[server-1.20.1-20230612.114412-srg.jar%23203!/:?]
	at com.google.gson.internal.bind.TreeTypeAdapter.read(TreeTypeAdapter.java:76) ~[gson-2.10.jar%2372!/:?]
	at com.google.gson.internal.bind.TypeAdapterRuntimeTypeWrapper.read(TypeAdapterRuntimeTypeWrapper.java:40) ~[gson-2.10.jar%2372!/:?]
	at com.google.gson.internal.bind.ArrayTypeAdapter.read(ArrayTypeAdapter.java:72) ~[gson-2.10.jar%2372!/:?]
	at com.google.gson.Gson.fromJson(Gson.java:1214) ~[gson-2.10.jar%2372!/:?]
	at com.google.gson.Gson.fromJson(Gson.java:1319) ~[gson-2.10.jar%2372!/:?]
	at com.google.gson.Gson.fromJson(Gson.java:1290) ~[gson-2.10.jar%2372!/:?]
	at com.google.gson.internal.bind.TreeTypeAdapter$GsonContextImpl.deserialize(TreeTypeAdapter.java:179) ~[gson-2.10.jar%2372!/:?]
	at net.minecraft.util.GsonHelper.m_13808_(GsonHelper.java:463) ~[server-1.20.1-20230612.114412-srg.jar%23203!/:?]
	at net.minecraft.util.GsonHelper.m_13836_(GsonHelper.java:471) ~[server-1.20.1-20230612.114412-srg.jar%23203!/:?]
	at net.minecraft.world.level.storage.loot.LootPool$Serializer.deserialize(LootPool.java:192) ~[server-1.20.1-20230612.114412-srg.jar%23203!/:?]
	at net.minecraft.world.level.storage.loot.LootPool$Serializer.deserialize(LootPool.java:189) ~[server-1.20.1-20230612.114412-srg.jar%23203!/:?]
	at com.google.gson.internal.bind.TreeTypeAdapter.read(TreeTypeAdapter.java:76) ~[gson-2.10.jar%2372!/:?]
	at com.google.gson.internal.bind.TypeAdapterRuntimeTypeWrapper.read(TypeAdapterRuntimeTypeWrapper.java:40) ~[gson-2.10.jar%2372!/:?]
	at com.google.gson.internal.bind.ArrayTypeAdapter.read(ArrayTypeAdapter.java:72) ~[gson-2.10.jar%2372!/:?]
	at com.google.gson.Gson.fromJson(Gson.java:1214) ~[gson-2.10.jar%2372!/:?]
	at com.google.gson.Gson.fromJson(Gson.java:1319) ~[gson-2.10.jar%2372!/:?]
	at com.google.gson.Gson.fromJson(Gson.java:1290) ~[gson-2.10.jar%2372!/:?]
	at com.google.gson.internal.bind.TreeTypeAdapter$GsonContextImpl.deserialize(TreeTypeAdapter.java:179) ~[gson-2.10.jar%2372!/:?]
	at net.minecraft.util.GsonHelper.m_13808_(GsonHelper.java:463) ~[server-1.20.1-20230612.114412-srg.jar%23203!/:?]
	at net.minecraft.util.GsonHelper.m_13845_(GsonHelper.java:481) ~[server-1.20.1-20230612.114412-srg.jar%23203!/:?]
	at net.minecraft.world.level.storage.loot.LootTable$Serializer.deserialize(LootTable.java:294) ~[server-1.20.1-20230612.114412-srg.jar%23203!/:?]
	at net.minecraft.world.level.storage.loot.LootTable$Serializer.deserialize(LootTable.java:291) ~[server-1.20.1-20230612.114412-srg.jar%23203!/:?]
	at com.google.gson.internal.bind.TreeTypeAdapter.read(TreeTypeAdapter.java:76) ~[gson-2.10.jar%2372!/:?]
	at com.google.gson.Gson.fromJson(Gson.java:1214) ~[gson-2.10.jar%2372!/:?]
	at com.google.gson.Gson.fromJson(Gson.java:1319) ~[gson-2.10.jar%2372!/:?]
	at com.google.gson.Gson.fromJson(Gson.java:1261) ~[gson-2.10.jar%2372!/:?]
	at net.minecraftforge.common.ForgeHooks.loadLootTable(ForgeHooks.java:872) ~[forge-1.20.1-47.4.10-universal.jar%23208!/:?]
	at net.minecraftforge.common.ForgeHooks.lambda$getLootTableDeserializer$3(ForgeHooks.java:849) ~[forge-1.20.1-47.4.10-universal.jar%23208!/:?]
	at net.minecraft.world.level.storage.loot.LootDataType.deserialize(LootDataType.java:45) ~[server-1.20.1-20230612.114412-srg.jar%23203!/:?]
	at net.minecraft.world.level.storage.loot.LootDataManager.lambda$scheduleElementParse$4(LootDataManager.java:56) ~[server-1.20.1-20230612.114412-srg.jar%23203!/:?]
	at net.minecraft.world.level.storage.loot.LootDataManager.md8fbb72$lambda$cobblemon$supportICondition$0$0(LootDataManager.java:544) ~[server-1.20.1-20230612.114412-srg.jar%23203!/:?]
	at java.util.HashMap.forEach(HashMap.java:1421) ~[?:?]
	at net.minecraft.world.level.storage.loot.LootDataManager.redirect$zda000$cobblemon$supportICondition(LootDataManager.java:534) ~[server-1.20.1-20230612.114412-srg.jar%23203!/:?]
	at net.minecraft.world.level.storage.loot.LootDataManager.m_278660_(LootDataManager.java:55) ~[server-1.20.1-20230612.114412-srg.jar%23203!/:?]
	at java.util.concurrent.CompletableFuture$AsyncRun.run(CompletableFuture.java:1804) ~[?:?]
	at java.util.concurrent.CompletableFuture$AsyncRun.exec(CompletableFuture.java:1796) ~[?:?]
	at java.util.concurrent.ForkJoinTask.doExec(ForkJoinTask.java:373) ~[?:?]
	at java.util.concurrent.ForkJoinPool$WorkQueue.topLevelExec(ForkJoinPool.java:1182) ~[?:?]
	at java.util.concurrent.ForkJoinPool.scan(ForkJoinPool.java:1655) ~[?:?]
	at java.util.concurrent.ForkJoinPool.runWorker(ForkJoinPool.java:1622) ~[?:?]
	at java.util.concurrent.ForkJoinWorkerThread.run(ForkJoinWorkerThread.java:165) ~[?:?]
[16Feb2026 16:57:56.114] [Worker-Main-2/DEBUG] [com.cobblemon.mod.common.Cobblemon/]: LootInjector: Injected cobblemon:injection/chests/igloo_chest to minecraft:chests/igloo_chest
[16Feb2026 16:57:56.118] [Worker-Main-2/DEBUG] [com.cobblemon.mod.common.Cobblemon/]: LootInjector: Injected cobblemon:injection/chests/ancient_city to minecraft:chests/ancient_city
[16Feb2026 16:57:56.180] [Worker-Main-2/ERROR] [net.minecraftforge.common.ForgeHooks/]: Couldn't parse element loot_tables:adorn:blocks/cobblemon/apricorn_table
com.google.gson.JsonSyntaxException: Expected name to be an item, was unknown string 'adorn:cobblemon/apricorn_table'
	at net.minecraft.util.GsonHelper.m_13866_(GsonHelper.java:145) ~[server-1.20.1-20230612.114412-srg.jar%23203!/:?]
	at java.util.Optional.orElseThrow(Optional.java:403) ~[?:?]
	at net.minecraft.util.GsonHelper.m_13874_(GsonHelper.java:145) ~[server-1.20.1-20230612.114412-srg.jar%23203!/:?]
	at net.minecraft.util.GsonHelper.m_13909_(GsonHelper.java:153) ~[server-1.20.1-20230612.114412-srg.jar%23203!/:?]
	at net.minecraft.world.level.storage.loot.entries.LootItem$Serializer.m_7267_(LootItem.java:55) ~[server-1.20.1-20230612.114412-srg.jar%23203!/:?]
	at net.minecraft.world.level.storage.loot.entries.LootItem$Serializer.m_7267_(LootItem.java:40) ~[server-1.20.1-20230612.114412-srg.jar%23203!/:?]
	at net.minecraft.world.level.storage.loot.entries.LootPoolSingletonContainer$Serializer.m_5921_(LootPoolSingletonContainer.java:151) ~[server-1.20.1-20230612.114412-srg.jar%23203!/:?]
	at net.minecraft.world.level.storage.loot.entries.LootPoolSingletonContainer$Serializer.m_5921_(LootPoolSingletonContainer.java:129) ~[server-1.20.1-20230612.114412-srg.jar%23203!/:?]
	at net.minecraft.world.level.storage.loot.entries.LootPoolEntryContainer$Serializer.m_7561_(LootPoolEntryContainer.java:86) ~[server-1.20.1-20230612.114412-srg.jar%23203!/:?]
	at net.minecraft.world.level.storage.loot.entries.LootPoolEntryContainer$Serializer.m_7561_(LootPoolEntryContainer.java:74) ~[server-1.20.1-20230612.114412-srg.jar%23203!/:?]
	at net.minecraft.world.level.storage.loot.GsonAdapterFactory$JsonAdapter.deserialize(GsonAdapterFactory.java:102) ~[server-1.20.1-20230612.114412-srg.jar%23203!/:?]
	at com.google.gson.internal.bind.TreeTypeAdapter.read(TreeTypeAdapter.java:76) ~[gson-2.10.jar%2372!/:?]
	at com.google.gson.internal.bind.TypeAdapterRuntimeTypeWrapper.read(TypeAdapterRuntimeTypeWrapper.java:40) ~[gson-2.10.jar%2372!/:?]
	at com.google.gson.internal.bind.ArrayTypeAdapter.read(ArrayTypeAdapter.java:72) ~[gson-2.10.jar%2372!/:?]
	at com.google.gson.Gson.fromJson(Gson.java:1214) ~[gson-2.10.jar%2372!/:?]
	at com.google.gson.Gson.fromJson(Gson.java:1319) ~[gson-2.10.jar%2372!/:?]
	at com.google.gson.Gson.fromJson(Gson.java:1290) ~[gson-2.10.jar%2372!/:?]
	at com.google.gson.internal.bind.TreeTypeAdapter$GsonContextImpl.deserialize(TreeTypeAdapter.java:179) ~[gson-2.10.jar%2372!/:?]
	at net.minecraft.util.GsonHelper.m_13808_(GsonHelper.java:463) ~[server-1.20.1-20230612.114412-srg.jar%23203!/:?]
	at net.minecraft.util.GsonHelper.m_13836_(GsonHelper.java:471) ~[server-1.20.1-20230612.114412-srg.jar%23203!/:?]
	at net.minecraft.world.level.storage.loot.LootPool$Serializer.deserialize(LootPool.java:192) ~[server-1.20.1-20230612.114412-srg.jar%23203!/:?]
	at net.minecraft.world.level.storage.loot.LootPool$Serializer.deserialize(LootPool.java:189) ~[server-1.20.1-20230612.114412-srg.jar%23203!/:?]
	at com.google.gson.internal.bind.TreeTypeAdapter.read(TreeTypeAdapter.java:76) ~[gson-2.10.jar%2372!/:?]
	at com.google.gson.internal.bind.TypeAdapterRuntimeTypeWrapper.read(TypeAdapterRuntimeTypeWrapper.java:40) ~[gson-2.10.jar%2372!/:?]
	at com.google.gson.internal.bind.ArrayTypeAdapter.read(ArrayTypeAdapter.java:72) ~[gson-2.10.jar%2372!/:?]
	at com.google.gson.Gson.fromJson(Gson.java:1214) ~[gson-2.10.jar%2372!/:?]
	at com.google.gson.Gson.fromJson(Gson.java:1319) ~[gson-2.10.jar%2372!/:?]
	at com.google.gson.Gson.fromJson(Gson.java:1290) ~[gson-2.10.jar%2372!/:?]
	at com.google.gson.internal.bind.TreeTypeAdapter$GsonContextImpl.deserialize(TreeTypeAdapter.java:179) ~[gson-2.10.jar%2372!/:?]
	at net.minecraft.util.GsonHelper.m_13808_(GsonHelper.java:463) ~[server-1.20.1-20230612.114412-srg.jar%23203!/:?]
	at net.minecraft.util.GsonHelper.m_13845_(GsonHelper.java:481) ~[server-1.20.1-20230612.114412-srg.jar%23203!/:?]
	at net.minecraft.world.level.storage.loot.LootTable$Serializer.deserialize(LootTable.java:294) ~[server-1.20.1-20230612.114412-srg.jar%23203!/:?]
	at net.minecraft.world.level.storage.loot.LootTable$Serializer.deserialize(LootTable.java:291) ~[server-1.20.1-20230612.114412-srg.jar%23203!/:?]
	at com.google.gson.internal.bind.TreeTypeAdapter.read(TreeTypeAdapter.java:76) ~[gson-2.10.jar%2372!/:?]
	at com.google.gson.Gson.fromJson(Gson.java:1214) ~[gson-2.10.jar%2372!/:?]
	at com.google.gson.Gson.fromJson(Gson.java:1319) ~[gson-2.10.jar%2372!/:?]
	at com.google.gson.Gson.fromJson(Gson.java:1261) ~[gson-2.10.jar%2372!/:?]
	at net.minecraftforge.common.ForgeHooks.loadLootTable(ForgeHooks.java:872) ~[forge-1.20.1-47.4.10-universal.jar%23208!/:?]
	at net.minecraftforge.common.ForgeHooks.lambda$getLootTableDeserializer$3(ForgeHooks.java:849) ~[forge-1.20.1-47.4.10-universal.jar%23208!/:?]
	at net.minecraft.world.level.storage.loot.LootDataType.deserialize(LootDataType.java:45) ~[server-1.20.1-20230612.114412-srg.jar%23203!/:?]
	at net.minecraft.world.level.storage.loot.LootDataManager.lambda$scheduleElementParse$4(LootDataManager.java:56) ~[server-1.20.1-20230612.114412-srg.jar%23203!/:?]
	at net.minecraft.world.level.storage.loot.LootDataManager.md8fbb72$lambda$cobblemon$supportICondition$0$0(LootDataManager.java:544) ~[server-1.20.1-20230612.114412-srg.jar%23203!/:?]
	at java.util.HashMap.forEach(HashMap.java:1421) ~[?:?]
	at net.minecraft.world.level.storage.loot.LootDataManager.redirect$zda000$cobblemon$supportICondition(LootDataManager.java:534) ~[server-1.20.1-20230612.114412-srg.jar%23203!/:?]
	at net.minecraft.world.level.storage.loot.LootDataManager.m_278660_(LootDataManager.java:55) ~[server-1.20.1-20230612.114412-srg.jar%23203!/:?]
	at java.util.concurrent.CompletableFuture$AsyncRun.run(CompletableFuture.java:1804) ~[?:?]
	at java.util.concurrent.CompletableFuture$AsyncRun.exec(CompletableFuture.java:1796) ~[?:?]
	at java.util.concurrent.ForkJoinTask.doExec(ForkJoinTask.java:373) ~[?:?]
	at java.util.concurrent.ForkJoinPool$WorkQueue.topLevelExec(ForkJoinPool.java:1182) ~[?:?]
	at java.util.concurrent.ForkJoinPool.scan(ForkJoinPool.java:1655) ~[?:?]
	at java.util.concurrent.ForkJoinPool.runWorker(ForkJoinPool.java:1622) ~[?:?]
	at java.util.concurrent.ForkJoinWorkerThread.run(ForkJoinWorkerThread.java:165) ~[?:?]
[16Feb2026 16:57:56.185] [Worker-Main-2/DEBUG] [com.cobblemon.mod.common.Cobblemon/]: LootInjector: Injected cobblemon:injection/chests/jungle_temple to minecraft:chests/jungle_temple
[16Feb2026 16:57:56.198] [Worker-Main-2/DEBUG] [com.cobblemon.mod.common.Cobblemon/]: LootInjector: Injected cobblemon:injection/chests/village_house to minecraft:chests/village/village_desert_house
[16Feb2026 16:57:56.203] [Worker-Main-2/DEBUG] [com.cobblemon.mod.common.Cobblemon/]: LootInjector: Injected cobblemon:injection/chests/end_city_treasure to minecraft:chests/end_city_treasure
[16Feb2026 16:57:56.248] [Worker-Main-2/DEBUG] [com.cobblemon.mod.common.Cobblemon/]: LootInjector: Injected cobblemon:injection/chests/simple_dungeon to minecraft:chests/simple_dungeon
[16Feb2026 16:57:56.266] [Worker-Main-2/ERROR] [net.minecraftforge.common.ForgeHooks/]: Couldn't parse element loot_tables:adorn:blocks/cobblemon/apricorn_shelf
com.google.gson.JsonSyntaxException: Expected name to be an item, was unknown string 'adorn:cobblemon/apricorn_shelf'
	at net.minecraft.util.GsonHelper.m_13866_(GsonHelper.java:145) ~[server-1.20.1-20230612.114412-srg.jar%23203!/:?]
	at java.util.Optional.orElseThrow(Optional.java:403) ~[?:?]
	at net.minecraft.util.GsonHelper.m_13874_(GsonHelper.java:145) ~[server-1.20.1-20230612.114412-srg.jar%23203!/:?]
	at net.minecraft.util.GsonHelper.m_13909_(GsonHelper.java:153) ~[server-1.20.1-20230612.114412-srg.jar%23203!/:?]
	at net.minecraft.world.level.storage.loot.entries.LootItem$Serializer.m_7267_(LootItem.java:55) ~[server-1.20.1-20230612.114412-srg.jar%23203!/:?]
	at net.minecraft.world.level.storage.loot.entries.LootItem$Serializer.m_7267_(LootItem.java:40) ~[server-1.20.1-20230612.114412-srg.jar%23203!/:?]
	at net.minecraft.world.level.storage.loot.entries.LootPoolSingletonContainer$Serializer.m_5921_(LootPoolSingletonContainer.java:151) ~[server-1.20.1-20230612.114412-srg.jar%23203!/:?]
	at net.minecraft.world.level.storage.loot.entries.LootPoolSingletonContainer$Serializer.m_5921_(LootPoolSingletonContainer.java:129) ~[server-1.20.1-20230612.114412-srg.jar%23203!/:?]
	at net.minecraft.world.level.storage.loot.entries.LootPoolEntryContainer$Serializer.m_7561_(LootPoolEntryContainer.java:86) ~[server-1.20.1-20230612.114412-srg.jar%23203!/:?]
	at net.minecraft.world.level.storage.loot.entries.LootPoolEntryContainer$Serializer.m_7561_(LootPoolEntryContainer.java:74) ~[server-1.20.1-20230612.114412-srg.jar%23203!/:?]
	at net.minecraft.world.level.storage.loot.GsonAdapterFactory$JsonAdapter.deserialize(GsonAdapterFactory.java:102) ~[server-1.20.1-20230612.114412-srg.jar%23203!/:?]
	at com.google.gson.internal.bind.TreeTypeAdapter.read(TreeTypeAdapter.java:76) ~[gson-2.10.jar%2372!/:?]
	at com.google.gson.internal.bind.TypeAdapterRuntimeTypeWrapper.read(TypeAdapterRuntimeTypeWrapper.java:40) ~[gson-2.10.jar%2372!/:?]
	at com.google.gson.internal.bind.ArrayTypeAdapter.read(ArrayTypeAdapter.java:72) ~[gson-2.10.jar%2372!/:?]
	at com.google.gson.Gson.fromJson(Gson.java:1214) ~[gson-2.10.jar%2372!/:?]
	at com.google.gson.Gson.fromJson(Gson.java:1319) ~[gson-2.10.jar%2372!/:?]
	at com.google.gson.Gson.fromJson(Gson.java:1290) ~[gson-2.10.jar%2372!/:?]
	at com.google.gson.internal.bind.TreeTypeAdapter$GsonContextImpl.deserialize(TreeTypeAdapter.java:179) ~[gson-2.10.jar%2372!/:?]
	at net.minecraft.util.GsonHelper.m_13808_(GsonHelper.java:463) ~[server-1.20.1-20230612.114412-srg.jar%23203!/:?]
	at net.minecraft.util.GsonHelper.m_13836_(GsonHelper.java:471) ~[server-1.20.1-20230612.114412-srg.jar%23203!/:?]
	at net.minecraft.world.level.storage.loot.LootPool$Serializer.deserialize(LootPool.java:192) ~[server-1.20.1-20230612.114412-srg.jar%23203!/:?]
	at net.minecraft.world.level.storage.loot.LootPool$Serializer.deserialize(LootPool.java:189) ~[server-1.20.1-20230612.114412-srg.jar%23203!/:?]
	at com.google.gson.internal.bind.TreeTypeAdapter.read(TreeTypeAdapter.java:76) ~[gson-2.10.jar%2372!/:?]
	at com.google.gson.internal.bind.TypeAdapterRuntimeTypeWrapper.read(TypeAdapterRuntimeTypeWrapper.java:40) ~[gson-2.10.jar%2372!/:?]
	at com.google.gson.internal.bind.ArrayTypeAdapter.read(ArrayTypeAdapter.java:72) ~[gson-2.10.jar%2372!/:?]
	at com.google.gson.Gson.fromJson(Gson.java:1214) ~[gson-2.10.jar%2372!/:?]
	at com.google.gson.Gson.fromJson(Gson.java:1319) ~[gson-2.10.jar%2372!/:?]
	at com.google.gson.Gson.fromJson(Gson.java:1290) ~[gson-2.10.jar%2372!/:?]
	at com.google.gson.internal.bind.TreeTypeAdapter$GsonContextImpl.deserialize(TreeTypeAdapter.java:179) ~[gson-2.10.jar%2372!/:?]
	at net.minecraft.util.GsonHelper.m_13808_(GsonHelper.java:463) ~[server-1.20.1-20230612.114412-srg.jar%23203!/:?]
	at net.minecraft.util.GsonHelper.m_13845_(GsonHelper.java:481) ~[server-1.20.1-20230612.114412-srg.jar%23203!/:?]
	at net.minecraft.world.level.storage.loot.LootTable$Serializer.deserialize(LootTable.java:294) ~[server-1.20.1-20230612.114412-srg.jar%23203!/:?]
	at net.minecraft.world.level.storage.loot.LootTable$Serializer.deserialize(LootTable.java:291) ~[server-1.20.1-20230612.114412-srg.jar%23203!/:?]
	at com.google.gson.internal.bind.TreeTypeAdapter.read(TreeTypeAdapter.java:76) ~[gson-2.10.jar%2372!/:?]
	at com.google.gson.Gson.fromJson(Gson.java:1214) ~[gson-2.10.jar%2372!/:?]
	at com.google.gson.Gson.fromJson(Gson.java:1319) ~[gson-2.10.jar%2372!/:?]
	at com.google.gson.Gson.fromJson(Gson.java:1261) ~[gson-2.10.jar%2372!/:?]
	at net.minecraftforge.common.ForgeHooks.loadLootTable(ForgeHooks.java:872) ~[forge-1.20.1-47.4.10-universal.jar%23208!/:?]
	at net.minecraftforge.common.ForgeHooks.lambda$getLootTableDeserializer$3(ForgeHooks.java:849) ~[forge-1.20.1-47.4.10-universal.jar%23208!/:?]
	at net.minecraft.world.level.storage.loot.LootDataType.deserialize(LootDataType.java:45) ~[server-1.20.1-20230612.114412-srg.jar%23203!/:?]
	at net.minecraft.world.level.storage.loot.LootDataManager.lambda$scheduleElementParse$4(LootDataManager.java:56) ~[server-1.20.1-20230612.114412-srg.jar%23203!/:?]
	at net.minecraft.world.level.storage.loot.LootDataManager.md8fbb72$lambda$cobblemon$supportICondition$0$0(LootDataManager.java:544) ~[server-1.20.1-20230612.114412-srg.jar%23203!/:?]
	at java.util.HashMap.forEach(HashMap.java:1421) ~[?:?]
	at net.minecraft.world.level.storage.loot.LootDataManager.redirect$zda000$cobblemon$supportICondition(LootDataManager.java:534) ~[server-1.20.1-20230612.114412-srg.jar%23203!/:?]
	at net.minecraft.world.level.storage.loot.LootDataManager.m_278660_(LootDataManager.java:55) ~[server-1.20.1-20230612.114412-srg.jar%23203!/:?]
	at java.util.concurrent.CompletableFuture$AsyncRun.run(CompletableFuture.java:1804) ~[?:?]
	at java.util.concurrent.CompletableFuture$AsyncRun.exec(CompletableFuture.java:1796) ~[?:?]
	at java.util.concurrent.ForkJoinTask.doExec(ForkJoinTask.java:373) ~[?:?]
	at java.util.concurrent.ForkJoinPool$WorkQueue.topLevelExec(ForkJoinPool.java:1182) ~[?:?]
	at java.util.concurrent.ForkJoinPool.scan(ForkJoinPool.java:1655) ~[?:?]
	at java.util.concurrent.ForkJoinPool.runWorker(ForkJoinPool.java:1622) ~[?:?]
	at java.util.concurrent.ForkJoinWorkerThread.run(ForkJoinWorkerThread.java:165) ~[?:?]
[16Feb2026 16:57:56.360] [Worker-Main-2/DEBUG] [com.cobblemon.mod.common.Cobblemon/]: LootInjector: Injected cobblemon:injection/chests/shipwreck_supply to minecraft:chests/shipwreck_supply
[16Feb2026 16:57:56.366] [Worker-Main-2/ERROR] [net.minecraftforge.common.ForgeHooks/]: Couldn't parse element loot_tables:adorn:blocks/cobblemon/apricorn_kitchen_cupboard
com.google.gson.JsonSyntaxException: Expected name to be an item, was unknown string 'adorn:cobblemon/apricorn_kitchen_cupboard'
	at net.minecraft.util.GsonHelper.m_13866_(GsonHelper.java:145) ~[server-1.20.1-20230612.114412-srg.jar%23203!/:?]
	at java.util.Optional.orElseThrow(Optional.java:403) ~[?:?]
	at net.minecraft.util.GsonHelper.m_13874_(GsonHelper.java:145) ~[server-1.20.1-20230612.114412-srg.jar%23203!/:?]
	at net.minecraft.util.GsonHelper.m_13909_(GsonHelper.java:153) ~[server-1.20.1-20230612.114412-srg.jar%23203!/:?]
	at net.minecraft.world.level.storage.loot.entries.LootItem$Serializer.m_7267_(LootItem.java:55) ~[server-1.20.1-20230612.114412-srg.jar%23203!/:?]
	at net.minecraft.world.level.storage.loot.entries.LootItem$Serializer.m_7267_(LootItem.java:40) ~[server-1.20.1-20230612.114412-srg.jar%23203!/:?]
	at net.minecraft.world.level.storage.loot.entries.LootPoolSingletonContainer$Serializer.m_5921_(LootPoolSingletonContainer.java:151) ~[server-1.20.1-20230612.114412-srg.jar%23203!/:?]
	at net.minecraft.world.level.storage.loot.entries.LootPoolSingletonContainer$Serializer.m_5921_(LootPoolSingletonContainer.java:129) ~[server-1.20.1-20230612.114412-srg.jar%23203!/:?]
	at net.minecraft.world.level.storage.loot.entries.LootPoolEntryContainer$Serializer.m_7561_(LootPoolEntryContainer.java:86) ~[server-1.20.1-20230612.114412-srg.jar%23203!/:?]
	at net.minecraft.world.level.storage.loot.entries.LootPoolEntryContainer$Serializer.m_7561_(LootPoolEntryContainer.java:74) ~[server-1.20.1-20230612.114412-srg.jar%23203!/:?]
	at net.minecraft.world.level.storage.loot.GsonAdapterFactory$JsonAdapter.deserialize(GsonAdapterFactory.java:102) ~[server-1.20.1-20230612.114412-srg.jar%23203!/:?]
	at com.google.gson.internal.bind.TreeTypeAdapter.read(TreeTypeAdapter.java:76) ~[gson-2.10.jar%2372!/:?]
	at com.google.gson.internal.bind.TypeAdapterRuntimeTypeWrapper.read(TypeAdapterRuntimeTypeWrapper.java:40) ~[gson-2.10.jar%2372!/:?]
	at com.google.gson.internal.bind.ArrayTypeAdapter.read(ArrayTypeAdapter.java:72) ~[gson-2.10.jar%2372!/:?]
	at com.google.gson.Gson.fromJson(Gson.java:1214) ~[gson-2.10.jar%2372!/:?]
	at com.google.gson.Gson.fromJson(Gson.java:1319) ~[gson-2.10.jar%2372!/:?]
	at com.google.gson.Gson.fromJson(Gson.java:1290) ~[gson-2.10.jar%2372!/:?]
	at com.google.gson.internal.bind.TreeTypeAdapter$GsonContextImpl.deserialize(TreeTypeAdapter.java:179) ~[gson-2.10.jar%2372!/:?]
	at net.minecraft.util.GsonHelper.m_13808_(GsonHelper.java:463) ~[server-1.20.1-20230612.114412-srg.jar%23203!/:?]
	at net.minecraft.util.GsonHelper.m_13836_(GsonHelper.java:471) ~[server-1.20.1-20230612.114412-srg.jar%23203!/:?]
	at net.minecraft.world.level.storage.loot.LootPool$Serializer.deserialize(LootPool.java:192) ~[server-1.20.1-20230612.114412-srg.jar%23203!/:?]
	at net.minecraft.world.level.storage.loot.LootPool$Serializer.deserialize(LootPool.java:189) ~[server-1.20.1-20230612.114412-srg.jar%23203!/:?]
	at com.google.gson.internal.bind.TreeTypeAdapter.read(TreeTypeAdapter.java:76) ~[gson-2.10.jar%2372!/:?]
	at com.google.gson.internal.bind.TypeAdapterRuntimeTypeWrapper.read(TypeAdapterRuntimeTypeWrapper.java:40) ~[gson-2.10.jar%2372!/:?]
	at com.google.gson.internal.bind.ArrayTypeAdapter.read(ArrayTypeAdapter.java:72) ~[gson-2.10.jar%2372!/:?]
	at com.google.gson.Gson.fromJson(Gson.java:1214) ~[gson-2.10.jar%2372!/:?]
	at com.google.gson.Gson.fromJson(Gson.java:1319) ~[gson-2.10.jar%2372!/:?]
	at com.google.gson.Gson.fromJson(Gson.java:1290) ~[gson-2.10.jar%2372!/:?]
	at com.google.gson.internal.bind.TreeTypeAdapter$GsonContextImpl.deserialize(TreeTypeAdapter.java:179) ~[gson-2.10.jar%2372!/:?]
	at net.minecraft.util.GsonHelper.m_13808_(GsonHelper.java:463) ~[server-1.20.1-20230612.114412-srg.jar%23203!/:?]
	at net.minecraft.util.GsonHelper.m_13845_(GsonHelper.java:481) ~[server-1.20.1-20230612.114412-srg.jar%23203!/:?]
	at net.minecraft.world.level.storage.loot.LootTable$Serializer.deserialize(LootTable.java:294) ~[server-1.20.1-20230612.114412-srg.jar%23203!/:?]
	at net.minecraft.world.level.storage.loot.LootTable$Serializer.deserialize(LootTable.java:291) ~[server-1.20.1-20230612.114412-srg.jar%23203!/:?]
	at com.google.gson.internal.bind.TreeTypeAdapter.read(TreeTypeAdapter.java:76) ~[gson-2.10.jar%2372!/:?]
	at com.google.gson.Gson.fromJson(Gson.java:1214) ~[gson-2.10.jar%2372!/:?]
	at com.google.gson.Gson.fromJson(Gson.java:1319) ~[gson-2.10.jar%2372!/:?]
	at com.google.gson.Gson.fromJson(Gson.java:1261) ~[gson-2.10.jar%2372!/:?]
	at net.minecraftforge.common.ForgeHooks.loadLootTable(ForgeHooks.java:872) ~[forge-1.20.1-47.4.10-universal.jar%23208!/:?]
	at net.minecraftforge.common.ForgeHooks.lambda$getLootTableDeserializer$3(ForgeHooks.java:849) ~[forge-1.20.1-47.4.10-universal.jar%23208!/:?]
	at net.minecraft.world.level.storage.loot.LootDataType.deserialize(LootDataType.java:45) ~[server-1.20.1-20230612.114412-srg.jar%23203!/:?]
	at net.minecraft.world.level.storage.loot.LootDataManager.lambda$scheduleElementParse$4(LootDataManager.java:56) ~[server-1.20.1-20230612.114412-srg.jar%23203!/:?]
	at net.minecraft.world.level.storage.loot.LootDataManager.md8fbb72$lambda$cobblemon$supportICondition$0$0(LootDataManager.java:544) ~[server-1.20.1-20230612.114412-srg.jar%23203!/:?]
	at java.util.HashMap.forEach(HashMap.java:1421) ~[?:?]
	at net.minecraft.world.level.storage.loot.LootDataManager.redirect$zda000$cobblemon$supportICondition(LootDataManager.java:534) ~[server-1.20.1-20230612.114412-srg.jar%23203!/:?]
	at net.minecraft.world.level.storage.loot.LootDataManager.m_278660_(LootDataManager.java:55) ~[server-1.20.1-20230612.114412-srg.jar%23203!/:?]
	at java.util.concurrent.CompletableFuture$AsyncRun.run(CompletableFuture.java:1804) ~[?:?]
	at java.util.concurrent.CompletableFuture$AsyncRun.exec(CompletableFuture.java:1796) ~[?:?]
	at java.util.concurrent.ForkJoinTask.doExec(ForkJoinTask.java:373) ~[?:?]
	at java.util.concurrent.ForkJoinPool$WorkQueue.topLevelExec(ForkJoinPool.java:1182) ~[?:?]
	at java.util.concurrent.ForkJoinPool.scan(ForkJoinPool.java:1655) ~[?:?]
	at java.util.concurrent.ForkJoinPool.runWorker(ForkJoinPool.java:1622) ~[?:?]
	at java.util.concurrent.ForkJoinWorkerThread.run(ForkJoinWorkerThread.java:165) ~[?:?]
[16Feb2026 16:57:56.380] [Worker-Main-2/DEBUG] [com.cobblemon.mod.common.Cobblemon/]: LootInjector: Injected cobblemon:injection/chests/village_house to minecraft:chests/village/village_snowy_house
[16Feb2026 16:57:56.407] [Worker-Main-2/DEBUG] [com.cobblemon.mod.common.Cobblemon/]: LootInjector: Injected cobblemon:injection/chests/abandoned_mineshaft to minecraft:chests/abandoned_mineshaft
[16Feb2026 16:57:56.420] [Worker-Main-2/DEBUG] [com.cobblemon.mod.common.Cobblemon/]: LootInjector: Injected cobblemon:injection/chests/stronghold_corridor to minecraft:chests/stronghold_corridor
[16Feb2026 16:57:56.438] [Worker-Main-2/ERROR] [net.minecraftforge.common.ForgeHooks/]: Couldn't parse element loot_tables:adorn:blocks/cobblemon/apricorn_kitchen_sink
com.google.gson.JsonSyntaxException: Expected name to be an item, was unknown string 'adorn:cobblemon/apricorn_kitchen_sink'
	at net.minecraft.util.GsonHelper.m_13866_(GsonHelper.java:145) ~[server-1.20.1-20230612.114412-srg.jar%23203!/:?]
	at java.util.Optional.orElseThrow(Optional.java:403) ~[?:?]
	at net.minecraft.util.GsonHelper.m_13874_(GsonHelper.java:145) ~[server-1.20.1-20230612.114412-srg.jar%23203!/:?]
	at net.minecraft.util.GsonHelper.m_13909_(GsonHelper.java:153) ~[server-1.20.1-20230612.114412-srg.jar%23203!/:?]
	at net.minecraft.world.level.storage.loot.entries.LootItem$Serializer.m_7267_(LootItem.java:55) ~[server-1.20.1-20230612.114412-srg.jar%23203!/:?]
	at net.minecraft.world.level.storage.loot.entries.LootItem$Serializer.m_7267_(LootItem.java:40) ~[server-1.20.1-20230612.114412-srg.jar%23203!/:?]
	at net.minecraft.world.level.storage.loot.entries.LootPoolSingletonContainer$Serializer.m_5921_(LootPoolSingletonContainer.java:151) ~[server-1.20.1-20230612.114412-srg.jar%23203!/:?]
	at net.minecraft.world.level.storage.loot.entries.LootPoolSingletonContainer$Serializer.m_5921_(LootPoolSingletonContainer.java:129) ~[server-1.20.1-20230612.114412-srg.jar%23203!/:?]
	at net.minecraft.world.level.storage.loot.entries.LootPoolEntryContainer$Serializer.m_7561_(LootPoolEntryContainer.java:86) ~[server-1.20.1-20230612.114412-srg.jar%23203!/:?]
	at net.minecraft.world.level.storage.loot.entries.LootPoolEntryContainer$Serializer.m_7561_(LootPoolEntryContainer.java:74) ~[server-1.20.1-20230612.114412-srg.jar%23203!/:?]
	at net.minecraft.world.level.storage.loot.GsonAdapterFactory$JsonAdapter.deserialize(GsonAdapterFactory.java:102) ~[server-1.20.1-20230612.114412-srg.jar%23203!/:?]
	at com.google.gson.internal.bind.TreeTypeAdapter.read(TreeTypeAdapter.java:76) ~[gson-2.10.jar%2372!/:?]
	at com.google.gson.internal.bind.TypeAdapterRuntimeTypeWrapper.read(TypeAdapterRuntimeTypeWrapper.java:40) ~[gson-2.10.jar%2372!/:?]
	at com.google.gson.internal.bind.ArrayTypeAdapter.read(ArrayTypeAdapter.java:72) ~[gson-2.10.jar%2372!/:?]
	at com.google.gson.Gson.fromJson(Gson.java:1214) ~[gson-2.10.jar%2372!/:?]
	at com.google.gson.Gson.fromJson(Gson.java:1319) ~[gson-2.10.jar%2372!/:?]
	at com.google.gson.Gson.fromJson(Gson.java:1290) ~[gson-2.10.jar%2372!/:?]
	at com.google.gson.internal.bind.TreeTypeAdapter$GsonContextImpl.deserialize(TreeTypeAdapter.java:179) ~[gson-2.10.jar%2372!/:?]
	at net.minecraft.util.GsonHelper.m_13808_(GsonHelper.java:463) ~[server-1.20.1-20230612.114412-srg.jar%23203!/:?]
	at net.minecraft.util.GsonHelper.m_13836_(GsonHelper.java:471) ~[server-1.20.1-20230612.114412-srg.jar%23203!/:?]
	at net.minecraft.world.level.storage.loot.LootPool$Serializer.deserialize(LootPool.java:192) ~[server-1.20.1-20230612.114412-srg.jar%23203!/:?]
	at net.minecraft.world.level.storage.loot.LootPool$Serializer.deserialize(LootPool.java:189) ~[server-1.20.1-20230612.114412-srg.jar%23203!/:?]
	at com.google.gson.internal.bind.TreeTypeAdapter.read(TreeTypeAdapter.java:76) ~[gson-2.10.jar%2372!/:?]
	at com.google.gson.internal.bind.TypeAdapterRuntimeTypeWrapper.read(TypeAdapterRuntimeTypeWrapper.java:40) ~[gson-2.10.jar%2372!/:?]
	at com.google.gson.internal.bind.ArrayTypeAdapter.read(ArrayTypeAdapter.java:72) ~[gson-2.10.jar%2372!/:?]
	at com.google.gson.Gson.fromJson(Gson.java:1214) ~[gson-2.10.jar%2372!/:?]
	at com.google.gson.Gson.fromJson(Gson.java:1319) ~[gson-2.10.jar%2372!/:?]
	at com.google.gson.Gson.fromJson(Gson.java:1290) ~[gson-2.10.jar%2372!/:?]
	at com.google.gson.internal.bind.TreeTypeAdapter$GsonContextImpl.deserialize(TreeTypeAdapter.java:179) ~[gson-2.10.jar%2372!/:?]
	at net.minecraft.util.GsonHelper.m_13808_(GsonHelper.java:463) ~[server-1.20.1-20230612.114412-srg.jar%23203!/:?]
	at net.minecraft.util.GsonHelper.m_13845_(GsonHelper.java:481) ~[server-1.20.1-20230612.114412-srg.jar%23203!/:?]
	at net.minecraft.world.level.storage.loot.LootTable$Serializer.deserialize(LootTable.java:294) ~[server-1.20.1-20230612.114412-srg.jar%23203!/:?]
	at net.minecraft.world.level.storage.loot.LootTable$Serializer.deserialize(LootTable.java:291) ~[server-1.20.1-20230612.114412-srg.jar%23203!/:?]
	at com.google.gson.internal.bind.TreeTypeAdapter.read(TreeTypeAdapter.java:76) ~[gson-2.10.jar%2372!/:?]
	at com.google.gson.Gson.fromJson(Gson.java:1214) ~[gson-2.10.jar%2372!/:?]
	at com.google.gson.Gson.fromJson(Gson.java:1319) ~[gson-2.10.jar%2372!/:?]
	at com.google.gson.Gson.fromJson(Gson.java:1261) ~[gson-2.10.jar%2372!/:?]
	at net.minecraftforge.common.ForgeHooks.loadLootTable(ForgeHooks.java:872) ~[forge-1.20.1-47.4.10-universal.jar%23208!/:?]
	at net.minecraftforge.common.ForgeHooks.lambda$getLootTableDeserializer$3(ForgeHooks.java:849) ~[forge-1.20.1-47.4.10-universal.jar%23208!/:?]
	at net.minecraft.world.level.storage.loot.LootDataType.deserialize(LootDataType.java:45) ~[server-1.20.1-20230612.114412-srg.jar%23203!/:?]
	at net.minecraft.world.level.storage.loot.LootDataManager.lambda$scheduleElementParse$4(LootDataManager.java:56) ~[server-1.20.1-20230612.114412-srg.jar%23203!/:?]
	at net.minecraft.world.level.storage.loot.LootDataManager.md8fbb72$lambda$cobblemon$supportICondition$0$0(LootDataManager.java:544) ~[server-1.20.1-20230612.114412-srg.jar%23203!/:?]
	at java.util.HashMap.forEach(HashMap.java:1421) ~[?:?]
	at net.minecraft.world.level.storage.loot.LootDataManager.redirect$zda000$cobblemon$supportICondition(LootDataManager.java:534) ~[server-1.20.1-20230612.114412-srg.jar%23203!/:?]
	at net.minecraft.world.level.storage.loot.LootDataManager.m_278660_(LootDataManager.java:55) ~[server-1.20.1-20230612.114412-srg.jar%23203!/:?]
	at java.util.concurrent.CompletableFuture$AsyncRun.run(CompletableFuture.java:1804) ~[?:?]
	at java.util.concurrent.CompletableFuture$AsyncRun.exec(CompletableFuture.java:1796) ~[?:?]
	at java.util.concurrent.ForkJoinTask.doExec(ForkJoinTask.java:373) ~[?:?]
	at java.util.concurrent.ForkJoinPool$WorkQueue.topLevelExec(ForkJoinPool.java:1182) ~[?:?]
	at java.util.concurrent.ForkJoinPool.scan(ForkJoinPool.java:1655) ~[?:?]
	at java.util.concurrent.ForkJoinPool.runWorker(ForkJoinPool.java:1622) ~[?:?]
	at java.util.concurrent.ForkJoinWorkerThread.run(ForkJoinWorkerThread.java:165) ~[?:?]
[16Feb2026 16:57:56.450] [Worker-Main-2/DEBUG] [com.cobblemon.mod.common.Cobblemon/]: LootInjector: Injected cobblemon:injection/chests/spawn_bonus_chest to minecraft:chests/spawn_bonus_chest
[16Feb2026 16:57:56.454] [Worker-Main-2/DEBUG] [com.cobblemon.mod.common.Cobblemon/]: LootInjector: Injected cobblemon:injection/chests/village_house to minecraft:chests/village/village_plains_house
[16Feb2026 16:57:56.500] [Worker-Main-2/DEBUG] [com.cobblemon.mod.common.Cobblemon/]: LootInjector: Injected cobblemon:injection/chests/bastion_bridge to minecraft:chests/bastion_bridge
[16Feb2026 16:57:56.500] [Worker-Main-2/ERROR] [net.minecraftforge.common.ForgeHooks/]: Couldn't parse element loot_tables:adorn:blocks/cobblemon/apricorn_step
com.google.gson.JsonSyntaxException: Expected name to be an item, was unknown string 'adorn:cobblemon/apricorn_step'
	at net.minecraft.util.GsonHelper.m_13866_(GsonHelper.java:145) ~[server-1.20.1-20230612.114412-srg.jar%23203!/:?]
	at java.util.Optional.orElseThrow(Optional.java:403) ~[?:?]
	at net.minecraft.util.GsonHelper.m_13874_(GsonHelper.java:145) ~[server-1.20.1-20230612.114412-srg.jar%23203!/:?]
	at net.minecraft.util.GsonHelper.m_13909_(GsonHelper.java:153) ~[server-1.20.1-20230612.114412-srg.jar%23203!/:?]
	at net.minecraft.world.level.storage.loot.entries.LootItem$Serializer.m_7267_(LootItem.java:55) ~[server-1.20.1-20230612.114412-srg.jar%23203!/:?]
	at net.minecraft.world.level.storage.loot.entries.LootItem$Serializer.m_7267_(LootItem.java:40) ~[server-1.20.1-20230612.114412-srg.jar%23203!/:?]
	at net.minecraft.world.level.storage.loot.entries.LootPoolSingletonContainer$Serializer.m_5921_(LootPoolSingletonContainer.java:151) ~[server-1.20.1-20230612.114412-srg.jar%23203!/:?]
	at net.minecraft.world.level.storage.loot.entries.LootPoolSingletonContainer$Serializer.m_5921_(LootPoolSingletonContainer.java:129) ~[server-1.20.1-20230612.114412-srg.jar%23203!/:?]
	at net.minecraft.world.level.storage.loot.entries.LootPoolEntryContainer$Serializer.m_7561_(LootPoolEntryContainer.java:86) ~[server-1.20.1-20230612.114412-srg.jar%23203!/:?]
	at net.minecraft.world.level.storage.loot.entries.LootPoolEntryContainer$Serializer.m_7561_(LootPoolEntryContainer.java:74) ~[server-1.20.1-20230612.114412-srg.jar%23203!/:?]
	at net.minecraft.world.level.storage.loot.GsonAdapterFactory$JsonAdapter.deserialize(GsonAdapterFactory.java:102) ~[server-1.20.1-20230612.114412-srg.jar%23203!/:?]
	at com.google.gson.internal.bind.TreeTypeAdapter.read(TreeTypeAdapter.java:76) ~[gson-2.10.jar%2372!/:?]
	at com.google.gson.internal.bind.TypeAdapterRuntimeTypeWrapper.read(TypeAdapterRuntimeTypeWrapper.java:40) ~[gson-2.10.jar%2372!/:?]
	at com.google.gson.internal.bind.ArrayTypeAdapter.read(ArrayTypeAdapter.java:72) ~[gson-2.10.jar%2372!/:?]
	at com.google.gson.Gson.fromJson(Gson.java:1214) ~[gson-2.10.jar%2372!/:?]
	at com.google.gson.Gson.fromJson(Gson.java:1319) ~[gson-2.10.jar%2372!/:?]
	at com.google.gson.Gson.fromJson(Gson.java:1290) ~[gson-2.10.jar%2372!/:?]
	at com.google.gson.internal.bind.TreeTypeAdapter$GsonContextImpl.deserialize(TreeTypeAdapter.java:179) ~[gson-2.10.jar%2372!/:?]
	at net.minecraft.util.GsonHelper.m_13808_(GsonHelper.java:463) ~[server-1.20.1-20230612.114412-srg.jar%23203!/:?]
	at net.minecraft.util.GsonHelper.m_13836_(GsonHelper.java:471) ~[server-1.20.1-20230612.114412-srg.jar%23203!/:?]
	at net.minecraft.world.level.storage.loot.LootPool$Serializer.deserialize(LootPool.java:192) ~[server-1.20.1-20230612.114412-srg.jar%23203!/:?]
	at net.minecraft.world.level.storage.loot.LootPool$Serializer.deserialize(LootPool.java:189) ~[server-1.20.1-20230612.114412-srg.jar%23203!/:?]
	at com.google.gson.internal.bind.TreeTypeAdapter.read(TreeTypeAdapter.java:76) ~[gson-2.10.jar%2372!/:?]
	at com.google.gson.internal.bind.TypeAdapterRuntimeTypeWrapper.read(TypeAdapterRuntimeTypeWrapper.java:40) ~[gson-2.10.jar%2372!/:?]
	at com.google.gson.internal.bind.ArrayTypeAdapter.read(ArrayTypeAdapter.java:72) ~[gson-2.10.jar%2372!/:?]
	at com.google.gson.Gson.fromJson(Gson.java:1214) ~[gson-2.10.jar%2372!/:?]
	at com.google.gson.Gson.fromJson(Gson.java:1319) ~[gson-2.10.jar%2372!/:?]
	at com.google.gson.Gson.fromJson(Gson.java:1290) ~[gson-2.10.jar%2372!/:?]
	at com.google.gson.internal.bind.TreeTypeAdapter$GsonContextImpl.deserialize(TreeTypeAdapter.java:179) ~[gson-2.10.jar%2372!/:?]
	at net.minecraft.util.GsonHelper.m_13808_(GsonHelper.java:463) ~[server-1.20.1-20230612.114412-srg.jar%23203!/:?]
	at net.minecraft.util.GsonHelper.m_13845_(GsonHelper.java:481) ~[server-1.20.1-20230612.114412-srg.jar%23203!/:?]
	at net.minecraft.world.level.storage.loot.LootTable$Serializer.deserialize(LootTable.java:294) ~[server-1.20.1-20230612.114412-srg.jar%23203!/:?]
	at net.minecraft.world.level.storage.loot.LootTable$Serializer.deserialize(LootTable.java:291) ~[server-1.20.1-20230612.114412-srg.jar%23203!/:?]
	at com.google.gson.internal.bind.TreeTypeAdapter.read(TreeTypeAdapter.java:76) ~[gson-2.10.jar%2372!/:?]
	at com.google.gson.Gson.fromJson(Gson.java:1214) ~[gson-2.10.jar%2372!/:?]
	at com.google.gson.Gson.fromJson(Gson.java:1319) ~[gson-2.10.jar%2372!/:?]
	at com.google.gson.Gson.fromJson(Gson.java:1261) ~[gson-2.10.jar%2372!/:?]
	at net.minecraftforge.common.ForgeHooks.loadLootTable(ForgeHooks.java:872) ~[forge-1.20.1-47.4.10-universal.jar%23208!/:?]
	at net.minecraftforge.common.ForgeHooks.lambda$getLootTableDeserializer$3(ForgeHooks.java:849) ~[forge-1.20.1-47.4.10-universal.jar%23208!/:?]
	at net.minecraft.world.level.storage.loot.LootDataType.deserialize(LootDataType.java:45) ~[server-1.20.1-20230612.114412-srg.jar%23203!/:?]
	at net.minecraft.world.level.storage.loot.LootDataManager.lambda$scheduleElementParse$4(LootDataManager.java:56) ~[server-1.20.1-20230612.114412-srg.jar%23203!/:?]
	at net.minecraft.world.level.storage.loot.LootDataManager.md8fbb72$lambda$cobblemon$supportICondition$0$0(LootDataManager.java:544) ~[server-1.20.1-20230612.114412-srg.jar%23203!/:?]
	at java.util.HashMap.forEach(HashMap.java:1421) ~[?:?]
	at net.minecraft.world.level.storage.loot.LootDataManager.redirect$zda000$cobblemon$supportICondition(LootDataManager.java:534) ~[server-1.20.1-20230612.114412-srg.jar%23203!/:?]
	at net.minecraft.world.level.storage.loot.LootDataManager.m_278660_(LootDataManager.java:55) ~[server-1.20.1-20230612.114412-srg.jar%23203!/:?]
	at java.util.concurrent.CompletableFuture$AsyncRun.run(CompletableFuture.java:1804) ~[?:?]
	at java.util.concurrent.CompletableFuture$AsyncRun.exec(CompletableFuture.java:1796) ~[?:?]
	at java.util.concurrent.ForkJoinTask.doExec(ForkJoinTask.java:373) ~[?:?]
	at java.util.concurrent.ForkJoinPool$WorkQueue.topLevelExec(ForkJoinPool.java:1182) ~[?:?]
	at java.util.concurrent.ForkJoinPool.scan(ForkJoinPool.java:1655) ~[?:?]
	at java.util.concurrent.ForkJoinPool.runWorker(ForkJoinPool.java:1622) ~[?:?]
	at java.util.concurrent.ForkJoinWorkerThread.run(ForkJoinWorkerThread.java:165) ~[?:?]
[16Feb2026 16:57:56.517] [Worker-Main-2/DEBUG] [com.cobblemon.mod.common.Cobblemon/]: LootInjector: Injected cobblemon:injection/chests/pillager_outpost to minecraft:chests/pillager_outpost
[16Feb2026 16:57:56.521] [Worker-Main-2/ERROR] [net.minecraftforge.common.ForgeHooks/]: Couldn't parse element loot_tables:adorn:blocks/cobblemon/apricorn_platform
com.google.gson.JsonSyntaxException: Expected name to be an item, was unknown string 'adorn:cobblemon/apricorn_platform'
	at net.minecraft.util.GsonHelper.m_13866_(GsonHelper.java:145) ~[server-1.20.1-20230612.114412-srg.jar%23203!/:?]
	at java.util.Optional.orElseThrow(Optional.java:403) ~[?:?]
	at net.minecraft.util.GsonHelper.m_13874_(GsonHelper.java:145) ~[server-1.20.1-20230612.114412-srg.jar%23203!/:?]
	at net.minecraft.util.GsonHelper.m_13909_(GsonHelper.java:153) ~[server-1.20.1-20230612.114412-srg.jar%23203!/:?]
	at net.minecraft.world.level.storage.loot.entries.LootItem$Serializer.m_7267_(LootItem.java:55) ~[server-1.20.1-20230612.114412-srg.jar%23203!/:?]
	at net.minecraft.world.level.storage.loot.entries.LootItem$Serializer.m_7267_(LootItem.java:40) ~[server-1.20.1-20230612.114412-srg.jar%23203!/:?]
	at net.minecraft.world.level.storage.loot.entries.LootPoolSingletonContainer$Serializer.m_5921_(LootPoolSingletonContainer.java:151) ~[server-1.20.1-20230612.114412-srg.jar%23203!/:?]
	at net.minecraft.world.level.storage.loot.entries.LootPoolSingletonContainer$Serializer.m_5921_(LootPoolSingletonContainer.java:129) ~[server-1.20.1-20230612.114412-srg.jar%23203!/:?]
	at net.minecraft.world.level.storage.loot.entries.LootPoolEntryContainer$Serializer.m_7561_(LootPoolEntryContainer.java:86) ~[server-1.20.1-20230612.114412-srg.jar%23203!/:?]
	at net.minecraft.world.level.storage.loot.entries.LootPoolEntryContainer$Serializer.m_7561_(LootPoolEntryContainer.java:74) ~[server-1.20.1-20230612.114412-srg.jar%23203!/:?]
	at net.minecraft.world.level.storage.loot.GsonAdapterFactory$JsonAdapter.deserialize(GsonAdapterFactory.java:102) ~[server-1.20.1-20230612.114412-srg.jar%23203!/:?]
	at com.google.gson.internal.bind.TreeTypeAdapter.read(TreeTypeAdapter.java:76) ~[gson-2.10.jar%2372!/:?]
	at com.google.gson.internal.bind.TypeAdapterRuntimeTypeWrapper.read(TypeAdapterRuntimeTypeWrapper.java:40) ~[gson-2.10.jar%2372!/:?]
	at com.google.gson.internal.bind.ArrayTypeAdapter.read(ArrayTypeAdapter.java:72) ~[gson-2.10.jar%2372!/:?]
	at com.google.gson.Gson.fromJson(Gson.java:1214) ~[gson-2.10.jar%2372!/:?]
	at com.google.gson.Gson.fromJson(Gson.java:1319) ~[gson-2.10.jar%2372!/:?]
	at com.google.gson.Gson.fromJson(Gson.java:1290) ~[gson-2.10.jar%2372!/:?]
	at com.google.gson.internal.bind.TreeTypeAdapter$GsonContextImpl.deserialize(TreeTypeAdapter.java:179) ~[gson-2.10.jar%2372!/:?]
	at net.minecraft.util.GsonHelper.m_13808_(GsonHelper.java:463) ~[server-1.20.1-20230612.114412-srg.jar%23203!/:?]
	at net.minecraft.util.GsonHelper.m_13836_(GsonHelper.java:471) ~[server-1.20.1-20230612.114412-srg.jar%23203!/:?]
	at net.minecraft.world.level.storage.loot.LootPool$Serializer.deserialize(LootPool.java:192) ~[server-1.20.1-20230612.114412-srg.jar%23203!/:?]
	at net.minecraft.world.level.storage.loot.LootPool$Serializer.deserialize(LootPool.java:189) ~[server-1.20.1-20230612.114412-srg.jar%23203!/:?]
	at com.google.gson.internal.bind.TreeTypeAdapter.read(TreeTypeAdapter.java:76) ~[gson-2.10.jar%2372!/:?]
	at com.google.gson.internal.bind.TypeAdapterRuntimeTypeWrapper.read(TypeAdapterRuntimeTypeWrapper.java:40) ~[gson-2.10.jar%2372!/:?]
	at com.google.gson.internal.bind.ArrayTypeAdapter.read(ArrayTypeAdapter.java:72) ~[gson-2.10.jar%2372!/:?]
	at com.google.gson.Gson.fromJson(Gson.java:1214) ~[gson-2.10.jar%2372!/:?]
	at com.google.gson.Gson.fromJson(Gson.java:1319) ~[gson-2.10.jar%2372!/:?]
	at com.google.gson.Gson.fromJson(Gson.java:1290) ~[gson-2.10.jar%2372!/:?]
	at com.google.gson.internal.bind.TreeTypeAdapter$GsonContextImpl.deserialize(TreeTypeAdapter.java:179) ~[gson-2.10.jar%2372!/:?]
	at net.minecraft.util.GsonHelper.m_13808_(GsonHelper.java:463) ~[server-1.20.1-20230612.114412-srg.jar%23203!/:?]
	at net.minecraft.util.GsonHelper.m_13845_(GsonHelper.java:481) ~[server-1.20.1-20230612.114412-srg.jar%23203!/:?]
	at net.minecraft.world.level.storage.loot.LootTable$Serializer.deserialize(LootTable.java:294) ~[server-1.20.1-20230612.114412-srg.jar%23203!/:?]
	at net.minecraft.world.level.storage.loot.LootTable$Serializer.deserialize(LootTable.java:291) ~[server-1.20.1-20230612.114412-srg.jar%23203!/:?]
	at com.google.gson.internal.bind.TreeTypeAdapter.read(TreeTypeAdapter.java:76) ~[gson-2.10.jar%2372!/:?]
	at com.google.gson.Gson.fromJson(Gson.java:1214) ~[gson-2.10.jar%2372!/:?]
	at com.google.gson.Gson.fromJson(Gson.java:1319) ~[gson-2.10.jar%2372!/:?]
	at com.google.gson.Gson.fromJson(Gson.java:1261) ~[gson-2.10.jar%2372!/:?]
	at net.minecraftforge.common.ForgeHooks.loadLootTable(ForgeHooks.java:872) ~[forge-1.20.1-47.4.10-universal.jar%23208!/:?]
	at net.minecraftforge.common.ForgeHooks.lambda$getLootTableDeserializer$3(ForgeHooks.java:849) ~[forge-1.20.1-47.4.10-universal.jar%23208!/:?]
	at net.minecraft.world.level.storage.loot.LootDataType.deserialize(LootDataType.java:45) ~[server-1.20.1-20230612.114412-srg.jar%23203!/:?]
	at net.minecraft.world.level.storage.loot.LootDataManager.lambda$scheduleElementParse$4(LootDataManager.java:56) ~[server-1.20.1-20230612.114412-srg.jar%23203!/:?]
	at net.minecraft.world.level.storage.loot.LootDataManager.md8fbb72$lambda$cobblemon$supportICondition$0$0(LootDataManager.java:544) ~[server-1.20.1-20230612.114412-srg.jar%23203!/:?]
	at java.util.HashMap.forEach(HashMap.java:1421) ~[?:?]
	at net.minecraft.world.level.storage.loot.LootDataManager.redirect$zda000$cobblemon$supportICondition(LootDataManager.java:534) ~[server-1.20.1-20230612.114412-srg.jar%23203!/:?]
	at net.minecraft.world.level.storage.loot.LootDataManager.m_278660_(LootDataManager.java:55) ~[server-1.20.1-20230612.114412-srg.jar%23203!/:?]
	at java.util.concurrent.CompletableFuture$AsyncRun.run(CompletableFuture.java:1804) ~[?:?]
	at java.util.concurrent.CompletableFuture$AsyncRun.exec(CompletableFuture.java:1796) ~[?:?]
	at java.util.concurrent.ForkJoinTask.doExec(ForkJoinTask.java:373) ~[?:?]
	at java.util.concurrent.ForkJoinPool$WorkQueue.topLevelExec(ForkJoinPool.java:1182) ~[?:?]
	at java.util.concurrent.ForkJoinPool.scan(ForkJoinPool.java:1655) ~[?:?]
	at java.util.concurrent.ForkJoinPool.runWorker(ForkJoinPool.java:1622) ~[?:?]
	at java.util.concurrent.ForkJoinWorkerThread.run(ForkJoinWorkerThread.java:165) ~[?:?]
[16Feb2026 16:57:56.524] [Worker-Main-2/ERROR] [net.minecraftforge.common.ForgeHooks/]: Couldn't parse element loot_tables:adorn:blocks/cobblemon/apricorn_bench
com.google.gson.JsonSyntaxException: Expected name to be an item, was unknown string 'adorn:cobblemon/apricorn_bench'
	at net.minecraft.util.GsonHelper.m_13866_(GsonHelper.java:145) ~[server-1.20.1-20230612.114412-srg.jar%23203!/:?]
	at java.util.Optional.orElseThrow(Optional.java:403) ~[?:?]
	at net.minecraft.util.GsonHelper.m_13874_(GsonHelper.java:145) ~[server-1.20.1-20230612.114412-srg.jar%23203!/:?]
	at net.minecraft.util.GsonHelper.m_13909_(GsonHelper.java:153) ~[server-1.20.1-20230612.114412-srg.jar%23203!/:?]
	at net.minecraft.world.level.storage.loot.entries.LootItem$Serializer.m_7267_(LootItem.java:55) ~[server-1.20.1-20230612.114412-srg.jar%23203!/:?]
	at net.minecraft.world.level.storage.loot.entries.LootItem$Serializer.m_7267_(LootItem.java:40) ~[server-1.20.1-20230612.114412-srg.jar%23203!/:?]
	at net.minecraft.world.level.storage.loot.entries.LootPoolSingletonContainer$Serializer.m_5921_(LootPoolSingletonContainer.java:151) ~[server-1.20.1-20230612.114412-srg.jar%23203!/:?]
	at net.minecraft.world.level.storage.loot.entries.LootPoolSingletonContainer$Serializer.m_5921_(LootPoolSingletonContainer.java:129) ~[server-1.20.1-20230612.114412-srg.jar%23203!/:?]
	at net.minecraft.world.level.storage.loot.entries.LootPoolEntryContainer$Serializer.m_7561_(LootPoolEntryContainer.java:86) ~[server-1.20.1-20230612.114412-srg.jar%23203!/:?]
	at net.minecraft.world.level.storage.loot.entries.LootPoolEntryContainer$Serializer.m_7561_(LootPoolEntryContainer.java:74) ~[server-1.20.1-20230612.114412-srg.jar%23203!/:?]
	at net.minecraft.world.level.storage.loot.GsonAdapterFactory$JsonAdapter.deserialize(GsonAdapterFactory.java:102) ~[server-1.20.1-20230612.114412-srg.jar%23203!/:?]
	at com.google.gson.internal.bind.TreeTypeAdapter.read(TreeTypeAdapter.java:76) ~[gson-2.10.jar%2372!/:?]
	at com.google.gson.internal.bind.TypeAdapterRuntimeTypeWrapper.read(TypeAdapterRuntimeTypeWrapper.java:40) ~[gson-2.10.jar%2372!/:?]
	at com.google.gson.internal.bind.ArrayTypeAdapter.read(ArrayTypeAdapter.java:72) ~[gson-2.10.jar%2372!/:?]
	at com.google.gson.Gson.fromJson(Gson.java:1214) ~[gson-2.10.jar%2372!/:?]
	at com.google.gson.Gson.fromJson(Gson.java:1319) ~[gson-2.10.jar%2372!/:?]
	at com.google.gson.Gson.fromJson(Gson.java:1290) ~[gson-2.10.jar%2372!/:?]
	at com.google.gson.internal.bind.TreeTypeAdapter$GsonContextImpl.deserialize(TreeTypeAdapter.java:179) ~[gson-2.10.jar%2372!/:?]
	at net.minecraft.util.GsonHelper.m_13808_(GsonHelper.java:463) ~[server-1.20.1-20230612.114412-srg.jar%23203!/:?]
	at net.minecraft.util.GsonHelper.m_13836_(GsonHelper.java:471) ~[server-1.20.1-20230612.114412-srg.jar%23203!/:?]
	at net.minecraft.world.level.storage.loot.LootPool$Serializer.deserialize(LootPool.java:192) ~[server-1.20.1-20230612.114412-srg.jar%23203!/:?]
	at net.minecraft.world.level.storage.loot.LootPool$Serializer.deserialize(LootPool.java:189) ~[server-1.20.1-20230612.114412-srg.jar%23203!/:?]
	at com.google.gson.internal.bind.TreeTypeAdapter.read(TreeTypeAdapter.java:76) ~[gson-2.10.jar%2372!/:?]
	at com.google.gson.internal.bind.TypeAdapterRuntimeTypeWrapper.read(TypeAdapterRuntimeTypeWrapper.java:40) ~[gson-2.10.jar%2372!/:?]
	at com.google.gson.internal.bind.ArrayTypeAdapter.read(ArrayTypeAdapter.java:72) ~[gson-2.10.jar%2372!/:?]
	at com.google.gson.Gson.fromJson(Gson.java:1214) ~[gson-2.10.jar%2372!/:?]
	at com.google.gson.Gson.fromJson(Gson.java:1319) ~[gson-2.10.jar%2372!/:?]
	at com.google.gson.Gson.fromJson(Gson.java:1290) ~[gson-2.10.jar%2372!/:?]
	at com.google.gson.internal.bind.TreeTypeAdapter$GsonContextImpl.deserialize(TreeTypeAdapter.java:179) ~[gson-2.10.jar%2372!/:?]
	at net.minecraft.util.GsonHelper.m_13808_(GsonHelper.java:463) ~[server-1.20.1-20230612.114412-srg.jar%23203!/:?]
	at net.minecraft.util.GsonHelper.m_13845_(GsonHelper.java:481) ~[server-1.20.1-20230612.114412-srg.jar%23203!/:?]
	at net.minecraft.world.level.storage.loot.LootTable$Serializer.deserialize(LootTable.java:294) ~[server-1.20.1-20230612.114412-srg.jar%23203!/:?]
	at net.minecraft.world.level.storage.loot.LootTable$Serializer.deserialize(LootTable.java:291) ~[server-1.20.1-20230612.114412-srg.jar%23203!/:?]
	at com.google.gson.internal.bind.TreeTypeAdapter.read(TreeTypeAdapter.java:76) ~[gson-2.10.jar%2372!/:?]
	at com.google.gson.Gson.fromJson(Gson.java:1214) ~[gson-2.10.jar%2372!/:?]
	at com.google.gson.Gson.fromJson(Gson.java:1319) ~[gson-2.10.jar%2372!/:?]
	at com.google.gson.Gson.fromJson(Gson.java:1261) ~[gson-2.10.jar%2372!/:?]
	at net.minecraftforge.common.ForgeHooks.loadLootTable(ForgeHooks.java:872) ~[forge-1.20.1-47.4.10-universal.jar%23208!/:?]
	at net.minecraftforge.common.ForgeHooks.lambda$getLootTableDeserializer$3(ForgeHooks.java:849) ~[forge-1.20.1-47.4.10-universal.jar%23208!/:?]
	at net.minecraft.world.level.storage.loot.LootDataType.deserialize(LootDataType.java:45) ~[server-1.20.1-20230612.114412-srg.jar%23203!/:?]
	at net.minecraft.world.level.storage.loot.LootDataManager.lambda$scheduleElementParse$4(LootDataManager.java:56) ~[server-1.20.1-20230612.114412-srg.jar%23203!/:?]
	at net.minecraft.world.level.storage.loot.LootDataManager.md8fbb72$lambda$cobblemon$supportICondition$0$0(LootDataManager.java:544) ~[server-1.20.1-20230612.114412-srg.jar%23203!/:?]
	at java.util.HashMap.forEach(HashMap.java:1421) ~[?:?]
	at net.minecraft.world.level.storage.loot.LootDataManager.redirect$zda000$cobblemon$supportICondition(LootDataManager.java:534) ~[server-1.20.1-20230612.114412-srg.jar%23203!/:?]
	at net.minecraft.world.level.storage.loot.LootDataManager.m_278660_(LootDataManager.java:55) ~[server-1.20.1-20230612.114412-srg.jar%23203!/:?]
	at java.util.concurrent.CompletableFuture$AsyncRun.run(CompletableFuture.java:1804) ~[?:?]
	at java.util.concurrent.CompletableFuture$AsyncRun.exec(CompletableFuture.java:1796) ~[?:?]
	at java.util.concurrent.ForkJoinTask.doExec(ForkJoinTask.java:373) ~[?:?]
	at java.util.concurrent.ForkJoinPool$WorkQueue.topLevelExec(ForkJoinPool.java:1182) ~[?:?]
	at java.util.concurrent.ForkJoinPool.scan(ForkJoinPool.java:1655) ~[?:?]
	at java.util.concurrent.ForkJoinPool.runWorker(ForkJoinPool.java:1622) ~[?:?]
	at java.util.concurrent.ForkJoinWorkerThread.run(ForkJoinWorkerThread.java:165) ~[?:?]
[16Feb2026 16:57:56.559] [Worker-Main-2/DEBUG] [com.cobblemon.mod.common.Cobblemon/]: LootInjector: Injected cobblemon:injection/chests/village_house to minecraft:chests/village/village_savanna_house
[16Feb2026 16:57:56.561] [Worker-Main-2/DEBUG] [com.cobblemon.mod.common.Cobblemon/]: LootInjector: Injected cobblemon:injection/chests/village_house to minecraft:chests/village/village_taiga_house
[16Feb2026 16:57:56.563] [Worker-Main-2/ERROR] [net.minecraftforge.common.ForgeHooks/]: Couldn't parse element loot_tables:adorn:blocks/cobblemon/apricorn_post
com.google.gson.JsonSyntaxException: Expected name to be an item, was unknown string 'adorn:cobblemon/apricorn_post'
	at net.minecraft.util.GsonHelper.m_13866_(GsonHelper.java:145) ~[server-1.20.1-20230612.114412-srg.jar%23203!/:?]
	at java.util.Optional.orElseThrow(Optional.java:403) ~[?:?]
	at net.minecraft.util.GsonHelper.m_13874_(GsonHelper.java:145) ~[server-1.20.1-20230612.114412-srg.jar%23203!/:?]
	at net.minecraft.util.GsonHelper.m_13909_(GsonHelper.java:153) ~[server-1.20.1-20230612.114412-srg.jar%23203!/:?]
	at net.minecraft.world.level.storage.loot.entries.LootItem$Serializer.m_7267_(LootItem.java:55) ~[server-1.20.1-20230612.114412-srg.jar%23203!/:?]
	at net.minecraft.world.level.storage.loot.entries.LootItem$Serializer.m_7267_(LootItem.java:40) ~[server-1.20.1-20230612.114412-srg.jar%23203!/:?]
	at net.minecraft.world.level.storage.loot.entries.LootPoolSingletonContainer$Serializer.m_5921_(LootPoolSingletonContainer.java:151) ~[server-1.20.1-20230612.114412-srg.jar%23203!/:?]
	at net.minecraft.world.level.storage.loot.entries.LootPoolSingletonContainer$Serializer.m_5921_(LootPoolSingletonContainer.java:129) ~[server-1.20.1-20230612.114412-srg.jar%23203!/:?]
	at net.minecraft.world.level.storage.loot.entries.LootPoolEntryContainer$Serializer.m_7561_(LootPoolEntryContainer.java:86) ~[server-1.20.1-20230612.114412-srg.jar%23203!/:?]
	at net.minecraft.world.level.storage.loot.entries.LootPoolEntryContainer$Serializer.m_7561_(LootPoolEntryContainer.java:74) ~[server-1.20.1-20230612.114412-srg.jar%23203!/:?]
	at net.minecraft.world.level.storage.loot.GsonAdapterFactory$JsonAdapter.deserialize(GsonAdapterFactory.java:102) ~[server-1.20.1-20230612.114412-srg.jar%23203!/:?]
	at com.google.gson.internal.bind.TreeTypeAdapter.read(TreeTypeAdapter.java:76) ~[gson-2.10.jar%2372!/:?]
	at com.google.gson.internal.bind.TypeAdapterRuntimeTypeWrapper.read(TypeAdapterRuntimeTypeWrapper.java:40) ~[gson-2.10.jar%2372!/:?]
	at com.google.gson.internal.bind.ArrayTypeAdapter.read(ArrayTypeAdapter.java:72) ~[gson-2.10.jar%2372!/:?]
	at com.google.gson.Gson.fromJson(Gson.java:1214) ~[gson-2.10.jar%2372!/:?]
	at com.google.gson.Gson.fromJson(Gson.java:1319) ~[gson-2.10.jar%2372!/:?]
	at com.google.gson.Gson.fromJson(Gson.java:1290) ~[gson-2.10.jar%2372!/:?]
	at com.google.gson.internal.bind.TreeTypeAdapter$GsonContextImpl.deserialize(TreeTypeAdapter.java:179) ~[gson-2.10.jar%2372!/:?]
	at net.minecraft.util.GsonHelper.m_13808_(GsonHelper.java:463) ~[server-1.20.1-20230612.114412-srg.jar%23203!/:?]
	at net.minecraft.util.GsonHelper.m_13836_(GsonHelper.java:471) ~[server-1.20.1-20230612.114412-srg.jar%23203!/:?]
	at net.minecraft.world.level.storage.loot.LootPool$Serializer.deserialize(LootPool.java:192) ~[server-1.20.1-20230612.114412-srg.jar%23203!/:?]
	at net.minecraft.world.level.storage.loot.LootPool$Serializer.deserialize(LootPool.java:189) ~[server-1.20.1-20230612.114412-srg.jar%23203!/:?]
	at com.google.gson.internal.bind.TreeTypeAdapter.read(TreeTypeAdapter.java:76) ~[gson-2.10.jar%2372!/:?]
	at com.google.gson.internal.bind.TypeAdapterRuntimeTypeWrapper.read(TypeAdapterRuntimeTypeWrapper.java:40) ~[gson-2.10.jar%2372!/:?]
	at com.google.gson.internal.bind.ArrayTypeAdapter.read(ArrayTypeAdapter.java:72) ~[gson-2.10.jar%2372!/:?]
	at com.google.gson.Gson.fromJson(Gson.java:1214) ~[gson-2.10.jar%2372!/:?]
	at com.google.gson.Gson.fromJson(Gson.java:1319) ~[gson-2.10.jar%2372!/:?]
	at com.google.gson.Gson.fromJson(Gson.java:1290) ~[gson-2.10.jar%2372!/:?]
	at com.google.gson.internal.bind.TreeTypeAdapter$GsonContextImpl.deserialize(TreeTypeAdapter.java:179) ~[gson-2.10.jar%2372!/:?]
	at net.minecraft.util.GsonHelper.m_13808_(GsonHelper.java:463) ~[server-1.20.1-20230612.114412-srg.jar%23203!/:?]
	at net.minecraft.util.GsonHelper.m_13845_(GsonHelper.java:481) ~[server-1.20.1-20230612.114412-srg.jar%23203!/:?]
	at net.minecraft.world.level.storage.loot.LootTable$Serializer.deserialize(LootTable.java:294) ~[server-1.20.1-20230612.114412-srg.jar%23203!/:?]
	at net.minecraft.world.level.storage.loot.LootTable$Serializer.deserialize(LootTable.java:291) ~[server-1.20.1-20230612.114412-srg.jar%23203!/:?]
	at com.google.gson.internal.bind.TreeTypeAdapter.read(TreeTypeAdapter.java:76) ~[gson-2.10.jar%2372!/:?]
	at com.google.gson.Gson.fromJson(Gson.java:1214) ~[gson-2.10.jar%2372!/:?]
	at com.google.gson.Gson.fromJson(Gson.java:1319) ~[gson-2.10.jar%2372!/:?]
	at com.google.gson.Gson.fromJson(Gson.java:1261) ~[gson-2.10.jar%2372!/:?]
	at net.minecraftforge.common.ForgeHooks.loadLootTable(ForgeHooks.java:872) ~[forge-1.20.1-47.4.10-universal.jar%23208!/:?]
	at net.minecraftforge.common.ForgeHooks.lambda$getLootTableDeserializer$3(ForgeHooks.java:849) ~[forge-1.20.1-47.4.10-universal.jar%23208!/:?]
	at net.minecraft.world.level.storage.loot.LootDataType.deserialize(LootDataType.java:45) ~[server-1.20.1-20230612.114412-srg.jar%23203!/:?]
	at net.minecraft.world.level.storage.loot.LootDataManager.lambda$scheduleElementParse$4(LootDataManager.java:56) ~[server-1.20.1-20230612.114412-srg.jar%23203!/:?]
	at net.minecraft.world.level.storage.loot.LootDataManager.md8fbb72$lambda$cobblemon$supportICondition$0$0(LootDataManager.java:544) ~[server-1.20.1-20230612.114412-srg.jar%23203!/:?]
	at java.util.HashMap.forEach(HashMap.java:1421) ~[?:?]
	at net.minecraft.world.level.storage.loot.LootDataManager.redirect$zda000$cobblemon$supportICondition(LootDataManager.java:534) ~[server-1.20.1-20230612.114412-srg.jar%23203!/:?]
	at net.minecraft.world.level.storage.loot.LootDataManager.m_278660_(LootDataManager.java:55) ~[server-1.20.1-20230612.114412-srg.jar%23203!/:?]
	at java.util.concurrent.CompletableFuture$AsyncRun.run(CompletableFuture.java:1804) ~[?:?]
	at java.util.concurrent.CompletableFuture$AsyncRun.exec(CompletableFuture.java:1796) ~[?:?]
	at java.util.concurrent.ForkJoinTask.doExec(ForkJoinTask.java:373) ~[?:?]
	at java.util.concurrent.ForkJoinPool$WorkQueue.topLevelExec(ForkJoinPool.java:1182) ~[?:?]
	at java.util.concurrent.ForkJoinPool.scan(ForkJoinPool.java:1655) ~[?:?]
	at java.util.concurrent.ForkJoinPool.runWorker(ForkJoinPool.java:1622) ~[?:?]
	at java.util.concurrent.ForkJoinWorkerThread.run(ForkJoinWorkerThread.java:165) ~[?:?]
[16Feb2026 16:57:56.590] [Worker-Main-2/DEBUG] [com.cobblemon.mod.common.Cobblemon/]: LootInjector: Injected cobblemon:injection/chests/bastion_other to minecraft:chests/bastion_other
[16Feb2026 16:57:56.598] [Worker-Main-2/DEBUG] [com.cobblemon.mod.common.Cobblemon/]: LootInjector: Injected cobblemon:injection/chests/woodland_mansion to minecraft:chests/woodland_mansion
[16Feb2026 16:57:56.639] [main/DEBUG] [mixin/]: Mixing AccessorSmithingTrimRecipe from patchouli_xplat.mixins.json into net.minecraft.world.item.crafting.SmithingTrimRecipe
[16Feb2026 16:57:56.653] [main/DEBUG] [mixin/]: Mixing AccessorSmithingTransformRecipe from patchouli_xplat.mixins.json into net.minecraft.world.item.crafting.SmithingTransformRecipe
[16Feb2026 16:57:56.699] [main/INFO] [net.minecraft.world.item.crafting.RecipeManager/]: Loaded 7 recipes
[16Feb2026 16:57:56.709] [main/DEBUG] [mixin/]: Mixing DisplayInfoMixin from ftblibrary-common.mixins.json into net.minecraft.advancements.DisplayInfo
[16Feb2026 16:57:56.709] [main/DEBUG] [mixin/]: ftblibrary-common.mixins.json:DisplayInfoMixin: Class version 61 required is higher than the class version supported by the current version of Mixin (JAVA_8 supports class version 52)
[16Feb2026 16:57:56.808] [main/ERROR] [net.minecraft.server.ServerAdvancementManager/]: Parsing error loading custom advancement beautify:progression/candelabra: Expected item to be an item, was unknown string 'beautify:lamp_candleabra'
[16Feb2026 16:57:56.827] [main/INFO] [net.minecraft.advancements.AdvancementList/]: Loaded 2067 advancements
[16Feb2026 16:57:56.829] [main/INFO] [com.scouter.cobbleoutbreaks.data.OutbreaksJsonDataManager/]: Beginning loading of data for data loader: outbreaks
[16Feb2026 16:57:56.839] [main/INFO] [com.scouter.cobbleoutbreaks.data.OutbreaksJsonDataManager/]: Data loader for outbreaks loaded 52 jsons
[16Feb2026 16:57:56.848] [main/INFO] [top.theillusivec4.curios.Curios/]: Loaded 10 curio slots
[16Feb2026 16:57:56.852] [main/INFO] [top.theillusivec4.curios.Curios/]: Loaded 1 curio entities
[16Feb2026 16:58:01.390] [main/ERROR] [com.cobblemon.mod.common.Cobblemon/]: Caught exception trying to resolve the move 'acesplay'
java.util.NoSuchElementException: Collection contains no element matching the predicate.
	at com.cobblemon.mod.common.api.moves.categories.DamageCategories.getOrException(DamageCategories.java:68) ~[Cobblemon-forge-1.5.2+1.20.1.jar%23166!/:?]
	at com.cobblemon.mod.common.api.moves.Moves.reload(Moves.java:51) ~[Cobblemon-forge-1.5.2+1.20.1.jar%23166!/:?]
	at com.cobblemon.mod.common.data.CobblemonDataProvider$SimpleResourceReloader.m_6213_(CobblemonDataProvider.java:129) ~[Cobblemon-forge-1.5.2+1.20.1.jar%23166!/:?]
	at net.minecraft.server.packs.resources.ResourceManagerReloadListener.m_10759_(ResourceManagerReloadListener.java:15) ~[server-1.20.1-20230612.114412-srg.jar%23203!/:?]
	at java.util.concurrent.CompletableFuture$UniRun.tryFire(CompletableFuture.java:787) ~[?:?]
	at java.util.concurrent.CompletableFuture$Completion.run(CompletableFuture.java:482) ~[?:?]
	at net.minecraft.server.packs.resources.SimpleReloadInstance.m_143940_(SimpleReloadInstance.java:69) ~[server-1.20.1-20230612.114412-srg.jar%23203!/:?]
	at net.minecraft.Util.m_214652_(Util.java:783) ~[server-1.20.1-20230612.114412-srg.jar%23203!/:?]
	at net.minecraft.Util.m_214679_(Util.java:772) ~[server-1.20.1-20230612.114412-srg.jar%23203!/:?]
	at net.minecraft.server.Main.main(Main.java:166) ~[server-1.20.1-20230612.114412-srg.jar%23203!/:?]
	at jdk.internal.reflect.NativeMethodAccessorImpl.invoke0(Native Method) ~[?:?]
	at jdk.internal.reflect.NativeMethodAccessorImpl.invoke(NativeMethodAccessorImpl.java:77) ~[?:?]
	at jdk.internal.reflect.DelegatingMethodAccessorImpl.invoke(DelegatingMethodAccessorImpl.java:43) ~[?:?]
	at java.lang.reflect.Method.invoke(Method.java:569) ~[?:?]
	at net.minecraftforge.fml.loading.targets.CommonLaunchHandler.runTarget(CommonLaunchHandler.java:111) ~[fmlloader-1.20.1-47.4.10.jar%2369!/:?]
	at net.minecraftforge.fml.loading.targets.CommonLaunchHandler.serverService(CommonLaunchHandler.java:103) ~[fmlloader-1.20.1-47.4.10.jar%2369!/:?]
	at net.minecraftforge.fml.loading.targets.CommonServerLaunchHandler.lambda$makeService$0(CommonServerLaunchHandler.java:27) ~[fmlloader-1.20.1-47.4.10.jar%2369!/:?]
	at cpw.mods.modlauncher.LaunchServiceHandlerDecorator.launch(LaunchServiceHandlerDecorator.java:30) ~[modlauncher-10.0.9.jar%2355!/:?]
	at cpw.mods.modlauncher.LaunchServiceHandler.launch(LaunchServiceHandler.java:53) ~[modlauncher-10.0.9.jar%2355!/:?]
	at cpw.mods.modlauncher.LaunchServiceHandler.launch(LaunchServiceHandler.java:71) ~[modlauncher-10.0.9.jar%2355!/:?]
	at cpw.mods.modlauncher.Launcher.run(Launcher.java:108) ~[modlauncher-10.0.9.jar%2355!/:?]
	at cpw.mods.modlauncher.Launcher.main(Launcher.java:78) ~[modlauncher-10.0.9.jar%2355!/:?]
	at cpw.mods.modlauncher.BootstrapLaunchConsumer.accept(BootstrapLaunchConsumer.java:26) ~[modlauncher-10.0.9.jar%2355!/:?]
	at cpw.mods.modlauncher.BootstrapLaunchConsumer.accept(BootstrapLaunchConsumer.java:23) ~[modlauncher-10.0.9.jar%2355!/:?]
	at cpw.mods.bootstraplauncher.BootstrapLauncher.main(BootstrapLauncher.java:141) ~[bootstraplauncher-1.1.2.jar:?]
[16Feb2026 16:58:01.410] [main/INFO] [com.cobblemon.mod.common.Cobblemon/]: Loaded 1378 moves
[16Feb2026 16:58:01.579] [main/INFO] [com.cobblemon.mod.common.Cobblemon/]: Loaded 479 abilities
[16Feb2026 16:58:01.880] [main/INFO] [com.cobblemon.mod.common.Cobblemon/]: Finished additions
[16Feb2026 16:58:02.003] [main/DEBUG] [mixin/]: Mixing TeraTypesMixin from gravels_extended_battles_common.mixins.json into com.cobblemon.mod.common.api.types.tera.TeraTypes
[16Feb2026 16:58:02.004] [main/DEBUG] [mixin/]: Renaming @Unique method create(Lnet/minecraft/resources/ResourceLocation;Lcom/cobblemon/mod/common/api/types/tera/TeraType;)Lcom/cobblemon/mod/common/api/types/tera/TeraType; to md8fbb72$create$0 in gravels_extended_battles_common.mixins.json:TeraTypesMixin
[16Feb2026 16:58:02.004] [main/DEBUG] [mixin/]: Renaming synthetic method lambda$injected$0(Lcom/cobblemon/mod/common/api/types/ElementalType;)V to md8fbb72$lambda$injected$0$1 in gravels_extended_battles_common.mixins.json:TeraTypesMixin
[16Feb2026 16:58:02.134] [main/DEBUG] [mixin/]: Mixing ShowdownSpeciesMixin from mixins.cobblemonmegas-common.json into com.cobblemon.mod.common.api.pokemon.PokemonSpecies$ShowdownSpecies
[16Feb2026 16:58:02.134] [main/DEBUG] [mixin/]: Renaming synthetic method lambda$injectConstructor$0(Lcom/cobblemon/mod/common/pokemon/FormData;Ljava/lang/String;)Z to md8fbb72$lambda$injectConstructor$0$0 in mixins.cobblemonmegas-common.json:ShowdownSpeciesMixin
[16Feb2026 16:58:02.806] [main/INFO] [com.cobblemon.mod.common.Cobblemon/]: Imported 244 held item IDs from showdown
[16Feb2026 16:58:02.806] [main/INFO] [com.cobblemon.mod.common.Cobblemon/]: Loaded 1133 Pokémon species
[16Feb2026 16:58:02.873] [main/INFO] [com.cobblemon.mod.common.Cobblemon/]: Loaded 43 spawn detail presets.
[16Feb2026 16:58:02.887] [main/INFO] [com.cobblemon.mod.common.Cobblemon/]: Starting dummy Showdown battle to force it to pre-load data.
[16Feb2026 16:58:02.891] [main/DEBUG] [mixin/]: Mixing BattleActorMixin from mixins.cobblemonmegas-common.json into com.cobblemon.mod.common.api.battles.model.actor.BattleActor
[16Feb2026 16:58:02.891] [main/DEBUG] [mixin/]: Renaming synthetic method lambda$injectTurn$0(Ljava/util/UUID;)V to md8fbb72$lambda$injectTurn$0$0 in mixins.cobblemonmegas-common.json:BattleActorMixin
[16Feb2026 16:58:02.903] [main/DEBUG] [mixin/]: Mixing cobblemon.MixinPokemonBattle from cobblemonintegrations-common.mixins.json into com.cobblemon.mod.common.api.battles.model.PokemonBattle
[16Feb2026 16:58:02.904] [main/DEBUG] [mixin/]: Mixing PokemonBattleMixin from cobblemontrainers-common.mixins.json into com.cobblemon.mod.common.api.battles.model.PokemonBattle
[16Feb2026 16:58:02.904] [main/DEBUG] [mixin/]: Renaming synthetic method lambda$injectEnd$0(Lcom/cobblemon/mod/common/api/battles/model/actor/BattleActor;)V to md8fbb72$lambda$injectEnd$0$0 in cobblemontrainers-common.mixins.json:PokemonBattleMixin
[16Feb2026 16:58:02.905] [main/DEBUG] [mixin/]: Mixing PokemonBattleMixin from mixins.cobblemonmegas-common.json into com.cobblemon.mod.common.api.battles.model.PokemonBattle
[16Feb2026 16:58:02.905] [main/DEBUG] [mixin/]: Renaming synthetic method lambda$injectEnd$1(Lcom/cobblemon/mod/common/api/battles/model/actor/BattleActor;)V to md8fbb72$lambda$injectEnd$1$1 in mixins.cobblemonmegas-common.json:PokemonBattleMixin
[16Feb2026 16:58:02.905] [main/DEBUG] [mixin/]: Renaming synthetic method lambda$injectEnd$0(Ljava/util/UUID;)V to md8fbb72$lambda$injectEnd$0$2 in mixins.cobblemonmegas-common.json:PokemonBattleMixin
[16Feb2026 16:58:03.107] [main/INFO] [com.cobblemon.mod.common.Cobblemon/]: Loaded 16 fossils
[16Feb2026 16:58:03.827] [main/ERROR] [com.cobblemon.mod.common.Cobblemon/]: Unknown preset name: underground.
[16Feb2026 16:58:03.829] [main/ERROR] [com.cobblemon.mod.common.Cobblemon/]: Unknown preset name: underground.
[16Feb2026 16:58:04.482] [main/INFO] [com.cobblemon.mod.common.Cobblemon/]: Loaded 69 berries
[16Feb2026 16:58:05.173] [main/DEBUG] [net.minecraftforge.common.ForgeHooks/WP]: Gathering id map for writing to world save world
[16Feb2026 16:58:05.199] [main/DEBUG] [net.minecraftforge.common.ForgeHooks/WP]: ID Map collection complete world
[16Feb2026 16:58:05.256] [Server thread/INFO] [net.minecraft.server.dedicated.DedicatedServer/]: Starting minecraft server version 1.20.1
[16Feb2026 16:58:05.257] [Server thread/INFO] [net.minecraft.server.dedicated.DedicatedServer/]: Loading properties
[16Feb2026 16:58:05.257] [Server thread/INFO] [net.minecraft.server.dedicated.DedicatedServer/]: Default game type: SURVIVAL
[16Feb2026 16:58:05.257] [Server thread/INFO] [net.minecraft.server.MinecraftServer/]: Generating keypair
[16Feb2026 16:58:05.342] [Server thread/INFO] [net.minecraft.server.dedicated.DedicatedServer/]: Starting Minecraft server on *:25565
[16Feb2026 16:58:05.344] [Server thread/DEBUG] [net.minecraftforge.network.DualStackUtils/]: Detected IPv6 address: "0:0:0:0:0:0:0:0"
[16Feb2026 16:58:05.352] [Server thread/DEBUG] [io.netty.util.internal.NativeLibraryLoader/]: -Dio.netty.native.workdir: /tmp (io.netty.tmpdir)
[16Feb2026 16:58:05.352] [Server thread/DEBUG] [io.netty.util.internal.NativeLibraryLoader/]: -Dio.netty.native.deleteLibAfterLoading: true
[16Feb2026 16:58:05.352] [Server thread/DEBUG] [io.netty.util.internal.NativeLibraryLoader/]: -Dio.netty.native.tryPatchShadedId: true
[16Feb2026 16:58:05.352] [Server thread/DEBUG] [io.netty.util.internal.NativeLibraryLoader/]: -Dio.netty.native.detectNativeLibraryDuplicates: true
[16Feb2026 16:58:05.361] [Server thread/DEBUG] [io.netty.util.internal.NativeLibraryLoader/]: Successfully loaded the library /tmp/libnetty_transport_native_epoll_x86_646347267490903705378.so
[16Feb2026 16:58:05.364] [Server thread/DEBUG] [io.netty.util.NetUtil/]: -Djava.net.preferIPv4Stack: false
[16Feb2026 16:58:05.364] [Server thread/DEBUG] [io.netty.util.NetUtil/]: -Djava.net.preferIPv6Addresses: true
[16Feb2026 16:58:05.366] [Server thread/DEBUG] [io.netty.util.NetUtilInitializations/]: Loopback interface: lo (lo, 0:0:0:0:0:0:0:1%lo)
[16Feb2026 16:58:05.366] [Server thread/DEBUG] [io.netty.util.NetUtil/]: /proc/sys/net/core/somaxconn: 4096
[16Feb2026 16:58:05.371] [Server thread/INFO] [net.minecraft.server.network.ServerConnectionListener/]: Using epoll channel type
[16Feb2026 16:58:05.387] [Server thread/DEBUG] [io.netty.channel.MultithreadEventLoopGroup/]: -Dio.netty.eventLoopThreads: 8
[16Feb2026 16:58:05.399] [Server thread/DEBUG] [io.netty.util.internal.InternalThreadLocalMap/]: -Dio.netty.threadLocalMap.stringBuilder.initialSize: 1024
[16Feb2026 16:58:05.400] [Server thread/DEBUG] [io.netty.util.internal.InternalThreadLocalMap/]: -Dio.netty.threadLocalMap.stringBuilder.maxSize: 4096
[16Feb2026 16:58:05.410] [Server thread/DEBUG] [io.netty.util.internal.PlatformDependent/]: org.jctools-core.MpscChunkedArrayQueue: available
[16Feb2026 16:58:05.434] [Server thread/DEBUG] [io.netty.channel.DefaultChannelId/]: -Dio.netty.processId: 3907 (auto-detected)
[16Feb2026 16:58:05.435] [Server thread/DEBUG] [io.netty.channel.DefaultChannelId/]: -Dio.netty.machineId: 7c:1e:52:ff:fe:ae:20:b1 (auto-detected)
[16Feb2026 16:58:05.462] [Server thread/DEBUG] [io.netty.buffer.PooledByteBufAllocator/]: -Dio.netty.allocator.numHeapArenas: 8
[16Feb2026 16:58:05.463] [Server thread/DEBUG] [io.netty.buffer.PooledByteBufAllocator/]: -Dio.netty.allocator.numDirectArenas: 8
[16Feb2026 16:58:05.463] [Server thread/DEBUG] [io.netty.buffer.PooledByteBufAllocator/]: -Dio.netty.allocator.pageSize: 8192
[16Feb2026 16:58:05.463] [Server thread/DEBUG] [io.netty.buffer.PooledByteBufAllocator/]: -Dio.netty.allocator.maxOrder: 9
[16Feb2026 16:58:05.463] [Server thread/DEBUG] [io.netty.buffer.PooledByteBufAllocator/]: -Dio.netty.allocator.chunkSize: 4194304
[16Feb2026 16:58:05.463] [Server thread/DEBUG] [io.netty.buffer.PooledByteBufAllocator/]: -Dio.netty.allocator.smallCacheSize: 256
[16Feb2026 16:58:05.463] [Server thread/DEBUG] [io.netty.buffer.PooledByteBufAllocator/]: -Dio.netty.allocator.normalCacheSize: 64
[16Feb2026 16:58:05.463] [Server thread/DEBUG] [io.netty.buffer.PooledByteBufAllocator/]: -Dio.netty.allocator.maxCachedBufferCapacity: 32768
[16Feb2026 16:58:05.463] [Server thread/DEBUG] [io.netty.buffer.PooledByteBufAllocator/]: -Dio.netty.allocator.cacheTrimInterval: 8192
[16Feb2026 16:58:05.463] [Server thread/DEBUG] [io.netty.buffer.PooledByteBufAllocator/]: -Dio.netty.allocator.cacheTrimIntervalMillis: 0
[16Feb2026 16:58:05.463] [Server thread/DEBUG] [io.netty.buffer.PooledByteBufAllocator/]: -Dio.netty.allocator.useCacheForAllThreads: false
[16Feb2026 16:58:05.463] [Server thread/DEBUG] [io.netty.buffer.PooledByteBufAllocator/]: -Dio.netty.allocator.maxCachedByteBuffersPerChunk: 1023
[16Feb2026 16:58:05.472] [Server thread/DEBUG] [io.netty.buffer.ByteBufUtil/]: -Dio.netty.allocator.type: pooled
[16Feb2026 16:58:05.472] [Server thread/DEBUG] [io.netty.buffer.ByteBufUtil/]: -Dio.netty.threadLocalDirectBufferSize: 0
[16Feb2026 16:58:05.472] [Server thread/DEBUG] [io.netty.buffer.ByteBufUtil/]: -Dio.netty.maxThreadLocalCharBufferSize: 16384
[16Feb2026 16:58:05.481] [Server thread/WARN] [net.minecraft.server.dedicated.DedicatedServer/]: **** SERVER IS RUNNING IN OFFLINE/INSECURE MODE!
[16Feb2026 16:58:05.481] [Server thread/WARN] [net.minecraft.server.dedicated.DedicatedServer/]: The server will make no attempt to authenticate usernames. Beware.
[16Feb2026 16:58:05.481] [Server thread/WARN] [net.minecraft.server.dedicated.DedicatedServer/]: While this makes the game possible to play without internet access, it also opens up the ability for hackers to connect with any username they choose.
[16Feb2026 16:58:05.481] [Server thread/WARN] [net.minecraft.server.dedicated.DedicatedServer/]: To change this, set "online-mode" to "true" in the server.properties file.
[16Feb2026 16:58:05.496] [Server thread/DEBUG] [net.minecraftforge.fml.config.ConfigTracker/CONFIG]: Loading configs type SERVER
[16Feb2026 16:58:05.496] [Server thread/DEBUG] [net.minecraftforge.fml.config.ConfigFileTypeHandler/CONFIG]: Built TOML config for ./world/serverconfig/jei-server.toml
[16Feb2026 16:58:05.497] [Server thread/DEBUG] [net.minecraftforge.fml.config.ConfigFileTypeHandler/CONFIG]: Loaded TOML config file ./world/serverconfig/jei-server.toml
[16Feb2026 16:58:05.497] [Server thread/DEBUG] [net.minecraftforge.fml.config.ConfigFileTypeHandler/CONFIG]: Watching TOML config file ./world/serverconfig/jei-server.toml for changes
[16Feb2026 16:58:05.498] [Server thread/DEBUG] [net.minecraftforge.fml.config.ConfigFileTypeHandler/CONFIG]: Built TOML config for ./world/serverconfig/beautify-server.toml
[16Feb2026 16:58:05.498] [Thread-1/DEBUG] [net.minecraftforge.fml.config.ConfigFileTypeHandler/CONFIG]: Config file jei-server.toml changed, sending notifies
[16Feb2026 16:58:05.498] [Server thread/DEBUG] [net.minecraftforge.fml.config.ConfigFileTypeHandler/CONFIG]: Loaded TOML config file ./world/serverconfig/beautify-server.toml
[16Feb2026 16:58:05.498] [Server thread/DEBUG] [net.minecraftforge.fml.config.ConfigFileTypeHandler/CONFIG]: Watching TOML config file ./world/serverconfig/beautify-server.toml for changes
[16Feb2026 16:58:05.498] [Thread-1/DEBUG] [net.minecraftforge.fml.config.ConfigFileTypeHandler/CONFIG]: Config file jei-server.toml changed, sending notifies
[16Feb2026 16:58:05.499] [Server thread/DEBUG] [net.minecraftforge.fml.config.ConfigFileTypeHandler/CONFIG]: Built TOML config for ./world/serverconfig/journeymap-server.toml
[16Feb2026 16:58:05.499] [Server thread/DEBUG] [net.minecraftforge.fml.config.ConfigFileTypeHandler/CONFIG]: Loaded TOML config file ./world/serverconfig/journeymap-server.toml
[16Feb2026 16:58:05.499] [Server thread/DEBUG] [net.minecraftforge.fml.config.ConfigFileTypeHandler/CONFIG]: Watching TOML config file ./world/serverconfig/journeymap-server.toml for changes
[16Feb2026 16:58:05.499] [Thread-1/DEBUG] [net.minecraftforge.fml.config.ConfigFileTypeHandler/CONFIG]: Config file beautify-server.toml changed, sending notifies
[16Feb2026 16:58:05.500] [Server thread/INFO] [journeymap/]: Loading JourneyMap Forge Configs
[16Feb2026 16:58:05.500] [Thread-1/DEBUG] [net.minecraftforge.fml.config.ConfigFileTypeHandler/CONFIG]: Config file journeymap-server.toml changed, sending notifies
[16Feb2026 16:58:05.500] [Server thread/DEBUG] [net.minecraftforge.fml.config.ConfigFileTypeHandler/CONFIG]: Built TOML config for ./world/serverconfig/forge-server.toml
[16Feb2026 16:58:05.501] [Server thread/DEBUG] [net.minecraftforge.fml.config.ConfigFileTypeHandler/CONFIG]: Loaded TOML config file ./world/serverconfig/forge-server.toml
[16Feb2026 16:58:05.501] [Server thread/DEBUG] [net.minecraftforge.fml.config.ConfigFileTypeHandler/CONFIG]: Watching TOML config file ./world/serverconfig/forge-server.toml for changes
[16Feb2026 16:58:05.500] [Thread-1/INFO] [journeymap/]: Loading JourneyMap Forge Configs
[16Feb2026 16:58:05.501] [Server thread/DEBUG] [net.minecraftforge.common.ForgeConfig/FORGEMOD]: Loaded forge config file forge-server.toml
[16Feb2026 16:58:05.501] [Thread-1/DEBUG] [net.minecraftforge.fml.config.ConfigFileTypeHandler/CONFIG]: Config file journeymap-server.toml changed, sending notifies
[16Feb2026 16:58:05.502] [Server thread/DEBUG] [net.minecraftforge.fml.config.ConfigFileTypeHandler/CONFIG]: Built TOML config for ./world/serverconfig/curios-server.toml
[16Feb2026 16:58:05.502] [Server thread/DEBUG] [net.minecraftforge.fml.config.ConfigFileTypeHandler/CONFIG]: Loaded TOML config file ./world/serverconfig/curios-server.toml
[16Feb2026 16:58:05.501] [Thread-1/INFO] [journeymap/]: Loading JourneyMap Forge Configs
[16Feb2026 16:58:05.502] [Server thread/DEBUG] [net.minecraftforge.fml.config.ConfigFileTypeHandler/CONFIG]: Watching TOML config file ./world/serverconfig/curios-server.toml for changes
[16Feb2026 16:58:05.502] [Thread-1/DEBUG] [net.minecraftforge.fml.config.ConfigFileTypeHandler/CONFIG]: Config file curios-server.toml changed, sending notifies
[16Feb2026 16:58:05.503] [Thread-1/DEBUG] [net.minecraftforge.fml.config.ConfigFileTypeHandler/CONFIG]: Config file curios-server.toml changed, sending notifies
[16Feb2026 16:58:05.558] [Server thread/INFO] [FTB Teams/]: loaded team data: 2 known players, 2 teams total
[16Feb2026 16:58:05.584] [Server thread/INFO] [dev.zanckor.cobblemonrider.CobblemonRider/]: Cobblemon pokemon ride config file already exists at /workspaces/RPG_minecraft/servidor_minecraft/./world/./serverconfig/pokemonRideConfig.json
[16Feb2026 16:58:05.612] [Server thread/INFO] [terrablender/]: Initialized TerraBlender biomes for level stem minecraft:the_nether
[16Feb2026 16:58:05.978] [Server thread/INFO] [terrablender/]: Initialized TerraBlender biomes for level stem minecraft:overworld
[16Feb2026 16:58:05.979] [Server thread/INFO] [net.minecraft.server.dedicated.DedicatedServer/]: Preparing level "world"
[16Feb2026 16:58:05.985] [Server thread/DEBUG] [net.minecraftforge.coremod.transformer.CoreModBaseTransformer/COREMOD]: Transforming net/minecraft/world/level/levelgen/PhantomSpawner
[16Feb2026 16:58:05.993] [Server thread/DEBUG] [net.minecraftforge.coremod.transformer.CoreModBaseTransformer/COREMOD]: Transforming net/minecraft/world/level/levelgen/PatrolSpawner
[16Feb2026 16:58:05.997] [Server thread/DEBUG] [net.minecraftforge.coremod.transformer.CoreModBaseTransformer/COREMOD]: Transforming net/minecraft/world/entity/npc/CatSpawner
[16Feb2026 16:58:06.001] [Server thread/DEBUG] [net.minecraftforge.coremod.transformer.CoreModBaseTransformer/COREMOD]: Transforming net/minecraft/world/entity/ai/village/VillageSiege
[16Feb2026 16:58:11.583] [Server thread/INFO] [net.minecraft.server.MinecraftServer/]: Preparing start region for dimension minecraft:overworld
[16Feb2026 16:58:12.771] [Server thread/DEBUG] [mixin/]: Mixing MixinChunkSerializer from architectury.mixins.json into net.minecraft.world.level.chunk.storage.ChunkSerializer
[16Feb2026 16:58:12.911] [Server thread/DEBUG] [net.minecraftforge.coremod.transformer.CoreModBaseTransformer/COREMOD]: Transforming net/minecraft/world/level/levelgen/structure/templatesystem/StructureTemplate
[16Feb2026 16:58:15.685] [Worker-Main-2/INFO] [net.minecraft.server.level.progress.LoggerChunkProgressListener/]: Preparing spawn area: 0%
[16Feb2026 16:58:15.725] [Worker-Main-1/INFO] [net.minecraft.server.level.progress.LoggerChunkProgressListener/]: Preparing spawn area: 0%
[16Feb2026 16:58:15.737] [Worker-Main-2/INFO] [net.minecraft.server.level.progress.LoggerChunkProgressListener/]: Preparing spawn area: 0%
[16Feb2026 16:58:15.748] [Worker-Main-2/INFO] [net.minecraft.server.level.progress.LoggerChunkProgressListener/]: Preparing spawn area: 0%
[16Feb2026 16:58:15.760] [Worker-Main-2/INFO] [net.minecraft.server.level.progress.LoggerChunkProgressListener/]: Preparing spawn area: 0%
[16Feb2026 16:58:15.771] [Worker-Main-2/INFO] [net.minecraft.server.level.progress.LoggerChunkProgressListener/]: Preparing spawn area: 0%
[16Feb2026 16:58:15.781] [Worker-Main-3/INFO] [net.minecraft.server.level.progress.LoggerChunkProgressListener/]: Preparing spawn area: 0%
[16Feb2026 16:58:15.794] [Worker-Main-2/INFO] [net.minecraft.server.level.progress.LoggerChunkProgressListener/]: Preparing spawn area: 0%
[16Feb2026 16:58:15.826] [Worker-Main-1/INFO] [net.minecraft.server.level.progress.LoggerChunkProgressListener/]: Preparing spawn area: 0%
[16Feb2026 16:58:16.112] [Worker-Main-2/INFO] [net.minecraft.server.level.progress.LoggerChunkProgressListener/]: Preparing spawn area: 0%
[16Feb2026 16:58:16.585] [Worker-Main-1/INFO] [net.minecraft.server.level.progress.LoggerChunkProgressListener/]: Preparing spawn area: 1%
[16Feb2026 16:58:17.085] [Worker-Main-3/INFO] [net.minecraft.server.level.progress.LoggerChunkProgressListener/]: Preparing spawn area: 56%
[16Feb2026 16:58:17.269] [Server thread/DEBUG] [mixin/]: Mixing PokemonServerDelegateMixin from fightorflight.mixins_common.json into com.cobblemon.mod.common.entity.pokemon.PokemonServerDelegate
[16Feb2026 16:58:17.271] [Server thread/DEBUG] [mixin/]: Mixing PokemonServerDelegateMixin from cobblemonrider.mixins.json into com.cobblemon.mod.common.entity.pokemon.PokemonServerDelegate
[16Feb2026 16:58:17.271] [Server thread/DEBUG] [mixin/]: cobblemonrider.mixins.json:PokemonServerDelegateMixin: Class version 61 required is higher than the class version supported by the current version of Mixin (JAVA_8 supports class version 52)
[16Feb2026 16:58:17.284] [Server thread/DEBUG] [mixin/]: Mixing PokemonFollowOwnerGoalMixin from fightorflight.mixins_common.json into com.cobblemon.mod.common.entity.pokemon.ai.goals.PokemonFollowOwnerGoal
[16Feb2026 16:58:17.337] [Server thread/INFO] [net.minecraft.server.level.progress.LoggerChunkProgressListener/]: Time elapsed: 5753 ms
[16Feb2026 16:58:17.338] [Server thread/INFO] [net.minecraft.server.dedicated.DedicatedServer/]: Done (11.842s)! For help, type "help"
[16Feb2026 16:58:17.348] [Server thread/DEBUG] [net.minecraftforge.network.DualStackUtils/]: Detected IPv6 address: "0:0:0:0:0:0:0:0"
[16Feb2026 16:58:17.406] [Server thread/DEBUG] [net.minecraftforge.common.ForgeI18n/CORE]: Loading I18N data entries: 14844
[16Feb2026 16:58:17.409] [Server thread/INFO] [com.cobblemon.mod.common.Cobblemon/]: Starting Forge permission node registry
[16Feb2026 16:58:17.410] [Server thread/DEBUG] [com.cobblemon.mod.common.Cobblemon/]: Registered Forge permission node cobblemon.command.changescaleandsize
[16Feb2026 16:58:17.410] [Server thread/DEBUG] [com.cobblemon.mod.common.Cobblemon/]: Registered Forge permission node cobblemon.command.changewalkspeed
[16Feb2026 16:58:17.410] [Server thread/DEBUG] [com.cobblemon.mod.common.Cobblemon/]: Registered Forge permission node cobblemon.command.checkspawns
[16Feb2026 16:58:17.410] [Server thread/DEBUG] [com.cobblemon.mod.common.Cobblemon/]: Registered Forge permission node cobblemon.command.getnbt
[16Feb2026 16:58:17.410] [Server thread/DEBUG] [com.cobblemon.mod.common.Cobblemon/]: Registered Forge permission node cobblemon.command.givepokemon.self
[16Feb2026 16:58:17.410] [Server thread/DEBUG] [com.cobblemon.mod.common.Cobblemon/]: Registered Forge permission node cobblemon.command.givepokemon.other
[16Feb2026 16:58:17.410] [Server thread/DEBUG] [com.cobblemon.mod.common.Cobblemon/]: Registered Forge permission node cobblemon.command.healpokemon.self
[16Feb2026 16:58:17.410] [Server thread/DEBUG] [com.cobblemon.mod.common.Cobblemon/]: Registered Forge permission node cobblemon.command.healpokemon.other
[16Feb2026 16:58:17.410] [Server thread/DEBUG] [com.cobblemon.mod.common.Cobblemon/]: Registered Forge permission node cobblemon.command.levelup.self
[16Feb2026 16:58:17.410] [Server thread/DEBUG] [com.cobblemon.mod.common.Cobblemon/]: Registered Forge permission node cobblemon.command.levelup.other
[16Feb2026 16:58:17.410] [Server thread/DEBUG] [com.cobblemon.mod.common.Cobblemon/]: Registered Forge permission node cobblemon.command.openstarterscreen
[16Feb2026 16:58:17.410] [Server thread/DEBUG] [com.cobblemon.mod.common.Cobblemon/]: Registered Forge permission node cobblemon.command.bedrockparticle
[16Feb2026 16:58:17.410] [Server thread/DEBUG] [com.cobblemon.mod.common.Cobblemon/]: Registered Forge permission node cobblemon.command.opendialogue
[16Feb2026 16:58:17.410] [Server thread/DEBUG] [com.cobblemon.mod.common.Cobblemon/]: Registered Forge permission node cobblemon.command.pokemonedit.self
[16Feb2026 16:58:17.410] [Server thread/DEBUG] [com.cobblemon.mod.common.Cobblemon/]: Registered Forge permission node cobblemon.command.pokemonedit.other
[16Feb2026 16:58:17.410] [Server thread/DEBUG] [com.cobblemon.mod.common.Cobblemon/]: Registered Forge permission node cobblemon.command.spawnallpokemon
[16Feb2026 16:58:17.411] [Server thread/DEBUG] [com.cobblemon.mod.common.Cobblemon/]: Registered Forge permission node cobblemon.command.giveallpokemon
[16Feb2026 16:58:17.411] [Server thread/DEBUG] [com.cobblemon.mod.common.Cobblemon/]: Registered Forge permission node cobblemon.command.spawnpokemon
[16Feb2026 16:58:17.411] [Server thread/DEBUG] [com.cobblemon.mod.common.Cobblemon/]: Registered Forge permission node cobblemon.command.stopbattle
[16Feb2026 16:58:17.411] [Server thread/DEBUG] [com.cobblemon.mod.common.Cobblemon/]: Registered Forge permission node cobblemon.command.takepokemon
[16Feb2026 16:58:17.411] [Server thread/DEBUG] [com.cobblemon.mod.common.Cobblemon/]: Registered Forge permission node cobblemon.command.teach.base
[16Feb2026 16:58:17.411] [Server thread/DEBUG] [com.cobblemon.mod.common.Cobblemon/]: Registered Forge permission node cobblemon.command.teach.bypass
[16Feb2026 16:58:17.411] [Server thread/DEBUG] [com.cobblemon.mod.common.Cobblemon/]: Registered Forge permission node cobblemon.command.friendship
[16Feb2026 16:58:17.411] [Server thread/DEBUG] [com.cobblemon.mod.common.Cobblemon/]: Registered Forge permission node cobblemon.command.helditem
[16Feb2026 16:58:17.411] [Server thread/DEBUG] [com.cobblemon.mod.common.Cobblemon/]: Registered Forge permission node cobblemon.command.pc
[16Feb2026 16:58:17.411] [Server thread/DEBUG] [com.cobblemon.mod.common.Cobblemon/]: Registered Forge permission node cobblemon.command.pokebox
[16Feb2026 16:58:17.411] [Server thread/DEBUG] [com.cobblemon.mod.common.Cobblemon/]: Registered Forge permission node cobblemon.command.teststore
[16Feb2026 16:58:17.411] [Server thread/DEBUG] [com.cobblemon.mod.common.Cobblemon/]: Registered Forge permission node cobblemon.command.querylearnset
[16Feb2026 16:58:17.411] [Server thread/DEBUG] [com.cobblemon.mod.common.Cobblemon/]: Registered Forge permission node cobblemon.command.testpcslot
[16Feb2026 16:58:17.411] [Server thread/DEBUG] [com.cobblemon.mod.common.Cobblemon/]: Registered Forge permission node cobblemon.command.testpartyslot
[16Feb2026 16:58:17.411] [Server thread/DEBUG] [com.cobblemon.mod.common.Cobblemon/]: Registered Forge permission node cobblemon.command.clearparty
[16Feb2026 16:58:17.411] [Server thread/DEBUG] [com.cobblemon.mod.common.Cobblemon/]: Registered Forge permission node cobblemon.command.clearpc
[16Feb2026 16:58:17.411] [Server thread/DEBUG] [com.cobblemon.mod.common.Cobblemon/]: Finished Forge permission node registry
[16Feb2026 16:58:17.413] [Server thread/INFO] [net.minecraftforge.server.permission.PermissionAPI/]: Successfully initialized permission handler forge:default_handler
[16Feb2026 16:58:17.414] [Server thread/INFO] [com.selfdot.cobblemontrainers.libs.io.ReadOnlyJsonFile/]: config/trainers/config.json loaded
[16Feb2026 16:58:17.415] [Server thread/INFO] [com.selfdot.cobblemontrainers.libs.io.JsonFile/]: Saved config/trainers/config.json
[16Feb2026 16:58:17.417] [Server thread/INFO] [com.selfdot.cobblemontrainers.libs.io.ReadOnlyJsonFile/]: trainers/trainerWins.json loaded
[16Feb2026 16:58:17.418] [Server thread/INFO] [com.selfdot.cobblemontrainers.libs.io.ReadOnlyJsonFile/]: trainers/timesLastBattled.json loaded
[16Feb2026 16:58:17.449] [Server thread/INFO] [com.selfdot.cobblemonmegas.common.util.DisableableMod/]: config/cobblemonmegas/config.json loaded
[16Feb2026 16:58:17.450] [Server thread/INFO] [com.selfdot.cobblemonmegas.common.util.DisableableMod/]: Saved config/cobblemonmegas/config.json
[16Feb2026 16:58:17.485] [Server thread/INFO] [com.scouter.cobbleoutbreaks.data.OutbreakManager/]: Finished loading 39 outbreaks
[16Feb2026 16:58:17.486] [Server thread/INFO] [net.doctorx.cobblemonalatia.CobblemonAlatiasFakemonPack/]: HELLO from server starting
[16Feb2026 16:58:17.522] [Server thread/INFO] [Cobbledex/]: Server initialized...
[16Feb2026 16:58:17.523] [Server thread/INFO] [Cobbledex/]: Loading CobbledexCoopDiscovery at "/workspaces/RPG_minecraft/servidor_minecraft/./world/./cobbledex-coop.json"...
[16Feb2026 16:58:17.527] [Server thread/DEBUG] [Cobbledex/]: Saving 62 entries to /workspaces/RPG_minecraft/servidor_minecraft/./world/./cobbledex-coop.json
[16Feb2026 16:58:17.529] [Server thread/INFO] [patchouli/]: Sending reload packet to clients
[16Feb2026 16:58:17.538] [Server thread/DEBUG] [io.netty.buffer.AbstractByteBuf/]: -Dio.netty.buffer.checkAccessible: true
[16Feb2026 16:58:17.538] [Server thread/DEBUG] [io.netty.buffer.AbstractByteBuf/]: -Dio.netty.buffer.checkBounds: true
[16Feb2026 16:58:17.539] [Server thread/DEBUG] [io.netty.util.ResourceLeakDetectorFactory/]: Loaded default ResourceLeakDetector: io.netty.util.ResourceLeakDetector@4e739b38
[16Feb2026 16:58:17.730] [Server thread/ERROR] [net.minecraft.server.MinecraftServer/]: Couldn't load server icon
java.lang.IllegalStateException: Must be 64 pixels wide
	at com.google.common.base.Preconditions.checkState(Preconditions.java:502) ~[guava-31.1-jre.jar%2374!/:?]
	at net.minecraft.server.MinecraftServer.m_271593_(MinecraftServer.java:784) ~[server-1.20.1-20230612.114412-srg.jar%23203!/:?]
	at java.util.Optional.flatMap(Optional.java:289) ~[?:?]
	at net.minecraft.server.MinecraftServer.m_272273_(MinecraftServer.java:781) ~[server-1.20.1-20230612.114412-srg.jar%23203!/:?]
	at net.minecraft.server.MinecraftServer.m_130011_(MinecraftServer.java:640) ~[server-1.20.1-20230612.114412-srg.jar%23203!/:?]
	at net.minecraft.server.MinecraftServer.m_206580_(MinecraftServer.java:251) ~[server-1.20.1-20230612.114412-srg.jar%23203!/:?]
	at java.lang.Thread.run(Thread.java:840) ~[?:?]
[16Feb2026 16:58:17.785] [Server thread/DEBUG] [net.minecraftforge.coremod.transformer.CoreModBaseTransformer/COREMOD]: Transforming net/minecraft/world/level/NaturalSpawner
[16Feb2026 16:58:47.540] [Server thread/DEBUG] [com.cobblemon.mod.common.Cobblemon/]: Serializing 0 Pokémon stores.
[16Feb2026 16:58:47.540] [Server thread/DEBUG] [com.cobblemon.mod.common.Cobblemon/]: Queueing save.
[16Feb2026 16:58:47.541] [pool-4-thread-1/DEBUG] [com.cobblemon.mod.common.Cobblemon/]: Saved 0 Pokémon stores.
[16Feb2026 16:58:59.977] [Netty Epoll Server IO #1/DEBUG] [io.netty.util.Recycler/]: -Dio.netty.recycler.maxCapacityPerThread: 4096
[16Feb2026 16:58:59.977] [Netty Epoll Server IO #1/DEBUG] [io.netty.util.Recycler/]: -Dio.netty.recycler.ratio: 8
[16Feb2026 16:58:59.977] [Netty Epoll Server IO #1/DEBUG] [io.netty.util.Recycler/]: -Dio.netty.recycler.chunkSize: 32
[16Feb2026 16:58:59.977] [Netty Epoll Server IO #1/DEBUG] [io.netty.util.Recycler/]: -Dio.netty.recycler.blocking: false
[16Feb2026 16:59:17.590] [Server thread/DEBUG] [com.cobblemon.mod.common.Cobblemon/]: Serializing 0 Pokémon stores.
[16Feb2026 16:59:17.590] [Server thread/DEBUG] [com.cobblemon.mod.common.Cobblemon/]: Queueing save.
[16Feb2026 16:59:17.590] [pool-4-thread-1/DEBUG] [com.cobblemon.mod.common.Cobblemon/]: Saved 0 Pokémon stores.
[16Feb2026 16:59:23.764] [Netty Epoll Server IO #7/DEBUG] [net.minecraftforge.network.HandshakeHandler/FMLHANDSHAKE]: Starting new modded impl connection. Found 26 messages to dispatch.
[16Feb2026 16:59:23.791] [Server thread/DEBUG] [net.minecraftforge.network.HandshakeHandler/FMLHANDSHAKE]: Sending ticking packet info 'net.minecraftforge.network.HandshakeMessages$S2CModData' to 'fml:handshake' sequence 0
[16Feb2026 16:59:23.841] [Server thread/DEBUG] [net.minecraftforge.network.HandshakeHandler/FMLHANDSHAKE]: Sending ticking packet info 'net.minecraftforge.network.HandshakeMessages$S2CModList' to 'fml:handshake' sequence 1
[16Feb2026 16:59:23.891] [Server thread/DEBUG] [net.minecraftforge.network.HandshakeHandler/FMLHANDSHAKE]: Sending ticking packet info 'Registry minecraft:command_argument_type' to 'fml:handshake' sequence 2
[16Feb2026 16:59:23.941] [Server thread/DEBUG] [net.minecraftforge.network.HandshakeHandler/FMLHANDSHAKE]: Sending ticking packet info 'Registry minecraft:recipe_serializer' to 'fml:handshake' sequence 3
[16Feb2026 16:59:23.941] [Netty Epoll Server IO #7/DEBUG] [net.minecraftforge.network.LoginWrapper/FMLHANDSHAKE]: Recieved login wrapper packet event for channel fml:handshake with index 1
[16Feb2026 16:59:23.944] [Netty Epoll Server IO #7/DEBUG] [net.minecraftforge.network.HandshakeHandler/FMLHANDSHAKE]: Received client indexed reply 1 of type net.minecraftforge.network.HandshakeMessages$C2SModListReply
[16Feb2026 16:59:23.944] [Netty Epoll Server IO #7/DEBUG] [net.minecraftforge.network.HandshakeHandler/FMLHANDSHAKE]: Received client connection with modlist [fossiltweaks, beautify, jei, cobblemon_quests, cobbled_counter, journeymap, citadel, tmtcop, glitchcore, cobblemonoutbreaks, midnightlib, spawn_notification, unimplemented_items, gravels_extended_battles, cameraoverhaul, cloth_config, forge, athena, cobblemon_alatia, minecraft, simple_cobblemon_kit, terrablender, betterbeds, cobblemonintegrations, cobblemontrainers, simpletms, biomesoplenty, jade, mr_eggs_cobblemonaddon, kotlinforforge, curios, patchouli, capture_xp, megamons, cobblemon, cobbledex, cobblepedia, fightorflight, architectury, cobgyms, ftblibrary, ftbteams, ftbquests, cobblemore_lib, cobblemon_poke_labs, cobblemon_simple_center, cobblemonmegas, cobblemonrider, mythsandlegends, betterf3, unchained, cobbledollars]
[16Feb2026 16:59:23.945] [Netty Epoll Server IO #7/DEBUG] [net.minecraftforge.network.NetworkRegistry/NETREGISTRY]: Channel 'cobbledex:main' : Version test of '1' from client : ACCEPTED
[16Feb2026 16:59:23.945] [Netty Epoll Server IO #7/DEBUG] [net.minecraftforge.network.NetworkRegistry/NETREGISTRY]: Channel 'architectury:network' : Version test of '1' from client : ACCEPTED
[16Feb2026 16:59:23.945] [Netty Epoll Server IO #7/DEBUG] [net.minecraftforge.network.NetworkRegistry/NETREGISTRY]: Channel 'jei:channel' : Version test of '1.0.0' from client : ACCEPTED
[16Feb2026 16:59:23.945] [Netty Epoll Server IO #7/DEBUG] [net.minecraftforge.network.NetworkRegistry/NETREGISTRY]: Channel 'minecraft:unregister' : Version test of 'FML3' from client : ACCEPTED
[16Feb2026 16:59:23.945] [Netty Epoll Server IO #7/DEBUG] [net.minecraftforge.network.NetworkRegistry/NETREGISTRY]: Channel 'citadel:main_channel' : Version test of '1' from client : ACCEPTED
[16Feb2026 16:59:23.945] [Netty Epoll Server IO #7/DEBUG] [net.minecraftforge.network.NetworkRegistry/NETREGISTRY]: Channel 'cobblemonrider:network' : Version test of '1.0' from client : ACCEPTED
[16Feb2026 16:59:23.945] [Netty Epoll Server IO #7/DEBUG] [net.minecraftforge.network.NetworkRegistry/NETREGISTRY]: Channel 'journeymap:version' : Version test of '1' from client : ACCEPTED
[16Feb2026 16:59:23.945] [Netty Epoll Server IO #7/DEBUG] [net.minecraftforge.network.NetworkRegistry/NETREGISTRY]: Channel 'simple_cobblemon_kit:simple_cobblemon_kit' : Version test of '1' from client : ACCEPTED
[16Feb2026 16:59:23.945] [Netty Epoll Server IO #7/DEBUG] [net.minecraftforge.network.NetworkRegistry/NETREGISTRY]: Channel 'curios:main' : Version test of '1' from client : ACCEPTED
[16Feb2026 16:59:23.945] [Netty Epoll Server IO #7/DEBUG] [net.minecraftforge.network.NetworkRegistry/NETREGISTRY]: Channel 'worldinfo:world_id' : Version test of '1' from client : ACCEPTED
[16Feb2026 16:59:23.945] [Netty Epoll Server IO #7/DEBUG] [net.minecraftforge.network.NetworkRegistry/NETREGISTRY]: Channel 'journeymap:admin_req' : Version test of '1' from client : ACCEPTED
[16Feb2026 16:59:23.945] [Netty Epoll Server IO #7/DEBUG] [net.minecraftforge.network.NetworkRegistry/NETREGISTRY]: Channel 'journeymap:mp_options_req' : Version test of '1' from client : ACCEPTED
[16Feb2026 16:59:23.946] [Netty Epoll Server IO #7/DEBUG] [net.minecraftforge.network.NetworkRegistry/NETREGISTRY]: Channel 'journeymap:waypoint' : Version test of '1' from client : ACCEPTED
[16Feb2026 16:59:23.946] [Netty Epoll Server IO #7/DEBUG] [net.minecraftforge.network.NetworkRegistry/NETREGISTRY]: Channel 'fml:loginwrapper' : Version test of 'FML3' from client : ACCEPTED
[16Feb2026 16:59:23.946] [Netty Epoll Server IO #7/DEBUG] [net.minecraftforge.network.NetworkRegistry/NETREGISTRY]: Channel 'forge:tier_sorting' : Version test of '1.0' from client : ACCEPTED
[16Feb2026 16:59:23.946] [Netty Epoll Server IO #7/DEBUG] [net.minecraftforge.network.NetworkRegistry/NETREGISTRY]: Channel 'fml:play' : Version test of 'FML3' from client : ACCEPTED
[16Feb2026 16:59:23.946] [Netty Epoll Server IO #7/DEBUG] [net.minecraftforge.network.NetworkRegistry/NETREGISTRY]: Channel 'tmtcop:tmtcop' : Version test of '1' from client : ACCEPTED
[16Feb2026 16:59:23.946] [Netty Epoll Server IO #7/DEBUG] [net.minecraftforge.network.NetworkRegistry/NETREGISTRY]: Channel 'journeymap:player_loc' : Version test of '1' from client : ACCEPTED
[16Feb2026 16:59:23.946] [Netty Epoll Server IO #7/DEBUG] [net.minecraftforge.network.NetworkRegistry/NETREGISTRY]: Channel 'journeymap:admin_save' : Version test of '1' from client : ACCEPTED
[16Feb2026 16:59:23.946] [Netty Epoll Server IO #7/DEBUG] [net.minecraftforge.network.NetworkRegistry/NETREGISTRY]: Channel 'patchouli:main' : Version test of '1' from client : ACCEPTED
[16Feb2026 16:59:23.946] [Netty Epoll Server IO #7/DEBUG] [net.minecraftforge.network.NetworkRegistry/NETREGISTRY]: Channel 'journeymap:teleport_req' : Version test of '1' from client : ACCEPTED
[16Feb2026 16:59:23.946] [Netty Epoll Server IO #7/DEBUG] [net.minecraftforge.network.NetworkRegistry/NETREGISTRY]: Channel 'fml:handshake' : Version test of 'FML3' from client : ACCEPTED
[16Feb2026 16:59:23.946] [Netty Epoll Server IO #7/DEBUG] [net.minecraftforge.network.NetworkRegistry/NETREGISTRY]: Channel 'journeymap:common' : Version test of '1' from client : ACCEPTED
[16Feb2026 16:59:23.946] [Netty Epoll Server IO #7/DEBUG] [net.minecraftforge.network.NetworkRegistry/NETREGISTRY]: Channel 'cobblemonintegrations:main' : Version test of '1' from client : ACCEPTED
[16Feb2026 16:59:23.946] [Netty Epoll Server IO #7/DEBUG] [net.minecraftforge.network.NetworkRegistry/NETREGISTRY]: Channel 'minecraft:register' : Version test of 'FML3' from client : ACCEPTED
[16Feb2026 16:59:23.946] [Netty Epoll Server IO #7/DEBUG] [net.minecraftforge.network.NetworkRegistry/NETREGISTRY]: Channel 'cobblemon:main' : Version test of '1' from client : ACCEPTED
[16Feb2026 16:59:23.946] [Netty Epoll Server IO #7/DEBUG] [net.minecraftforge.network.NetworkRegistry/NETREGISTRY]: Channel 'forge:split' : Version test of '1.1' from client : ACCEPTED
[16Feb2026 16:59:23.946] [Netty Epoll Server IO #7/DEBUG] [net.minecraftforge.network.NetworkRegistry/NETREGISTRY]: Channel 'journeymap:perm_req' : Version test of '1' from client : ACCEPTED
[16Feb2026 16:59:23.946] [Netty Epoll Server IO #7/DEBUG] [net.minecraftforge.network.NetworkRegistry/NETREGISTRY]: Channel 'simpletms:main' : Version test of '1' from client : ACCEPTED
[16Feb2026 16:59:23.946] [Netty Epoll Server IO #7/DEBUG] [net.minecraftforge.network.NetworkRegistry/NETREGISTRY]: Channel 'jade:networking' : Version test of '2' from client : ACCEPTED
[16Feb2026 16:59:23.946] [Netty Epoll Server IO #7/DEBUG] [net.minecraftforge.network.NetworkRegistry/NETREGISTRY]: Accepting channel list from client
[16Feb2026 16:59:23.947] [Netty Epoll Server IO #7/DEBUG] [net.minecraftforge.network.HandshakeHandler/FMLHANDSHAKE]: Accepted client connection mod list
[16Feb2026 16:59:23.983] [Netty Epoll Server IO #7/DEBUG] [net.minecraftforge.network.LoginWrapper/FMLHANDSHAKE]: Recieved login wrapper packet event for channel fml:handshake with index 2
[16Feb2026 16:59:23.983] [Netty Epoll Server IO #7/DEBUG] [net.minecraftforge.network.HandshakeHandler/FMLHANDSHAKE]: Received client indexed reply 2 of type net.minecraftforge.network.HandshakeMessages$C2SAcknowledge
[16Feb2026 16:59:23.983] [Netty Epoll Server IO #7/DEBUG] [net.minecraftforge.network.HandshakeHandler/FMLHANDSHAKE]: Received acknowledgement from client
[16Feb2026 16:59:23.991] [Server thread/DEBUG] [net.minecraftforge.network.HandshakeHandler/FMLHANDSHAKE]: Sending ticking packet info 'Registry minecraft:sound_event' to 'fml:handshake' sequence 4
[16Feb2026 16:59:24.033] [Netty Epoll Server IO #7/DEBUG] [net.minecraftforge.network.LoginWrapper/FMLHANDSHAKE]: Recieved login wrapper packet event for channel fml:handshake with index 3
[16Feb2026 16:59:24.033] [Netty Epoll Server IO #7/DEBUG] [net.minecraftforge.network.HandshakeHandler/FMLHANDSHAKE]: Received client indexed reply 3 of type net.minecraftforge.network.HandshakeMessages$C2SAcknowledge
[16Feb2026 16:59:24.034] [Netty Epoll Server IO #7/DEBUG] [net.minecraftforge.network.HandshakeHandler/FMLHANDSHAKE]: Received acknowledgement from client
[16Feb2026 16:59:24.041] [Server thread/DEBUG] [net.minecraftforge.network.HandshakeHandler/FMLHANDSHAKE]: Sending ticking packet info 'Registry minecraft:particle_type' to 'fml:handshake' sequence 5
[16Feb2026 16:59:24.091] [Server thread/DEBUG] [net.minecraftforge.network.HandshakeHandler/FMLHANDSHAKE]: Sending ticking packet info 'Registry minecraft:villager_profession' to 'fml:handshake' sequence 6
[16Feb2026 16:59:24.141] [Server thread/DEBUG] [net.minecraftforge.network.HandshakeHandler/FMLHANDSHAKE]: Sending ticking packet info 'Registry minecraft:item' to 'fml:handshake' sequence 7
[16Feb2026 16:59:24.191] [Server thread/DEBUG] [net.minecraftforge.network.HandshakeHandler/FMLHANDSHAKE]: Sending ticking packet info 'Registry minecraft:potion' to 'fml:handshake' sequence 8
[16Feb2026 16:59:24.241] [Server thread/DEBUG] [net.minecraftforge.network.HandshakeHandler/FMLHANDSHAKE]: Sending ticking packet info 'Registry minecraft:painting_variant' to 'fml:handshake' sequence 9
[16Feb2026 16:59:24.257] [Netty Epoll Server IO #7/DEBUG] [net.minecraftforge.network.LoginWrapper/FMLHANDSHAKE]: Recieved login wrapper packet event for channel fml:handshake with index 4
[16Feb2026 16:59:24.257] [Netty Epoll Server IO #7/DEBUG] [net.minecraftforge.network.HandshakeHandler/FMLHANDSHAKE]: Received client indexed reply 4 of type net.minecraftforge.network.HandshakeMessages$C2SAcknowledge
[16Feb2026 16:59:24.257] [Netty Epoll Server IO #7/DEBUG] [net.minecraftforge.network.HandshakeHandler/FMLHANDSHAKE]: Received acknowledgement from client
[16Feb2026 16:59:24.258] [Netty Epoll Server IO #7/DEBUG] [net.minecraftforge.network.LoginWrapper/FMLHANDSHAKE]: Recieved login wrapper packet event for channel fml:handshake with index 5
[16Feb2026 16:59:24.258] [Netty Epoll Server IO #7/DEBUG] [net.minecraftforge.network.HandshakeHandler/FMLHANDSHAKE]: Received client indexed reply 5 of type net.minecraftforge.network.HandshakeMessages$C2SAcknowledge
[16Feb2026 16:59:24.258] [Netty Epoll Server IO #7/DEBUG] [net.minecraftforge.network.HandshakeHandler/FMLHANDSHAKE]: Received acknowledgement from client
[16Feb2026 16:59:24.259] [Netty Epoll Server IO #7/DEBUG] [net.minecraftforge.network.LoginWrapper/FMLHANDSHAKE]: Recieved login wrapper packet event for channel fml:handshake with index 6
[16Feb2026 16:59:24.259] [Netty Epoll Server IO #7/DEBUG] [net.minecraftforge.network.HandshakeHandler/FMLHANDSHAKE]: Received client indexed reply 6 of type net.minecraftforge.network.HandshakeMessages$C2SAcknowledge
[16Feb2026 16:59:24.259] [Netty Epoll Server IO #7/DEBUG] [net.minecraftforge.network.HandshakeHandler/FMLHANDSHAKE]: Received acknowledgement from client
[16Feb2026 16:59:24.291] [Server thread/DEBUG] [net.minecraftforge.network.HandshakeHandler/FMLHANDSHAKE]: Sending ticking packet info 'Registry forge:fluid_type' to 'fml:handshake' sequence 10
[16Feb2026 16:59:24.341] [Server thread/DEBUG] [net.minecraftforge.network.HandshakeHandler/FMLHANDSHAKE]: Sending ticking packet info 'Registry minecraft:block_entity_type' to 'fml:handshake' sequence 11
[16Feb2026 16:59:24.391] [Server thread/DEBUG] [net.minecraftforge.network.HandshakeHandler/FMLHANDSHAKE]: Sending ticking packet info 'Registry forge:display_contexts' to 'fml:handshake' sequence 12
[16Feb2026 16:59:24.441] [Server thread/DEBUG] [net.minecraftforge.network.HandshakeHandler/FMLHANDSHAKE]: Sending ticking packet info 'Registry minecraft:block' to 'fml:handshake' sequence 13
[16Feb2026 16:59:24.491] [Server thread/DEBUG] [net.minecraftforge.network.HandshakeHandler/FMLHANDSHAKE]: Sending ticking packet info 'Registry forge:entity_data_serializers' to 'fml:handshake' sequence 14
[16Feb2026 16:59:24.541] [Server thread/DEBUG] [net.minecraftforge.network.HandshakeHandler/FMLHANDSHAKE]: Sending ticking packet info 'Registry minecraft:mob_effect' to 'fml:handshake' sequence 15
[16Feb2026 16:59:24.591] [Server thread/DEBUG] [net.minecraftforge.network.HandshakeHandler/FMLHANDSHAKE]: Sending ticking packet info 'Registry minecraft:stat_type' to 'fml:handshake' sequence 16
[16Feb2026 16:59:24.641] [Server thread/DEBUG] [net.minecraftforge.network.HandshakeHandler/FMLHANDSHAKE]: Sending ticking packet info 'Registry minecraft:menu' to 'fml:handshake' sequence 17
[16Feb2026 16:59:24.691] [Server thread/DEBUG] [net.minecraftforge.network.HandshakeHandler/FMLHANDSHAKE]: Sending ticking packet info 'Registry minecraft:enchantment' to 'fml:handshake' sequence 18
[16Feb2026 16:59:24.731] [Netty Epoll Server IO #7/DEBUG] [net.minecraftforge.network.LoginWrapper/FMLHANDSHAKE]: Recieved login wrapper packet event for channel fml:handshake with index 7
[16Feb2026 16:59:24.731] [Netty Epoll Server IO #7/DEBUG] [net.minecraftforge.network.HandshakeHandler/FMLHANDSHAKE]: Received client indexed reply 7 of type net.minecraftforge.network.HandshakeMessages$C2SAcknowledge
[16Feb2026 16:59:24.731] [Netty Epoll Server IO #7/DEBUG] [net.minecraftforge.network.HandshakeHandler/FMLHANDSHAKE]: Received acknowledgement from client
[16Feb2026 16:59:24.732] [Netty Epoll Server IO #7/DEBUG] [net.minecraftforge.network.LoginWrapper/FMLHANDSHAKE]: Recieved login wrapper packet event for channel fml:handshake with index 8
[16Feb2026 16:59:24.732] [Netty Epoll Server IO #7/DEBUG] [net.minecraftforge.network.HandshakeHandler/FMLHANDSHAKE]: Received client indexed reply 8 of type net.minecraftforge.network.HandshakeMessages$C2SAcknowledge
[16Feb2026 16:59:24.732] [Netty Epoll Server IO #7/DEBUG] [net.minecraftforge.network.HandshakeHandler/FMLHANDSHAKE]: Received acknowledgement from client
[16Feb2026 16:59:24.732] [Netty Epoll Server IO #7/DEBUG] [net.minecraftforge.network.LoginWrapper/FMLHANDSHAKE]: Recieved login wrapper packet event for channel fml:handshake with index 9
[16Feb2026 16:59:24.732] [Netty Epoll Server IO #7/DEBUG] [net.minecraftforge.network.HandshakeHandler/FMLHANDSHAKE]: Received client indexed reply 9 of type net.minecraftforge.network.HandshakeMessages$C2SAcknowledge
[16Feb2026 16:59:24.732] [Netty Epoll Server IO #7/DEBUG] [net.minecraftforge.network.HandshakeHandler/FMLHANDSHAKE]: Received acknowledgement from client
[16Feb2026 16:59:24.732] [Netty Epoll Server IO #7/DEBUG] [net.minecraftforge.network.LoginWrapper/FMLHANDSHAKE]: Recieved login wrapper packet event for channel fml:handshake with index 10
[16Feb2026 16:59:24.732] [Netty Epoll Server IO #7/DEBUG] [net.minecraftforge.network.HandshakeHandler/FMLHANDSHAKE]: Received client indexed reply 10 of type net.minecraftforge.network.HandshakeMessages$C2SAcknowledge
[16Feb2026 16:59:24.733] [Netty Epoll Server IO #7/DEBUG] [net.minecraftforge.network.HandshakeHandler/FMLHANDSHAKE]: Received acknowledgement from client
[16Feb2026 16:59:24.733] [Netty Epoll Server IO #7/DEBUG] [net.minecraftforge.network.LoginWrapper/FMLHANDSHAKE]: Recieved login wrapper packet event for channel fml:handshake with index 11
[16Feb2026 16:59:24.733] [Netty Epoll Server IO #7/DEBUG] [net.minecraftforge.network.HandshakeHandler/FMLHANDSHAKE]: Received client indexed reply 11 of type net.minecraftforge.network.HandshakeMessages$C2SAcknowledge
[16Feb2026 16:59:24.733] [Netty Epoll Server IO #7/DEBUG] [net.minecraftforge.network.HandshakeHandler/FMLHANDSHAKE]: Received acknowledgement from client
[16Feb2026 16:59:24.733] [Netty Epoll Server IO #7/DEBUG] [net.minecraftforge.network.LoginWrapper/FMLHANDSHAKE]: Recieved login wrapper packet event for channel fml:handshake with index 12
[16Feb2026 16:59:24.733] [Netty Epoll Server IO #7/DEBUG] [net.minecraftforge.network.HandshakeHandler/FMLHANDSHAKE]: Received client indexed reply 12 of type net.minecraftforge.network.HandshakeMessages$C2SAcknowledge
[16Feb2026 16:59:24.733] [Netty Epoll Server IO #7/DEBUG] [net.minecraftforge.network.HandshakeHandler/FMLHANDSHAKE]: Received acknowledgement from client
[16Feb2026 16:59:24.741] [Server thread/DEBUG] [net.minecraftforge.network.HandshakeHandler/FMLHANDSHAKE]: Sending ticking packet info 'Registry minecraft:fluid' to 'fml:handshake' sequence 19
[16Feb2026 16:59:24.791] [Server thread/DEBUG] [net.minecraftforge.network.HandshakeHandler/FMLHANDSHAKE]: Sending ticking packet info 'Registry minecraft:entity_type' to 'fml:handshake' sequence 20
[16Feb2026 16:59:24.841] [Server thread/DEBUG] [net.minecraftforge.network.HandshakeHandler/FMLHANDSHAKE]: Sending ticking packet info 'Config journeymap-server.toml' to 'fml:handshake' sequence 21
[16Feb2026 16:59:24.879] [Netty Epoll Server IO #7/DEBUG] [net.minecraftforge.network.LoginWrapper/FMLHANDSHAKE]: Recieved login wrapper packet event for channel fml:handshake with index 13
[16Feb2026 16:59:24.880] [Netty Epoll Server IO #7/DEBUG] [net.minecraftforge.network.HandshakeHandler/FMLHANDSHAKE]: Received client indexed reply 13 of type net.minecraftforge.network.HandshakeMessages$C2SAcknowledge
[16Feb2026 16:59:24.880] [Netty Epoll Server IO #7/DEBUG] [net.minecraftforge.network.HandshakeHandler/FMLHANDSHAKE]: Received acknowledgement from client
[16Feb2026 16:59:24.880] [Netty Epoll Server IO #7/DEBUG] [net.minecraftforge.network.LoginWrapper/FMLHANDSHAKE]: Recieved login wrapper packet event for channel fml:handshake with index 14
[16Feb2026 16:59:24.880] [Netty Epoll Server IO #7/DEBUG] [net.minecraftforge.network.HandshakeHandler/FMLHANDSHAKE]: Received client indexed reply 14 of type net.minecraftforge.network.HandshakeMessages$C2SAcknowledge
[16Feb2026 16:59:24.880] [Netty Epoll Server IO #7/DEBUG] [net.minecraftforge.network.HandshakeHandler/FMLHANDSHAKE]: Received acknowledgement from client
[16Feb2026 16:59:24.880] [Netty Epoll Server IO #7/DEBUG] [net.minecraftforge.network.LoginWrapper/FMLHANDSHAKE]: Recieved login wrapper packet event for channel fml:handshake with index 15
[16Feb2026 16:59:24.881] [Netty Epoll Server IO #7/DEBUG] [net.minecraftforge.network.HandshakeHandler/FMLHANDSHAKE]: Received client indexed reply 15 of type net.minecraftforge.network.HandshakeMessages$C2SAcknowledge
[16Feb2026 16:59:24.881] [Netty Epoll Server IO #7/DEBUG] [net.minecraftforge.network.HandshakeHandler/FMLHANDSHAKE]: Received acknowledgement from client
[16Feb2026 16:59:24.881] [Netty Epoll Server IO #7/DEBUG] [net.minecraftforge.network.LoginWrapper/FMLHANDSHAKE]: Recieved login wrapper packet event for channel fml:handshake with index 16
[16Feb2026 16:59:24.881] [Netty Epoll Server IO #7/DEBUG] [net.minecraftforge.network.HandshakeHandler/FMLHANDSHAKE]: Received client indexed reply 16 of type net.minecraftforge.network.HandshakeMessages$C2SAcknowledge
[16Feb2026 16:59:24.881] [Netty Epoll Server IO #7/DEBUG] [net.minecraftforge.network.HandshakeHandler/FMLHANDSHAKE]: Received acknowledgement from client
[16Feb2026 16:59:24.881] [Netty Epoll Server IO #7/DEBUG] [net.minecraftforge.network.LoginWrapper/FMLHANDSHAKE]: Recieved login wrapper packet event for channel fml:handshake with index 17
[16Feb2026 16:59:24.881] [Netty Epoll Server IO #7/DEBUG] [net.minecraftforge.network.HandshakeHandler/FMLHANDSHAKE]: Received client indexed reply 17 of type net.minecraftforge.network.HandshakeMessages$C2SAcknowledge
[16Feb2026 16:59:24.881] [Netty Epoll Server IO #7/DEBUG] [net.minecraftforge.network.HandshakeHandler/FMLHANDSHAKE]: Received acknowledgement from client
[16Feb2026 16:59:24.891] [Server thread/DEBUG] [net.minecraftforge.network.HandshakeHandler/FMLHANDSHAKE]: Sending ticking packet info 'Config curios-server.toml' to 'fml:handshake' sequence 22
[16Feb2026 16:59:24.893] [Netty Epoll Server IO #7/DEBUG] [net.minecraftforge.network.LoginWrapper/FMLHANDSHAKE]: Recieved login wrapper packet event for channel fml:handshake with index 18
[16Feb2026 16:59:24.893] [Netty Epoll Server IO #7/DEBUG] [net.minecraftforge.network.HandshakeHandler/FMLHANDSHAKE]: Received client indexed reply 18 of type net.minecraftforge.network.HandshakeMessages$C2SAcknowledge
[16Feb2026 16:59:24.893] [Netty Epoll Server IO #7/DEBUG] [net.minecraftforge.network.HandshakeHandler/FMLHANDSHAKE]: Received acknowledgement from client
[16Feb2026 16:59:24.893] [Netty Epoll Server IO #7/DEBUG] [net.minecraftforge.network.LoginWrapper/FMLHANDSHAKE]: Recieved login wrapper packet event for channel fml:handshake with index 19
[16Feb2026 16:59:24.893] [Netty Epoll Server IO #7/DEBUG] [net.minecraftforge.network.HandshakeHandler/FMLHANDSHAKE]: Received client indexed reply 19 of type net.minecraftforge.network.HandshakeMessages$C2SAcknowledge
[16Feb2026 16:59:24.893] [Netty Epoll Server IO #7/DEBUG] [net.minecraftforge.network.HandshakeHandler/FMLHANDSHAKE]: Received acknowledgement from client
[16Feb2026 16:59:24.941] [Server thread/DEBUG] [net.minecraftforge.network.HandshakeHandler/FMLHANDSHAKE]: Sending ticking packet info 'Config jei-server.toml' to 'fml:handshake' sequence 23
[16Feb2026 16:59:24.991] [Server thread/DEBUG] [net.minecraftforge.network.HandshakeHandler/FMLHANDSHAKE]: Sending ticking packet info 'Config beautify-server.toml' to 'fml:handshake' sequence 24
[16Feb2026 16:59:25.041] [Server thread/DEBUG] [net.minecraftforge.network.HandshakeHandler/FMLHANDSHAKE]: Sending ticking packet info 'Config forge-server.toml' to 'fml:handshake' sequence 25
[16Feb2026 16:59:25.425] [Netty Epoll Server IO #7/DEBUG] [net.minecraftforge.network.LoginWrapper/FMLHANDSHAKE]: Recieved login wrapper packet event for channel fml:handshake with index 20
[16Feb2026 16:59:25.425] [Netty Epoll Server IO #7/DEBUG] [net.minecraftforge.network.HandshakeHandler/FMLHANDSHAKE]: Received client indexed reply 20 of type net.minecraftforge.network.HandshakeMessages$C2SAcknowledge
[16Feb2026 16:59:25.425] [Netty Epoll Server IO #7/DEBUG] [net.minecraftforge.network.HandshakeHandler/FMLHANDSHAKE]: Received acknowledgement from client
[16Feb2026 16:59:25.428] [Netty Epoll Server IO #7/DEBUG] [net.minecraftforge.network.LoginWrapper/FMLHANDSHAKE]: Recieved login wrapper packet event for channel fml:handshake with index 21
[16Feb2026 16:59:25.428] [Netty Epoll Server IO #7/DEBUG] [net.minecraftforge.network.HandshakeHandler/FMLHANDSHAKE]: Received client indexed reply 21 of type net.minecraftforge.network.HandshakeMessages$C2SAcknowledge
[16Feb2026 16:59:25.428] [Netty Epoll Server IO #7/DEBUG] [net.minecraftforge.network.HandshakeHandler/FMLHANDSHAKE]: Received acknowledgement from client
[16Feb2026 16:59:25.428] [Netty Epoll Server IO #7/DEBUG] [net.minecraftforge.network.LoginWrapper/FMLHANDSHAKE]: Recieved login wrapper packet event for channel fml:handshake with index 22
[16Feb2026 16:59:25.428] [Netty Epoll Server IO #7/DEBUG] [net.minecraftforge.network.HandshakeHandler/FMLHANDSHAKE]: Received client indexed reply 22 of type net.minecraftforge.network.HandshakeMessages$C2SAcknowledge
[16Feb2026 16:59:25.428] [Netty Epoll Server IO #7/DEBUG] [net.minecraftforge.network.HandshakeHandler/FMLHANDSHAKE]: Received acknowledgement from client
[16Feb2026 16:59:25.429] [Netty Epoll Server IO #7/DEBUG] [net.minecraftforge.network.LoginWrapper/FMLHANDSHAKE]: Recieved login wrapper packet event for channel fml:handshake with index 23
[16Feb2026 16:59:25.429] [Netty Epoll Server IO #7/DEBUG] [net.minecraftforge.network.HandshakeHandler/FMLHANDSHAKE]: Received client indexed reply 23 of type net.minecraftforge.network.HandshakeMessages$C2SAcknowledge
[16Feb2026 16:59:25.429] [Netty Epoll Server IO #7/DEBUG] [net.minecraftforge.network.HandshakeHandler/FMLHANDSHAKE]: Received acknowledgement from client
[16Feb2026 16:59:25.429] [Netty Epoll Server IO #7/DEBUG] [net.minecraftforge.network.LoginWrapper/FMLHANDSHAKE]: Recieved login wrapper packet event for channel fml:handshake with index 24
[16Feb2026 16:59:25.429] [Netty Epoll Server IO #7/DEBUG] [net.minecraftforge.network.HandshakeHandler/FMLHANDSHAKE]: Received client indexed reply 24 of type net.minecraftforge.network.HandshakeMessages$C2SAcknowledge
[16Feb2026 16:59:25.429] [Netty Epoll Server IO #7/DEBUG] [net.minecraftforge.network.HandshakeHandler/FMLHANDSHAKE]: Received acknowledgement from client
[16Feb2026 16:59:25.538] [Netty Epoll Server IO #7/DEBUG] [net.minecraftforge.network.LoginWrapper/FMLHANDSHAKE]: Recieved login wrapper packet event for channel fml:handshake with index 25
[16Feb2026 16:59:25.538] [Netty Epoll Server IO #7/DEBUG] [net.minecraftforge.network.HandshakeHandler/FMLHANDSHAKE]: Received client indexed reply 25 of type net.minecraftforge.network.HandshakeMessages$C2SAcknowledge
[16Feb2026 16:59:25.539] [Netty Epoll Server IO #7/DEBUG] [net.minecraftforge.network.HandshakeHandler/FMLHANDSHAKE]: Received acknowledgement from client
[16Feb2026 16:59:25.541] [Server thread/DEBUG] [net.minecraftforge.network.HandshakeHandler/FMLHANDSHAKE]: Handshake complete!
[16Feb2026 16:59:25.664] [Server thread/INFO] [net.minecraft.server.players.PlayerList/]: Amorger2[/10.147.18.56:65021] logged in with entity id 94 at (3208.292691747435, 69.0, -1708.0151149277337)
[16Feb2026 16:59:25.673] [Server thread/DEBUG] [net.minecraftforge.network.filters.NetworkFilters/]: Injected net.minecraftforge.network.filters.ForgeConnectionNetworkFilter@894df49 into net.minecraft.network.Connection@759396fe
[16Feb2026 16:59:25.921] [Server thread/INFO] [net.minecraft.server.MinecraftServer/]: Amorger2 joined the game
[16Feb2026 16:59:25.955] [Server thread/DEBUG] [FTB Teams/]: player f4d898ac-81ff-3a5f-8dfd-7b46bc2b0971 logged in, player team = Amorger2#f4d898ac
[16Feb2026 16:59:25.955] [Server thread/DEBUG] [FTB Teams/]: syncing player team data, all = false
[16Feb2026 16:59:25.973] [Server thread/DEBUG] [FTB Teams/]: updating team presence
[16Feb2026 16:59:25.973] [Server thread/DEBUG] [FTB Teams/]: sending team login event for f4d898ac-81ff-3a5f-8dfd-7b46bc2b0971...
[16Feb2026 16:59:25.974] [Server thread/DEBUG] [FTB Quests/]: Wrote 585 bytes, 0 objects
[16Feb2026 16:59:25.979] [Server thread/DEBUG] [FTB Teams/]: team login event for f4d898ac-81ff-3a5f-8dfd-7b46bc2b0971 sent
[16Feb2026 16:59:25.988] [Server thread/INFO] [Jade/]: Syncing config to Amorger2 (f4d898ac-81ff-3a5f-8dfd-7b46bc2b0971)
[16Feb2026 16:59:30.798] [Server thread/DEBUG] [mixin/]: Mixing cobblemon.MixinPokemonSpawnAction from cobblemonintegrations-common.mixins.json into com.cobblemon.mod.common.api.spawning.detail.PokemonSpawnAction
[16Feb2026 16:59:30.800] [Server thread/DEBUG] [mixin/]: Mixing SingleEntitySpawnActionMixin from mythsandlegends-common.cobblemon.mixins.json into com.cobblemon.mod.common.api.spawning.detail.SingleEntitySpawnAction
[16Feb2026 16:59:30.801] [Server thread/DEBUG] [mixin/]: Renaming synthetic method lambda$MythsAndLegends$removeKeyItemFromPlayer$2()Ldev/architectury/registry/registries/RegistrarManager; to md8fbb72$lambda$MythsAndLegends$removeKeyItemFromPlayer$2$0 in mythsandlegends-common.cobblemon.mixins.json:SingleEntitySpawnActionMixin
[16Feb2026 16:59:30.801] [Server thread/DEBUG] [mixin/]: Renaming synthetic method lambda$MythsAndLegends$removeCustomItemFromPlayer$1()Ldev/architectury/registry/registries/RegistrarManager; to md8fbb72$lambda$MythsAndLegends$removeCustomItemFromPlayer$1$1 in mythsandlegends-common.cobblemon.mixins.json:SingleEntitySpawnActionMixin
[16Feb2026 16:59:30.801] [Server thread/DEBUG] [mixin/]: Renaming synthetic method lambda$MythsAndLegends$removeItemFromPlayer$0()Ldev/architectury/registry/registries/RegistrarManager; to md8fbb72$lambda$MythsAndLegends$removeItemFromPlayer$0$2 in mythsandlegends-common.cobblemon.mixins.json:SingleEntitySpawnActionMixin
[16Feb2026 16:59:33.615] [Netty Epoll Server IO #2/DEBUG] [net.minecraftforge.network.HandshakeHandler/FMLHANDSHAKE]: Starting new modded impl connection. Found 26 messages to dispatch.
[16Feb2026 16:59:33.700] [Server thread/DEBUG] [net.minecraftforge.network.HandshakeHandler/FMLHANDSHAKE]: Sending ticking packet info 'net.minecraftforge.network.HandshakeMessages$S2CModData' to 'fml:handshake' sequence 0
[16Feb2026 16:59:33.709] [Server thread/DEBUG] [net.minecraftforge.network.HandshakeHandler/FMLHANDSHAKE]: Sending ticking packet info 'net.minecraftforge.network.HandshakeMessages$S2CModList' to 'fml:handshake' sequence 1
[16Feb2026 16:59:33.724] [Server thread/DEBUG] [net.minecraftforge.network.HandshakeHandler/FMLHANDSHAKE]: Sending ticking packet info 'Registry minecraft:command_argument_type' to 'fml:handshake' sequence 2
[16Feb2026 16:59:33.753] [Server thread/DEBUG] [net.minecraftforge.network.HandshakeHandler/FMLHANDSHAKE]: Sending ticking packet info 'Registry minecraft:recipe_serializer' to 'fml:handshake' sequence 3
[16Feb2026 16:59:33.801] [Server thread/DEBUG] [net.minecraftforge.network.HandshakeHandler/FMLHANDSHAKE]: Sending ticking packet info 'Registry minecraft:sound_event' to 'fml:handshake' sequence 4
[16Feb2026 16:59:33.809] [Netty Epoll Server IO #2/DEBUG] [net.minecraftforge.network.LoginWrapper/FMLHANDSHAKE]: Recieved login wrapper packet event for channel fml:handshake with index 1
[16Feb2026 16:59:33.809] [Netty Epoll Server IO #2/DEBUG] [net.minecraftforge.network.HandshakeHandler/FMLHANDSHAKE]: Received client indexed reply 1 of type net.minecraftforge.network.HandshakeMessages$C2SModListReply
[16Feb2026 16:59:33.809] [Netty Epoll Server IO #2/DEBUG] [net.minecraftforge.network.HandshakeHandler/FMLHANDSHAKE]: Received client connection with modlist [fossiltweaks, beautify, jei, cobblemon_quests, cobbled_counter, journeymap, citadel, tmtcop, glitchcore, cobblemonoutbreaks, midnightlib, spawn_notification, unimplemented_items, gravels_extended_battles, cameraoverhaul, cloth_config, forge, athena, cobblemon_alatia, minecraft, simple_cobblemon_kit, terrablender, betterbeds, cobblemonintegrations, cobblemontrainers, simpletms, biomesoplenty, jade, mr_eggs_cobblemonaddon, kotlinforforge, curios, patchouli, capture_xp, megamons, cobblemon, cobbledex, cobblepedia, fightorflight, architectury, cobgyms, ftblibrary, ftbteams, ftbquests, cobblemore_lib, cobblemon_poke_labs, cobblemon_simple_center, cobblemonmegas, cobblemonrider, mythsandlegends, betterf3, unchained, cobbledollars]
[16Feb2026 16:59:33.809] [Netty Epoll Server IO #2/DEBUG] [net.minecraftforge.network.NetworkRegistry/NETREGISTRY]: Channel 'cobbledex:main' : Version test of '1' from client : ACCEPTED
[16Feb2026 16:59:33.809] [Netty Epoll Server IO #2/DEBUG] [net.minecraftforge.network.NetworkRegistry/NETREGISTRY]: Channel 'architectury:network' : Version test of '1' from client : ACCEPTED
[16Feb2026 16:59:33.809] [Netty Epoll Server IO #2/DEBUG] [net.minecraftforge.network.NetworkRegistry/NETREGISTRY]: Channel 'jei:channel' : Version test of '1.0.0' from client : ACCEPTED
[16Feb2026 16:59:33.809] [Netty Epoll Server IO #2/DEBUG] [net.minecraftforge.network.NetworkRegistry/NETREGISTRY]: Channel 'minecraft:unregister' : Version test of 'FML3' from client : ACCEPTED
[16Feb2026 16:59:33.809] [Netty Epoll Server IO #2/DEBUG] [net.minecraftforge.network.NetworkRegistry/NETREGISTRY]: Channel 'citadel:main_channel' : Version test of '1' from client : ACCEPTED
[16Feb2026 16:59:33.809] [Netty Epoll Server IO #2/DEBUG] [net.minecraftforge.network.NetworkRegistry/NETREGISTRY]: Channel 'cobblemonrider:network' : Version test of '1.0' from client : ACCEPTED
[16Feb2026 16:59:33.809] [Netty Epoll Server IO #2/DEBUG] [net.minecraftforge.network.NetworkRegistry/NETREGISTRY]: Channel 'journeymap:version' : Version test of '1' from client : ACCEPTED
[16Feb2026 16:59:33.809] [Netty Epoll Server IO #2/DEBUG] [net.minecraftforge.network.NetworkRegistry/NETREGISTRY]: Channel 'simple_cobblemon_kit:simple_cobblemon_kit' : Version test of '1' from client : ACCEPTED
[16Feb2026 16:59:33.809] [Netty Epoll Server IO #2/DEBUG] [net.minecraftforge.network.NetworkRegistry/NETREGISTRY]: Channel 'curios:main' : Version test of '1' from client : ACCEPTED
[16Feb2026 16:59:33.809] [Netty Epoll Server IO #2/DEBUG] [net.minecraftforge.network.NetworkRegistry/NETREGISTRY]: Channel 'worldinfo:world_id' : Version test of '1' from client : ACCEPTED
[16Feb2026 16:59:33.809] [Netty Epoll Server IO #2/DEBUG] [net.minecraftforge.network.NetworkRegistry/NETREGISTRY]: Channel 'journeymap:admin_req' : Version test of '1' from client : ACCEPTED
[16Feb2026 16:59:33.809] [Netty Epoll Server IO #2/DEBUG] [net.minecraftforge.network.NetworkRegistry/NETREGISTRY]: Channel 'journeymap:mp_options_req' : Version test of '1' from client : ACCEPTED
[16Feb2026 16:59:33.809] [Netty Epoll Server IO #2/DEBUG] [net.minecraftforge.network.NetworkRegistry/NETREGISTRY]: Channel 'journeymap:waypoint' : Version test of '1' from client : ACCEPTED
[16Feb2026 16:59:33.809] [Netty Epoll Server IO #2/DEBUG] [net.minecraftforge.network.NetworkRegistry/NETREGISTRY]: Channel 'fml:loginwrapper' : Version test of 'FML3' from client : ACCEPTED
[16Feb2026 16:59:33.809] [Netty Epoll Server IO #2/DEBUG] [net.minecraftforge.network.NetworkRegistry/NETREGISTRY]: Channel 'forge:tier_sorting' : Version test of '1.0' from client : ACCEPTED
[16Feb2026 16:59:33.809] [Netty Epoll Server IO #2/DEBUG] [net.minecraftforge.network.NetworkRegistry/NETREGISTRY]: Channel 'fml:play' : Version test of 'FML3' from client : ACCEPTED
[16Feb2026 16:59:33.810] [Netty Epoll Server IO #2/DEBUG] [net.minecraftforge.network.NetworkRegistry/NETREGISTRY]: Channel 'tmtcop:tmtcop' : Version test of '1' from client : ACCEPTED
[16Feb2026 16:59:33.810] [Netty Epoll Server IO #2/DEBUG] [net.minecraftforge.network.NetworkRegistry/NETREGISTRY]: Channel 'journeymap:player_loc' : Version test of '1' from client : ACCEPTED
[16Feb2026 16:59:33.810] [Netty Epoll Server IO #2/DEBUG] [net.minecraftforge.network.NetworkRegistry/NETREGISTRY]: Channel 'journeymap:admin_save' : Version test of '1' from client : ACCEPTED
[16Feb2026 16:59:33.810] [Netty Epoll Server IO #2/DEBUG] [net.minecraftforge.network.NetworkRegistry/NETREGISTRY]: Channel 'patchouli:main' : Version test of '1' from client : ACCEPTED
[16Feb2026 16:59:33.810] [Netty Epoll Server IO #2/DEBUG] [net.minecraftforge.network.NetworkRegistry/NETREGISTRY]: Channel 'journeymap:teleport_req' : Version test of '1' from client : ACCEPTED
[16Feb2026 16:59:33.810] [Netty Epoll Server IO #2/DEBUG] [net.minecraftforge.network.NetworkRegistry/NETREGISTRY]: Channel 'fml:handshake' : Version test of 'FML3' from client : ACCEPTED
[16Feb2026 16:59:33.810] [Netty Epoll Server IO #2/DEBUG] [net.minecraftforge.network.NetworkRegistry/NETREGISTRY]: Channel 'journeymap:common' : Version test of '1' from client : ACCEPTED
[16Feb2026 16:59:33.810] [Netty Epoll Server IO #2/DEBUG] [net.minecraftforge.network.NetworkRegistry/NETREGISTRY]: Channel 'cobblemonintegrations:main' : Version test of '1' from client : ACCEPTED
[16Feb2026 16:59:33.810] [Netty Epoll Server IO #2/DEBUG] [net.minecraftforge.network.NetworkRegistry/NETREGISTRY]: Channel 'minecraft:register' : Version test of 'FML3' from client : ACCEPTED
[16Feb2026 16:59:33.810] [Netty Epoll Server IO #2/DEBUG] [net.minecraftforge.network.NetworkRegistry/NETREGISTRY]: Channel 'cobblemon:main' : Version test of '1' from client : ACCEPTED
[16Feb2026 16:59:33.810] [Netty Epoll Server IO #2/DEBUG] [net.minecraftforge.network.NetworkRegistry/NETREGISTRY]: Channel 'forge:split' : Version test of '1.1' from client : ACCEPTED
[16Feb2026 16:59:33.810] [Netty Epoll Server IO #2/DEBUG] [net.minecraftforge.network.NetworkRegistry/NETREGISTRY]: Channel 'journeymap:perm_req' : Version test of '1' from client : ACCEPTED
[16Feb2026 16:59:33.810] [Netty Epoll Server IO #2/DEBUG] [net.minecraftforge.network.NetworkRegistry/NETREGISTRY]: Channel 'simpletms:main' : Version test of '1' from client : ACCEPTED
[16Feb2026 16:59:33.810] [Netty Epoll Server IO #2/DEBUG] [net.minecraftforge.network.NetworkRegistry/NETREGISTRY]: Channel 'jade:networking' : Version test of '2' from client : ACCEPTED
[16Feb2026 16:59:33.810] [Netty Epoll Server IO #2/DEBUG] [net.minecraftforge.network.NetworkRegistry/NETREGISTRY]: Accepting channel list from client
[16Feb2026 16:59:33.810] [Netty Epoll Server IO #2/DEBUG] [net.minecraftforge.network.HandshakeHandler/FMLHANDSHAKE]: Accepted client connection mod list
[16Feb2026 16:59:33.825] [Netty Epoll Server IO #2/DEBUG] [net.minecraftforge.network.LoginWrapper/FMLHANDSHAKE]: Recieved login wrapper packet event for channel fml:handshake with index 2
[16Feb2026 16:59:33.825] [Netty Epoll Server IO #2/DEBUG] [net.minecraftforge.network.HandshakeHandler/FMLHANDSHAKE]: Received client indexed reply 2 of type net.minecraftforge.network.HandshakeMessages$C2SAcknowledge
[16Feb2026 16:59:33.825] [Netty Epoll Server IO #2/DEBUG] [net.minecraftforge.network.HandshakeHandler/FMLHANDSHAKE]: Received acknowledgement from client
[16Feb2026 16:59:33.849] [Netty Epoll Server IO #2/DEBUG] [net.minecraftforge.network.LoginWrapper/FMLHANDSHAKE]: Recieved login wrapper packet event for channel fml:handshake with index 3
[16Feb2026 16:59:33.849] [Netty Epoll Server IO #2/DEBUG] [net.minecraftforge.network.HandshakeHandler/FMLHANDSHAKE]: Received client indexed reply 3 of type net.minecraftforge.network.HandshakeMessages$C2SAcknowledge
[16Feb2026 16:59:33.849] [Netty Epoll Server IO #2/DEBUG] [net.minecraftforge.network.HandshakeHandler/FMLHANDSHAKE]: Received acknowledgement from client
[16Feb2026 16:59:33.855] [Server thread/DEBUG] [net.minecraftforge.network.HandshakeHandler/FMLHANDSHAKE]: Sending ticking packet info 'Registry minecraft:particle_type' to 'fml:handshake' sequence 5
[16Feb2026 16:59:33.999] [Netty Epoll Server IO #2/DEBUG] [net.minecraftforge.network.LoginWrapper/FMLHANDSHAKE]: Recieved login wrapper packet event for channel fml:handshake with index 4
[16Feb2026 16:59:33.999] [Netty Epoll Server IO #2/DEBUG] [net.minecraftforge.network.HandshakeHandler/FMLHANDSHAKE]: Received client indexed reply 4 of type net.minecraftforge.network.HandshakeMessages$C2SAcknowledge
[16Feb2026 16:59:33.999] [Netty Epoll Server IO #2/DEBUG] [net.minecraftforge.network.HandshakeHandler/FMLHANDSHAKE]: Received acknowledgement from client
[16Feb2026 16:59:34.000] [Netty Epoll Server IO #2/DEBUG] [net.minecraftforge.network.LoginWrapper/FMLHANDSHAKE]: Recieved login wrapper packet event for channel fml:handshake with index 5
[16Feb2026 16:59:34.000] [Netty Epoll Server IO #2/DEBUG] [net.minecraftforge.network.HandshakeHandler/FMLHANDSHAKE]: Received client indexed reply 5 of type net.minecraftforge.network.HandshakeMessages$C2SAcknowledge
[16Feb2026 16:59:34.000] [Netty Epoll Server IO #2/DEBUG] [net.minecraftforge.network.HandshakeHandler/FMLHANDSHAKE]: Received acknowledgement from client
[16Feb2026 16:59:34.957] [Server thread/DEBUG] [net.minecraftforge.network.HandshakeHandler/FMLHANDSHAKE]: Sending ticking packet info 'Registry minecraft:villager_profession' to 'fml:handshake' sequence 6
[16Feb2026 16:59:34.980] [Server thread/DEBUG] [net.minecraftforge.network.HandshakeHandler/FMLHANDSHAKE]: Sending ticking packet info 'Registry minecraft:item' to 'fml:handshake' sequence 7
[16Feb2026 16:59:35.002] [Server thread/DEBUG] [net.minecraftforge.network.HandshakeHandler/FMLHANDSHAKE]: Sending ticking packet info 'Registry minecraft:potion' to 'fml:handshake' sequence 8
[16Feb2026 16:59:35.018] [Server thread/DEBUG] [net.minecraftforge.network.HandshakeHandler/FMLHANDSHAKE]: Sending ticking packet info 'Registry minecraft:painting_variant' to 'fml:handshake' sequence 9
[16Feb2026 16:59:35.031] [Server thread/DEBUG] [net.minecraftforge.network.HandshakeHandler/FMLHANDSHAKE]: Sending ticking packet info 'Registry forge:fluid_type' to 'fml:handshake' sequence 10
[16Feb2026 16:59:35.044] [Server thread/DEBUG] [net.minecraftforge.network.HandshakeHandler/FMLHANDSHAKE]: Sending ticking packet info 'Registry minecraft:block_entity_type' to 'fml:handshake' sequence 11
[16Feb2026 16:59:35.054] [Netty Epoll Server IO #2/DEBUG] [net.minecraftforge.network.LoginWrapper/FMLHANDSHAKE]: Recieved login wrapper packet event for channel fml:handshake with index 6
[16Feb2026 16:59:35.054] [Netty Epoll Server IO #2/DEBUG] [net.minecraftforge.network.HandshakeHandler/FMLHANDSHAKE]: Received client indexed reply 6 of type net.minecraftforge.network.HandshakeMessages$C2SAcknowledge
[16Feb2026 16:59:35.054] [Netty Epoll Server IO #2/DEBUG] [net.minecraftforge.network.HandshakeHandler/FMLHANDSHAKE]: Received acknowledgement from client
[16Feb2026 16:59:35.058] [Server thread/DEBUG] [net.minecraftforge.network.HandshakeHandler/FMLHANDSHAKE]: Sending ticking packet info 'Registry forge:display_contexts' to 'fml:handshake' sequence 12
[16Feb2026 16:59:35.068] [Server thread/DEBUG] [net.minecraftforge.network.HandshakeHandler/FMLHANDSHAKE]: Sending ticking packet info 'Registry minecraft:block' to 'fml:handshake' sequence 13
[16Feb2026 16:59:35.077] [Server thread/DEBUG] [net.minecraftforge.network.HandshakeHandler/FMLHANDSHAKE]: Sending ticking packet info 'Registry forge:entity_data_serializers' to 'fml:handshake' sequence 14
[16Feb2026 16:59:35.087] [Server thread/DEBUG] [net.minecraftforge.network.HandshakeHandler/FMLHANDSHAKE]: Sending ticking packet info 'Registry minecraft:mob_effect' to 'fml:handshake' sequence 15
[16Feb2026 16:59:35.096] [Server thread/DEBUG] [net.minecraftforge.network.HandshakeHandler/FMLHANDSHAKE]: Sending ticking packet info 'Registry minecraft:stat_type' to 'fml:handshake' sequence 16
[16Feb2026 16:59:35.105] [Server thread/DEBUG] [net.minecraftforge.network.HandshakeHandler/FMLHANDSHAKE]: Sending ticking packet info 'Registry minecraft:menu' to 'fml:handshake' sequence 17
[16Feb2026 16:59:35.113] [Server thread/DEBUG] [net.minecraftforge.network.HandshakeHandler/FMLHANDSHAKE]: Sending ticking packet info 'Registry minecraft:enchantment' to 'fml:handshake' sequence 18
[16Feb2026 16:59:35.126] [Server thread/DEBUG] [net.minecraftforge.network.HandshakeHandler/FMLHANDSHAKE]: Sending ticking packet info 'Registry minecraft:fluid' to 'fml:handshake' sequence 19
[16Feb2026 16:59:35.279] [Netty Epoll Server IO #2/DEBUG] [net.minecraftforge.network.LoginWrapper/FMLHANDSHAKE]: Recieved login wrapper packet event for channel fml:handshake with index 7
[16Feb2026 16:59:35.279] [Netty Epoll Server IO #2/DEBUG] [net.minecraftforge.network.HandshakeHandler/FMLHANDSHAKE]: Received client indexed reply 7 of type net.minecraftforge.network.HandshakeMessages$C2SAcknowledge
[16Feb2026 16:59:35.279] [Netty Epoll Server IO #2/DEBUG] [net.minecraftforge.network.HandshakeHandler/FMLHANDSHAKE]: Received acknowledgement from client
[16Feb2026 16:59:35.280] [Netty Epoll Server IO #2/DEBUG] [net.minecraftforge.network.LoginWrapper/FMLHANDSHAKE]: Recieved login wrapper packet event for channel fml:handshake with index 8
[16Feb2026 16:59:35.280] [Netty Epoll Server IO #2/DEBUG] [net.minecraftforge.network.HandshakeHandler/FMLHANDSHAKE]: Received client indexed reply 8 of type net.minecraftforge.network.HandshakeMessages$C2SAcknowledge
[16Feb2026 16:59:35.280] [Netty Epoll Server IO #2/DEBUG] [net.minecraftforge.network.HandshakeHandler/FMLHANDSHAKE]: Received acknowledgement from client
[16Feb2026 16:59:35.281] [Netty Epoll Server IO #2/DEBUG] [net.minecraftforge.network.LoginWrapper/FMLHANDSHAKE]: Recieved login wrapper packet event for channel fml:handshake with index 9
[16Feb2026 16:59:35.281] [Netty Epoll Server IO #2/DEBUG] [net.minecraftforge.network.HandshakeHandler/FMLHANDSHAKE]: Received client indexed reply 9 of type net.minecraftforge.network.HandshakeMessages$C2SAcknowledge
[16Feb2026 16:59:35.281] [Netty Epoll Server IO #2/DEBUG] [net.minecraftforge.network.HandshakeHandler/FMLHANDSHAKE]: Received acknowledgement from client
[16Feb2026 16:59:35.281] [Netty Epoll Server IO #2/DEBUG] [net.minecraftforge.network.LoginWrapper/FMLHANDSHAKE]: Recieved login wrapper packet event for channel fml:handshake with index 10
[16Feb2026 16:59:35.281] [Netty Epoll Server IO #2/DEBUG] [net.minecraftforge.network.HandshakeHandler/FMLHANDSHAKE]: Received client indexed reply 10 of type net.minecraftforge.network.HandshakeMessages$C2SAcknowledge
[16Feb2026 16:59:35.281] [Netty Epoll Server IO #2/DEBUG] [net.minecraftforge.network.HandshakeHandler/FMLHANDSHAKE]: Received acknowledgement from client
[16Feb2026 16:59:35.281] [Netty Epoll Server IO #2/DEBUG] [net.minecraftforge.network.LoginWrapper/FMLHANDSHAKE]: Recieved login wrapper packet event for channel fml:handshake with index 11
[16Feb2026 16:59:35.281] [Netty Epoll Server IO #2/DEBUG] [net.minecraftforge.network.HandshakeHandler/FMLHANDSHAKE]: Received client indexed reply 11 of type net.minecraftforge.network.HandshakeMessages$C2SAcknowledge
[16Feb2026 16:59:35.281] [Netty Epoll Server IO #2/DEBUG] [net.minecraftforge.network.HandshakeHandler/FMLHANDSHAKE]: Received acknowledgement from client
[16Feb2026 16:59:35.282] [Netty Epoll Server IO #2/DEBUG] [net.minecraftforge.network.LoginWrapper/FMLHANDSHAKE]: Recieved login wrapper packet event for channel fml:handshake with index 12
[16Feb2026 16:59:35.282] [Netty Epoll Server IO #2/DEBUG] [net.minecraftforge.network.HandshakeHandler/FMLHANDSHAKE]: Received client indexed reply 12 of type net.minecraftforge.network.HandshakeMessages$C2SAcknowledge
[16Feb2026 16:59:35.282] [Netty Epoll Server IO #2/DEBUG] [net.minecraftforge.network.HandshakeHandler/FMLHANDSHAKE]: Received acknowledgement from client
[16Feb2026 16:59:35.285] [Netty Epoll Server IO #2/DEBUG] [net.minecraftforge.network.LoginWrapper/FMLHANDSHAKE]: Recieved login wrapper packet event for channel fml:handshake with index 13
[16Feb2026 16:59:35.285] [Netty Epoll Server IO #2/DEBUG] [net.minecraftforge.network.HandshakeHandler/FMLHANDSHAKE]: Received client indexed reply 13 of type net.minecraftforge.network.HandshakeMessages$C2SAcknowledge
[16Feb2026 16:59:35.285] [Netty Epoll Server IO #2/DEBUG] [net.minecraftforge.network.HandshakeHandler/FMLHANDSHAKE]: Received acknowledgement from client
[16Feb2026 16:59:35.286] [Netty Epoll Server IO #2/DEBUG] [net.minecraftforge.network.LoginWrapper/FMLHANDSHAKE]: Recieved login wrapper packet event for channel fml:handshake with index 14
[16Feb2026 16:59:35.286] [Netty Epoll Server IO #2/DEBUG] [net.minecraftforge.network.HandshakeHandler/FMLHANDSHAKE]: Received client indexed reply 14 of type net.minecraftforge.network.HandshakeMessages$C2SAcknowledge
[16Feb2026 16:59:35.286] [Netty Epoll Server IO #2/DEBUG] [net.minecraftforge.network.HandshakeHandler/FMLHANDSHAKE]: Received acknowledgement from client
[16Feb2026 16:59:35.287] [Netty Epoll Server IO #2/DEBUG] [net.minecraftforge.network.LoginWrapper/FMLHANDSHAKE]: Recieved login wrapper packet event for channel fml:handshake with index 15
[16Feb2026 16:59:35.287] [Netty Epoll Server IO #2/DEBUG] [net.minecraftforge.network.HandshakeHandler/FMLHANDSHAKE]: Received client indexed reply 15 of type net.minecraftforge.network.HandshakeMessages$C2SAcknowledge
[16Feb2026 16:59:35.287] [Netty Epoll Server IO #2/DEBUG] [net.minecraftforge.network.HandshakeHandler/FMLHANDSHAKE]: Received acknowledgement from client
[16Feb2026 16:59:35.287] [Netty Epoll Server IO #2/DEBUG] [net.minecraftforge.network.LoginWrapper/FMLHANDSHAKE]: Recieved login wrapper packet event for channel fml:handshake with index 16
[16Feb2026 16:59:35.287] [Netty Epoll Server IO #2/DEBUG] [net.minecraftforge.network.HandshakeHandler/FMLHANDSHAKE]: Received client indexed reply 16 of type net.minecraftforge.network.HandshakeMessages$C2SAcknowledge
[16Feb2026 16:59:35.287] [Netty Epoll Server IO #2/DEBUG] [net.minecraftforge.network.HandshakeHandler/FMLHANDSHAKE]: Received acknowledgement from client
[16Feb2026 16:59:35.288] [Netty Epoll Server IO #2/DEBUG] [net.minecraftforge.network.LoginWrapper/FMLHANDSHAKE]: Recieved login wrapper packet event for channel fml:handshake with index 17
[16Feb2026 16:59:35.288] [Netty Epoll Server IO #2/DEBUG] [net.minecraftforge.network.HandshakeHandler/FMLHANDSHAKE]: Received client indexed reply 17 of type net.minecraftforge.network.HandshakeMessages$C2SAcknowledge
[16Feb2026 16:59:35.288] [Netty Epoll Server IO #2/DEBUG] [net.minecraftforge.network.HandshakeHandler/FMLHANDSHAKE]: Received acknowledgement from client
[16Feb2026 16:59:35.288] [Netty Epoll Server IO #2/DEBUG] [net.minecraftforge.network.LoginWrapper/FMLHANDSHAKE]: Recieved login wrapper packet event for channel fml:handshake with index 18
[16Feb2026 16:59:35.288] [Netty Epoll Server IO #2/DEBUG] [net.minecraftforge.network.HandshakeHandler/FMLHANDSHAKE]: Received client indexed reply 18 of type net.minecraftforge.network.HandshakeMessages$C2SAcknowledge
[16Feb2026 16:59:35.288] [Netty Epoll Server IO #2/DEBUG] [net.minecraftforge.network.HandshakeHandler/FMLHANDSHAKE]: Received acknowledgement from client
[16Feb2026 16:59:35.288] [Netty Epoll Server IO #2/DEBUG] [net.minecraftforge.network.LoginWrapper/FMLHANDSHAKE]: Recieved login wrapper packet event for channel fml:handshake with index 19
[16Feb2026 16:59:35.288] [Netty Epoll Server IO #2/DEBUG] [net.minecraftforge.network.HandshakeHandler/FMLHANDSHAKE]: Received client indexed reply 19 of type net.minecraftforge.network.HandshakeMessages$C2SAcknowledge
[16Feb2026 16:59:35.288] [Netty Epoll Server IO #2/DEBUG] [net.minecraftforge.network.HandshakeHandler/FMLHANDSHAKE]: Received acknowledgement from client
[16Feb2026 16:59:35.331] [Server thread/DEBUG] [net.minecraftforge.network.HandshakeHandler/FMLHANDSHAKE]: Sending ticking packet info 'Registry minecraft:entity_type' to 'fml:handshake' sequence 20
[16Feb2026 16:59:35.344] [Server thread/DEBUG] [net.minecraftforge.network.HandshakeHandler/FMLHANDSHAKE]: Sending ticking packet info 'Config journeymap-server.toml' to 'fml:handshake' sequence 21
[16Feb2026 16:59:35.355] [Server thread/DEBUG] [net.minecraftforge.network.HandshakeHandler/FMLHANDSHAKE]: Sending ticking packet info 'Config curios-server.toml' to 'fml:handshake' sequence 22
[16Feb2026 16:59:35.365] [Server thread/DEBUG] [net.minecraftforge.network.HandshakeHandler/FMLHANDSHAKE]: Sending ticking packet info 'Config jei-server.toml' to 'fml:handshake' sequence 23
[16Feb2026 16:59:35.377] [Server thread/DEBUG] [net.minecraftforge.network.HandshakeHandler/FMLHANDSHAKE]: Sending ticking packet info 'Config beautify-server.toml' to 'fml:handshake' sequence 24
[16Feb2026 16:59:35.388] [Server thread/DEBUG] [net.minecraftforge.network.HandshakeHandler/FMLHANDSHAKE]: Sending ticking packet info 'Config forge-server.toml' to 'fml:handshake' sequence 25
[16Feb2026 16:59:35.928] [Netty Epoll Server IO #2/DEBUG] [net.minecraftforge.network.LoginWrapper/FMLHANDSHAKE]: Recieved login wrapper packet event for channel fml:handshake with index 20
[16Feb2026 16:59:35.928] [Netty Epoll Server IO #2/DEBUG] [net.minecraftforge.network.HandshakeHandler/FMLHANDSHAKE]: Received client indexed reply 20 of type net.minecraftforge.network.HandshakeMessages$C2SAcknowledge
[16Feb2026 16:59:35.928] [Netty Epoll Server IO #2/DEBUG] [net.minecraftforge.network.HandshakeHandler/FMLHANDSHAKE]: Received acknowledgement from client
[16Feb2026 16:59:35.928] [Netty Epoll Server IO #2/DEBUG] [net.minecraftforge.network.LoginWrapper/FMLHANDSHAKE]: Recieved login wrapper packet event for channel fml:handshake with index 21
[16Feb2026 16:59:35.928] [Netty Epoll Server IO #2/DEBUG] [net.minecraftforge.network.HandshakeHandler/FMLHANDSHAKE]: Received client indexed reply 21 of type net.minecraftforge.network.HandshakeMessages$C2SAcknowledge
[16Feb2026 16:59:35.928] [Netty Epoll Server IO #2/DEBUG] [net.minecraftforge.network.HandshakeHandler/FMLHANDSHAKE]: Received acknowledgement from client
[16Feb2026 16:59:35.928] [Netty Epoll Server IO #2/DEBUG] [net.minecraftforge.network.LoginWrapper/FMLHANDSHAKE]: Recieved login wrapper packet event for channel fml:handshake with index 22
[16Feb2026 16:59:35.928] [Netty Epoll Server IO #2/DEBUG] [net.minecraftforge.network.HandshakeHandler/FMLHANDSHAKE]: Received client indexed reply 22 of type net.minecraftforge.network.HandshakeMessages$C2SAcknowledge
[16Feb2026 16:59:35.928] [Netty Epoll Server IO #2/DEBUG] [net.minecraftforge.network.HandshakeHandler/FMLHANDSHAKE]: Received acknowledgement from client
[16Feb2026 16:59:35.928] [Netty Epoll Server IO #2/DEBUG] [net.minecraftforge.network.LoginWrapper/FMLHANDSHAKE]: Recieved login wrapper packet event for channel fml:handshake with index 23
[16Feb2026 16:59:35.928] [Netty Epoll Server IO #2/DEBUG] [net.minecraftforge.network.HandshakeHandler/FMLHANDSHAKE]: Received client indexed reply 23 of type net.minecraftforge.network.HandshakeMessages$C2SAcknowledge
[16Feb2026 16:59:35.928] [Netty Epoll Server IO #2/DEBUG] [net.minecraftforge.network.HandshakeHandler/FMLHANDSHAKE]: Received acknowledgement from client
[16Feb2026 16:59:35.929] [Netty Epoll Server IO #2/DEBUG] [net.minecraftforge.network.LoginWrapper/FMLHANDSHAKE]: Recieved login wrapper packet event for channel fml:handshake with index 24
[16Feb2026 16:59:35.929] [Netty Epoll Server IO #2/DEBUG] [net.minecraftforge.network.HandshakeHandler/FMLHANDSHAKE]: Received client indexed reply 24 of type net.minecraftforge.network.HandshakeMessages$C2SAcknowledge
[16Feb2026 16:59:35.929] [Netty Epoll Server IO #2/DEBUG] [net.minecraftforge.network.HandshakeHandler/FMLHANDSHAKE]: Received acknowledgement from client
[16Feb2026 16:59:35.930] [Netty Epoll Server IO #2/DEBUG] [net.minecraftforge.network.LoginWrapper/FMLHANDSHAKE]: Recieved login wrapper packet event for channel fml:handshake with index 25
[16Feb2026 16:59:35.930] [Netty Epoll Server IO #2/DEBUG] [net.minecraftforge.network.HandshakeHandler/FMLHANDSHAKE]: Received client indexed reply 25 of type net.minecraftforge.network.HandshakeMessages$C2SAcknowledge
[16Feb2026 16:59:35.930] [Netty Epoll Server IO #2/DEBUG] [net.minecraftforge.network.HandshakeHandler/FMLHANDSHAKE]: Received acknowledgement from client
[16Feb2026 16:59:35.955] [Server thread/DEBUG] [net.minecraftforge.network.HandshakeHandler/FMLHANDSHAKE]: Handshake complete!
[16Feb2026 16:59:36.133] [Server thread/INFO] [net.minecraft.server.players.PlayerList/]: Dortodoloncio[/10.147.18.192:59662] logged in with entity id 241 at (1112.0924270833843, 67.9375, -900.1779868555918)
[16Feb2026 16:59:36.134] [Server thread/DEBUG] [net.minecraftforge.network.filters.NetworkFilters/]: Injected net.minecraftforge.network.filters.ForgeConnectionNetworkFilter@6f6b052f into net.minecraft.network.Connection@3c79ce0d
[16Feb2026 16:59:36.200] [Server thread/INFO] [net.minecraft.server.MinecraftServer/]: Dortodoloncio joined the game
[16Feb2026 16:59:36.215] [Server thread/DEBUG] [FTB Teams/]: player 091afbde-1efc-39d6-9ec3-af33e116b96e logged in, player team = Dortodoloncio#091afbde
[16Feb2026 16:59:36.215] [Server thread/DEBUG] [FTB Teams/]: syncing player team data, all = false
[16Feb2026 16:59:36.227] [Server thread/DEBUG] [FTB Teams/]: updating team presence
[16Feb2026 16:59:36.227] [Server thread/DEBUG] [FTB Teams/]: sending team login event for 091afbde-1efc-39d6-9ec3-af33e116b96e...
[16Feb2026 16:59:36.228] [Server thread/DEBUG] [FTB Quests/]: Wrote 585 bytes, 0 objects
[16Feb2026 16:59:36.228] [Server thread/DEBUG] [FTB Teams/]: team login event for 091afbde-1efc-39d6-9ec3-af33e116b96e sent
[16Feb2026 16:59:36.230] [Server thread/INFO] [Jade/]: Syncing config to Dortodoloncio (091afbde-1efc-39d6-9ec3-af33e116b96e)
[16Feb2026 16:59:47.640] [Server thread/DEBUG] [com.cobblemon.mod.common.Cobblemon/]: Serializing 2 Pokémon stores.
[16Feb2026 16:59:47.641] [Server thread/DEBUG] [com.cobblemon.mod.common.Cobblemon/]: Queueing save.
[16Feb2026 16:59:47.644] [pool-4-thread-1/DEBUG] [com.cobblemon.mod.common.Cobblemon/]: Saved 2 Pokémon stores.
[16Feb2026 17:00:04.308] [Server thread/INFO] [net.minecraft.server.MinecraftServer/]: [Amorger2: Set own game mode to Creative Mode]
[16Feb2026 17:00:06.136] [Server thread/INFO] [net.minecraft.server.MinecraftServer/]: [Dortodoloncio: Teleported Dortodoloncio to Amorger2]
[16Feb2026 17:00:17.690] [Server thread/DEBUG] [com.cobblemon.mod.common.Cobblemon/]: Serializing 2 Pokémon stores.
[16Feb2026 17:00:17.691] [Server thread/DEBUG] [com.cobblemon.mod.common.Cobblemon/]: Queueing save.
[16Feb2026 17:00:17.692] [pool-4-thread-1/DEBUG] [com.cobblemon.mod.common.Cobblemon/]: Saved 2 Pokémon stores.
[16Feb2026 17:00:35.914] [Server thread/INFO] [net.minecraft.server.MinecraftServer/]: [Not Secure] <Amorger2> tu estas en creativo?
[16Feb2026 17:00:40.324] [Server thread/INFO] [net.minecraft.server.MinecraftServer/]: [Not Secure] <Dortodoloncio> no
[16Feb2026 17:00:47.731] [Server thread/INFO] [net.minecraft.server.MinecraftServer/]: [Not Secure] <Amorger2> tocaste algo deel server?
[16Feb2026 17:00:47.740] [Server thread/DEBUG] [com.cobblemon.mod.common.Cobblemon/]: Serializing 2 Pokémon stores.
[16Feb2026 17:00:47.741] [Server thread/DEBUG] [com.cobblemon.mod.common.Cobblemon/]: Queueing save.
[16Feb2026 17:00:47.744] [pool-4-thread-1/DEBUG] [com.cobblemon.mod.common.Cobblemon/]: Saved 2 Pokémon stores.
[16Feb2026 17:00:52.048] [Server thread/INFO] [net.minecraft.server.MinecraftServer/]: [Not Secure] <Dortodoloncio> peor
[16Feb2026 17:01:01.604] [Server thread/INFO] [net.minecraft.server.MinecraftServer/]: [Not Secure] <Amorger2> y xq estoy en creativo?
[16Feb2026 17:01:08.434] [Server thread/INFO] [net.minecraft.server.MinecraftServer/]: [Amorger2: Set own game mode to Survival Mode]
[16Feb2026 17:01:12.909] [Server thread/INFO] [net.minecraft.server.MinecraftServer/]: [Not Secure] <Dortodoloncio> no tengo ni idea tramposo
[16Feb2026 17:01:17.790] [Server thread/DEBUG] [com.cobblemon.mod.common.Cobblemon/]: Serializing 0 Pokémon stores.
[16Feb2026 17:01:17.790] [Server thread/DEBUG] [com.cobblemon.mod.common.Cobblemon/]: Queueing save.
[16Feb2026 17:01:17.790] [pool-4-thread-1/DEBUG] [com.cobblemon.mod.common.Cobblemon/]: Saved 0 Pokémon stores.
[16Feb2026 17:01:23.060] [Server thread/INFO] [net.minecraft.server.MinecraftServer/]: [Not Secure] <Amorger2> sisisi si no tengo nd bobo
[16Feb2026 17:01:28.848] [Server thread/INFO] [net.minecraft.server.MinecraftServer/]: [Not Secure] <Dortodoloncio> xd
[16Feb2026 17:01:29.011] [Server thread/INFO] [net.minecraft.server.MinecraftServer/]: [Not Secure] <Amorger2> solo pokebal rojas
[16Feb2026 17:01:36.668] [Server thread/INFO] [net.minecraft.server.MinecraftServer/]: [Not Secure] <Dortodoloncio> ps ns
[16Feb2026 17:01:36.721] [Server thread/INFO] [net.minecraft.server.MinecraftServer/]: [Not Secure] <Amorger2> a ver q era
[16Feb2026 17:01:44.061] [Server thread/INFO] [net.minecraft.server.MinecraftServer/]: [Not Secure] <Dortodoloncio> q cosa
[16Feb2026 17:01:44.667] [Server thread/INFO] [net.minecraft.server.MinecraftServer/]: [Not Secure] <Amorger2> lo q me ibas a mostrar
[16Feb2026 17:01:47.840] [Server thread/DEBUG] [com.cobblemon.mod.common.Cobblemon/]: Serializing 0 Pokémon stores.
[16Feb2026 17:01:47.840] [Server thread/DEBUG] [com.cobblemon.mod.common.Cobblemon/]: Queueing save.
[16Feb2026 17:01:47.840] [pool-4-thread-1/DEBUG] [com.cobblemon.mod.common.Cobblemon/]: Saved 0 Pokémon stores.
[16Feb2026 17:01:48.920] [Server thread/INFO] [net.minecraft.server.MinecraftServer/]: [Not Secure] <Amorger2> de pvp
[16Feb2026 17:01:59.103] [Server thread/INFO] [net.minecraft.server.MinecraftServer/]: [Not Secure] <Amorger2> alaaaaaaaaaaaaaaaaaaa
[16Feb2026 17:02:16.156] [Server thread/INFO] [net.minecraft.server.MinecraftServer/]: [Not Secure] <Dortodoloncio> listo para la cogida
[16Feb2026 17:02:17.890] [Server thread/DEBUG] [com.cobblemon.mod.common.Cobblemon/]: Serializing 1 Pokémon stores.
[16Feb2026 17:02:17.890] [Server thread/DEBUG] [com.cobblemon.mod.common.Cobblemon/]: Queueing save.
[16Feb2026 17:02:17.892] [pool-4-thread-1/DEBUG] [com.cobblemon.mod.common.Cobblemon/]: Saved 1 Pokémon stores.
[16Feb2026 17:02:18.108] [Server thread/INFO] [net.minecraft.server.MinecraftServer/]: [Not Secure] <Amorger2> yo te dije q me avises de veias un fenequin ;(
[16Feb2026 17:02:32.450] [Server thread/INFO] [net.minecraft.server.MinecraftServer/]: [Not Secure] <Dortodoloncio> xd lo encontre a nuvel
[16Feb2026 17:02:40.146] [Server thread/INFO] [net.minecraft.server.MinecraftServer/]: [Not Secure] <Dortodoloncio> 69 y no lo desaprobeche
[16Feb2026 17:02:47.940] [Server thread/DEBUG] [com.cobblemon.mod.common.Cobblemon/]: Serializing 1 Pokémon stores.
[16Feb2026 17:02:47.940] [Server thread/DEBUG] [com.cobblemon.mod.common.Cobblemon/]: Queueing save.
[16Feb2026 17:02:47.941] [pool-4-thread-1/DEBUG] [com.cobblemon.mod.common.Cobblemon/]: Saved 1 Pokémon stores.
[16Feb2026 17:02:55.365] [Server thread/INFO] [net.minecraft.server.MinecraftServer/]: [Not Secure] <Dortodoloncio> todo pa ganar xd
[16Feb2026 17:03:17.471] [Server thread/DEBUG] [mixin/]: Mixing PlayerBattleActorMixin from cobblemontrainers-common.mixins.json into com.cobblemon.mod.common.battles.actor.PlayerBattleActor
[16Feb2026 17:03:18.064] [Server thread/DEBUG] [net.minecraftforge.common.ForgeHooks/WP]: Gathering id map for writing to world save world
[16Feb2026 17:03:18.078] [Server thread/DEBUG] [net.minecraftforge.common.ForgeHooks/WP]: ID Map collection complete world
[16Feb2026 17:03:18.126] [Server thread/DEBUG] [mixin/]: Mixing SwitchInstructionMixin from cobblemontrainers-common.mixins.json into com.cobblemon.mod.common.battles.interpreter.instructions.SwitchInstruction
[16Feb2026 17:03:18.232] [Server thread/DEBUG] [com.cobblemon.mod.common.Cobblemon/]: Serializing 3 Pokémon stores.
[16Feb2026 17:03:18.234] [Server thread/DEBUG] [com.cobblemon.mod.common.Cobblemon/]: Queueing save.
[16Feb2026 17:03:18.237] [pool-4-thread-1/DEBUG] [com.cobblemon.mod.common.Cobblemon/]: Saved 3 Pokémon stores.
[16Feb2026 17:03:48.040] [Server thread/DEBUG] [com.cobblemon.mod.common.Cobblemon/]: Serializing 3 Pokémon stores.
[16Feb2026 17:03:48.041] [Server thread/DEBUG] [com.cobblemon.mod.common.Cobblemon/]: Queueing save.
[16Feb2026 17:03:48.045] [pool-4-thread-1/DEBUG] [com.cobblemon.mod.common.Cobblemon/]: Saved 3 Pokémon stores.
[16Feb2026 17:04:18.090] [Server thread/DEBUG] [com.cobblemon.mod.common.Cobblemon/]: Serializing 2 Pokémon stores.
[16Feb2026 17:04:18.092] [Server thread/DEBUG] [com.cobblemon.mod.common.Cobblemon/]: Queueing save.
[16Feb2026 17:04:18.096] [pool-4-thread-1/DEBUG] [com.cobblemon.mod.common.Cobblemon/]: Saved 2 Pokémon stores.
[16Feb2026 17:04:48.140] [Server thread/DEBUG] [com.cobblemon.mod.common.Cobblemon/]: Serializing 2 Pokémon stores.
[16Feb2026 17:04:48.141] [Server thread/DEBUG] [com.cobblemon.mod.common.Cobblemon/]: Queueing save.
[16Feb2026 17:04:48.142] [pool-4-thread-1/DEBUG] [com.cobblemon.mod.common.Cobblemon/]: Saved 2 Pokémon stores.
[16Feb2026 17:05:18.190] [Server thread/DEBUG] [com.cobblemon.mod.common.Cobblemon/]: Serializing 2 Pokémon stores.
[16Feb2026 17:05:18.190] [Server thread/DEBUG] [com.cobblemon.mod.common.Cobblemon/]: Queueing save.
[16Feb2026 17:05:18.192] [pool-4-thread-1/DEBUG] [com.cobblemon.mod.common.Cobblemon/]: Saved 2 Pokémon stores.
[16Feb2026 17:05:44.952] [Server thread/INFO] [net.minecraft.server.MinecraftServer/]: [Not Secure] <Amorger2> xq vrg es nivel 70
[16Feb2026 17:05:48.240] [Server thread/DEBUG] [com.cobblemon.mod.common.Cobblemon/]: Serializing 2 Pokémon stores.
[16Feb2026 17:05:48.240] [Server thread/DEBUG] [com.cobblemon.mod.common.Cobblemon/]: Queueing save.
[16Feb2026 17:05:48.242] [pool-4-thread-1/DEBUG] [com.cobblemon.mod.common.Cobblemon/]: Saved 2 Pokémon stores.
[16Feb2026 17:06:18.290] [Server thread/DEBUG] [com.cobblemon.mod.common.Cobblemon/]: Serializing 2 Pokémon stores.
[16Feb2026 17:06:18.291] [Server thread/DEBUG] [com.cobblemon.mod.common.Cobblemon/]: Queueing save.
[16Feb2026 17:06:18.293] [pool-4-thread-1/DEBUG] [com.cobblemon.mod.common.Cobblemon/]: Saved 2 Pokémon stores.
[16Feb2026 17:06:38.547] [Server thread/ERROR] [com.scouter.cobbleoutbreaks.data.OutbreaksJsonDataManager/]: Tag for TagKey[minecraft:worldgen/biome / cobblemon:is_abyss] does not have any biomes!
[16Feb2026 17:06:38.547] [Server thread/ERROR] [com.scouter.cobbleoutbreaks.data.OutbreaksJsonDataManager/]: Outbreak for cobblemonoutbreaks:haunter_outbreak might not have any biomes assigned!
[16Feb2026 17:06:38.548] [Server thread/INFO] [com.scouter.cobbleoutbreaks.data.OutbreaksJsonDataManager/]: Registered 79 biomes with pokemon!
[16Feb2026 17:06:48.340] [Server thread/DEBUG] [com.cobblemon.mod.common.Cobblemon/]: Serializing 2 Pokémon stores.
[16Feb2026 17:06:48.340] [Server thread/DEBUG] [com.cobblemon.mod.common.Cobblemon/]: Queueing save.
[16Feb2026 17:06:48.342] [pool-4-thread-1/DEBUG] [com.cobblemon.mod.common.Cobblemon/]: Saved 2 Pokémon stores.
[16Feb2026 17:07:18.390] [Server thread/DEBUG] [com.cobblemon.mod.common.Cobblemon/]: Serializing 2 Pokémon stores.
[16Feb2026 17:07:18.391] [Server thread/DEBUG] [com.cobblemon.mod.common.Cobblemon/]: Queueing save.
[16Feb2026 17:07:18.392] [pool-4-thread-1/DEBUG] [com.cobblemon.mod.common.Cobblemon/]: Saved 2 Pokémon stores.
[16Feb2026 17:07:19.020] [Server thread/INFO] [net.minecraft.server.MinecraftServer/]: [Amorger2: Fully healed Amorger2's party.]
[16Feb2026 17:07:48.440] [Server thread/DEBUG] [com.cobblemon.mod.common.Cobblemon/]: Serializing 2 Pokémon stores.
[16Feb2026 17:07:48.440] [Server thread/DEBUG] [com.cobblemon.mod.common.Cobblemon/]: Queueing save.
[16Feb2026 17:07:48.506] [pool-4-thread-1/DEBUG] [com.cobblemon.mod.common.Cobblemon/]: Saved 2 Pokémon stores.
[16Feb2026 17:08:17.557] [Server thread/DEBUG] [net.minecraftforge.common.ForgeHooks/WP]: Gathering id map for writing to world save world
[16Feb2026 17:08:17.565] [Server thread/DEBUG] [net.minecraftforge.common.ForgeHooks/WP]: ID Map collection complete world
[16Feb2026 17:08:18.490] [Server thread/DEBUG] [com.cobblemon.mod.common.Cobblemon/]: Serializing 1 Pokémon stores.
[16Feb2026 17:08:18.490] [Server thread/DEBUG] [com.cobblemon.mod.common.Cobblemon/]: Queueing save.
[16Feb2026 17:08:18.528] [pool-4-thread-1/DEBUG] [com.cobblemon.mod.common.Cobblemon/]: Saved 1 Pokémon stores.
[16Feb2026 17:08:31.636] [Server thread/INFO] [net.minecraft.server.MinecraftServer/]: [Amorger2: Teleported Amorger2 to 3194.500000, 67.000000, -1740.500000]
[16Feb2026 17:08:48.540] [Server thread/DEBUG] [com.cobblemon.mod.common.Cobblemon/]: Serializing 2 Pokémon stores.
[16Feb2026 17:08:48.540] [Server thread/DEBUG] [com.cobblemon.mod.common.Cobblemon/]: Queueing save.
[16Feb2026 17:08:48.542] [pool-4-thread-1/DEBUG] [com.cobblemon.mod.common.Cobblemon/]: Saved 2 Pokémon stores.
[16Feb2026 17:09:18.590] [Server thread/DEBUG] [com.cobblemon.mod.common.Cobblemon/]: Serializing 1 Pokémon stores.
[16Feb2026 17:09:18.590] [Server thread/DEBUG] [com.cobblemon.mod.common.Cobblemon/]: Queueing save.
[16Feb2026 17:09:18.591] [pool-4-thread-1/DEBUG] [com.cobblemon.mod.common.Cobblemon/]: Saved 1 Pokémon stores.
[16Feb2026 17:09:48.640] [Server thread/DEBUG] [com.cobblemon.mod.common.Cobblemon/]: Serializing 1 Pokémon stores.
[16Feb2026 17:09:48.640] [Server thread/DEBUG] [com.cobblemon.mod.common.Cobblemon/]: Queueing save.
[16Feb2026 17:09:48.641] [pool-4-thread-1/DEBUG] [com.cobblemon.mod.common.Cobblemon/]: Saved 1 Pokémon stores.
[16Feb2026 17:10:18.690] [Server thread/DEBUG] [com.cobblemon.mod.common.Cobblemon/]: Serializing 1 Pokémon stores.
[16Feb2026 17:10:18.690] [Server thread/DEBUG] [com.cobblemon.mod.common.Cobblemon/]: Queueing save.
[16Feb2026 17:10:18.691] [pool-4-thread-1/DEBUG] [com.cobblemon.mod.common.Cobblemon/]: Saved 1 Pokémon stores.
[16Feb2026 17:10:25.252] [Server thread/INFO] [net.minecraft.server.MinecraftServer/]: [Dortodoloncio: Fully healed Dortodoloncio's party.]
[16Feb2026 17:10:48.740] [Server thread/DEBUG] [com.cobblemon.mod.common.Cobblemon/]: Serializing 1 Pokémon stores.
[16Feb2026 17:10:48.740] [Server thread/DEBUG] [com.cobblemon.mod.common.Cobblemon/]: Queueing save.
[16Feb2026 17:10:48.741] [pool-4-thread-1/DEBUG] [com.cobblemon.mod.common.Cobblemon/]: Saved 1 Pokémon stores.
[16Feb2026 17:11:18.790] [Server thread/DEBUG] [com.cobblemon.mod.common.Cobblemon/]: Serializing 0 Pokémon stores.
[16Feb2026 17:11:18.790] [Server thread/DEBUG] [com.cobblemon.mod.common.Cobblemon/]: Queueing save.
[16Feb2026 17:11:18.790] [pool-4-thread-1/DEBUG] [com.cobblemon.mod.common.Cobblemon/]: Saved 0 Pokémon stores.
[16Feb2026 17:11:48.840] [Server thread/DEBUG] [com.cobblemon.mod.common.Cobblemon/]: Serializing 0 Pokémon stores.
[16Feb2026 17:11:48.840] [Server thread/DEBUG] [com.cobblemon.mod.common.Cobblemon/]: Queueing save.
[16Feb2026 17:11:48.840] [pool-4-thread-1/DEBUG] [com.cobblemon.mod.common.Cobblemon/]: Saved 0 Pokémon stores.
[16Feb2026 17:12:09.241] [Worker-Main-3/DEBUG] [io.netty.util.internal.ThreadLocalRandom/]: -Dio.netty.initialSeedUniquifier: 0xde9ec29185b9ce0e
[16Feb2026 17:12:18.890] [Server thread/DEBUG] [com.cobblemon.mod.common.Cobblemon/]: Serializing 0 Pokémon stores.
[16Feb2026 17:12:18.890] [Server thread/DEBUG] [com.cobblemon.mod.common.Cobblemon/]: Queueing save.
[16Feb2026 17:12:18.890] [pool-4-thread-1/DEBUG] [com.cobblemon.mod.common.Cobblemon/]: Saved 0 Pokémon stores.
[16Feb2026 17:12:48.940] [Server thread/DEBUG] [com.cobblemon.mod.common.Cobblemon/]: Serializing 1 Pokémon stores.
[16Feb2026 17:12:48.940] [Server thread/DEBUG] [com.cobblemon.mod.common.Cobblemon/]: Queueing save.
[16Feb2026 17:12:48.941] [pool-4-thread-1/DEBUG] [com.cobblemon.mod.common.Cobblemon/]: Saved 1 Pokémon stores.
[16Feb2026 17:12:55.233] [Server thread/DEBUG] [Cobbledex/]: Saving 63 entries to /workspaces/RPG_minecraft/servidor_minecraft/./world/./cobbledex-coop.json
[16Feb2026 17:13:01.914] [Server thread/INFO] [net.minecraft.server.commands.LocateCommand/]: Locating element #cobblemon:is_cold_ocean (minecraft:cold_ocean) took 1184 ms
[16Feb2026 17:13:17.537] [Server thread/DEBUG] [net.minecraftforge.common.ForgeHooks/WP]: Gathering id map for writing to world save world
[16Feb2026 17:13:17.545] [Server thread/DEBUG] [net.minecraftforge.common.ForgeHooks/WP]: ID Map collection complete world
[16Feb2026 17:13:18.781] [Server thread/DEBUG] [Cobbledex/]: Saving 64 entries to /workspaces/RPG_minecraft/servidor_minecraft/./world/./cobbledex-coop.json
[16Feb2026 17:13:18.990] [Server thread/DEBUG] [com.cobblemon.mod.common.Cobblemon/]: Serializing 2 Pokémon stores.
[16Feb2026 17:13:18.991] [Server thread/DEBUG] [com.cobblemon.mod.common.Cobblemon/]: Queueing save.
[16Feb2026 17:13:18.993] [pool-4-thread-1/DEBUG] [com.cobblemon.mod.common.Cobblemon/]: Saved 2 Pokémon stores.
[16Feb2026 17:13:28.390] [Worker-Main-3/DEBUG] [mixin/]: Mixing StructurePoolGeneratorMixin from mixins.cobblemon-common.json into net.minecraft.world.level.levelgen.structure.pools.JigsawPlacement$Placer
[16Feb2026 17:13:31.640] [Server thread/INFO] [net.minecraft.server.MinecraftServer/]: [Amorger2: Teleported Amorger2 to 1755.500000, 63.000000, -3760.500000]
[16Feb2026 17:13:31.641] [Server thread/WARN] [net.minecraft.server.MinecraftServer/]: Can't keep up! Is the server overloaded? Running 3250ms or 65 ticks behind
[16Feb2026 17:13:32.576] [Worker-Main-10/WARN] [net.minecraft.world.level.levelgen.structure.pools.JigsawPlacement/]: Empty or non-existent pool: minecraft:ruins/forest_ruins_gate
[16Feb2026 17:13:32.576] [Worker-Main-10/WARN] [net.minecraft.world.level.levelgen.structure.pools.JigsawPlacement/]: Empty or non-existent pool: minecraft:ruins/forest_ruins_gate
[16Feb2026 17:13:32.599] [Worker-Main-10/WARN] [net.minecraft.world.level.levelgen.structure.pools.JigsawPlacement/]: Empty or non-existent pool: minecraft:ruins/forest_ruins_gate
[16Feb2026 17:13:52.298] [Server thread/DEBUG] [com.cobblemon.mod.common.Cobblemon/]: Serializing 1 Pokémon stores.
[16Feb2026 17:13:52.299] [Server thread/DEBUG] [com.cobblemon.mod.common.Cobblemon/]: Queueing save.
[16Feb2026 17:13:52.301] [pool-4-thread-1/DEBUG] [com.cobblemon.mod.common.Cobblemon/]: Saved 1 Pokémon stores.
[16Feb2026 17:13:59.501] [Server thread/WARN] [net.minecraft.world.level.chunk.LevelChunk/]: Tried to load a block entity for block Block{cobblemon:pc}[facing=west,on=false,part=top,waterlogged=false] but failed at location BlockPos{x=1666, y=70, z=-3588}
[16Feb2026 17:14:22.340] [Server thread/DEBUG] [com.cobblemon.mod.common.Cobblemon/]: Serializing 2 Pokémon stores.
[16Feb2026 17:14:22.341] [Server thread/DEBUG] [com.cobblemon.mod.common.Cobblemon/]: Queueing save.
[16Feb2026 17:14:22.344] [pool-4-thread-1/DEBUG] [com.cobblemon.mod.common.Cobblemon/]: Saved 2 Pokémon stores.
[16Feb2026 17:14:34.368] [Server thread/WARN] [net.minecraft.world.level.chunk.LevelChunk/]: Tried to load a block entity for block Block{cobblemon:pc}[facing=east,on=false,part=top,waterlogged=false] but failed at location BlockPos{x=3662, y=78, z=-1612}
[16Feb2026 17:14:52.390] [Server thread/DEBUG] [com.cobblemon.mod.common.Cobblemon/]: Serializing 1 Pokémon stores.
[16Feb2026 17:14:52.390] [Server thread/DEBUG] [com.cobblemon.mod.common.Cobblemon/]: Queueing save.
[16Feb2026 17:14:52.391] [pool-4-thread-1/DEBUG] [com.cobblemon.mod.common.Cobblemon/]: Saved 1 Pokémon stores.
[16Feb2026 17:15:22.440] [Server thread/DEBUG] [com.cobblemon.mod.common.Cobblemon/]: Serializing 0 Pokémon stores.
[16Feb2026 17:15:22.440] [Server thread/DEBUG] [com.cobblemon.mod.common.Cobblemon/]: Queueing save.
[16Feb2026 17:15:22.440] [pool-4-thread-1/DEBUG] [com.cobblemon.mod.common.Cobblemon/]: Saved 0 Pokémon stores.
[16Feb2026 17:15:52.490] [Server thread/DEBUG] [com.cobblemon.mod.common.Cobblemon/]: Serializing 0 Pokémon stores.
[16Feb2026 17:15:52.490] [Server thread/DEBUG] [com.cobblemon.mod.common.Cobblemon/]: Queueing save.
[16Feb2026 17:15:52.491] [pool-4-thread-1/DEBUG] [com.cobblemon.mod.common.Cobblemon/]: Saved 0 Pokémon stores.
[16Feb2026 17:16:22.540] [Server thread/DEBUG] [com.cobblemon.mod.common.Cobblemon/]: Serializing 0 Pokémon stores.
[16Feb2026 17:16:22.540] [Server thread/DEBUG] [com.cobblemon.mod.common.Cobblemon/]: Queueing save.
[16Feb2026 17:16:22.541] [pool-4-thread-1/DEBUG] [com.cobblemon.mod.common.Cobblemon/]: Saved 0 Pokémon stores.
[16Feb2026 17:16:29.711] [Server thread/DEBUG] [mixin/]: Mixing MixinPiglinAi from curios.mixins.json into net.minecraft.world.entity.monster.piglin.PiglinAi
[16Feb2026 17:16:29.711] [Server thread/DEBUG] [mixin/]: Mixing PiglinBarterMixin from mixins.cobblemon-common.json into net.minecraft.world.entity.monster.piglin.PiglinAi
[16Feb2026 17:16:35.960] [Server thread/WARN] [net.minecraft.world.level.chunk.LevelChunk/]: Tried to load a block entity for block Block{cobblemon:pc}[facing=west,on=false,part=top,waterlogged=false] but failed at location BlockPos{x=4066, y=68, z=-1588}
[16Feb2026 17:16:37.254] [Server thread/WARN] [net.minecraft.world.level.chunk.LevelChunk/]: Tried to load a block entity for block Block{cobblemon:pc}[facing=east,on=false,part=top,waterlogged=false] but failed at location BlockPos{x=2046, y=64, z=-3580}
[16Feb2026 17:16:52.603] [Server thread/DEBUG] [com.cobblemon.mod.common.Cobblemon/]: Serializing 0 Pokémon stores.
[16Feb2026 17:16:52.603] [Server thread/DEBUG] [com.cobblemon.mod.common.Cobblemon/]: Queueing save.
[16Feb2026 17:16:52.604] [pool-4-thread-1/DEBUG] [com.cobblemon.mod.common.Cobblemon/]: Saved 0 Pokémon stores.
[16Feb2026 17:17:10.202] [Server thread/WARN] [net.minecraft.world.level.chunk.LevelChunk/]: Tried to load a block entity for block Block{cobblemon:pc}[facing=south,on=false,part=top,waterlogged=false] but failed at location BlockPos{x=2012, y=64, z=-3986}
[16Feb2026 17:17:22.640] [Server thread/DEBUG] [com.cobblemon.mod.common.Cobblemon/]: Serializing 0 Pokémon stores.
[16Feb2026 17:17:22.640] [Server thread/DEBUG] [com.cobblemon.mod.common.Cobblemon/]: Queueing save.
[16Feb2026 17:17:22.640] [pool-4-thread-1/DEBUG] [com.cobblemon.mod.common.Cobblemon/]: Saved 0 Pokémon stores.
[16Feb2026 17:17:31.679] [Server thread/WARN] [net.minecraft.server.MinecraftServer/]: Can't keep up! Is the server overloaded? Running 6338ms or 126 ticks behind
[16Feb2026 17:17:31.706] [Server thread/WARN] [net.minecraft.server.network.ServerGamePacketListenerImpl/]: Dortodoloncio moved too quickly! -3.5114913648362744,-1.2392592750642422,-9.354058541566928
[16Feb2026 17:17:58.471] [Server thread/WARN] [net.minecraft.world.level.chunk.LevelChunk/]: Tried to load a block entity for block Block{cobblemon:pc}[facing=north,on=false,part=top,waterlogged=false] but failed at location BlockPos{x=4004, y=72, z=-1950}
[16Feb2026 17:17:58.990] [Server thread/DEBUG] [com.cobblemon.mod.common.Cobblemon/]: Serializing 0 Pokémon stores.
[16Feb2026 17:17:58.990] [Server thread/DEBUG] [com.cobblemon.mod.common.Cobblemon/]: Queueing save.
[16Feb2026 17:17:58.990] [pool-4-thread-1/DEBUG] [com.cobblemon.mod.common.Cobblemon/]: Saved 0 Pokémon stores.
[16Feb2026 17:18:27.079] [Server thread/DEBUG] [net.minecraftforge.common.ForgeHooks/WP]: Gathering id map for writing to world save world
[16Feb2026 17:18:27.088] [Server thread/DEBUG] [net.minecraftforge.common.ForgeHooks/WP]: ID Map collection complete world
[16Feb2026 17:18:29.040] [Server thread/DEBUG] [com.cobblemon.mod.common.Cobblemon/]: Serializing 0 Pokémon stores.
[16Feb2026 17:18:29.040] [Server thread/DEBUG] [com.cobblemon.mod.common.Cobblemon/]: Queueing save.
[16Feb2026 17:18:29.040] [pool-4-thread-1/DEBUG] [com.cobblemon.mod.common.Cobblemon/]: Saved 0 Pokémon stores.
[16Feb2026 17:18:39.359] [Server thread/WARN] [net.minecraft.world.level.chunk.LevelChunk/]: Tried to load a block entity for block Block{cobblemon:pc}[facing=east,on=false,part=top,waterlogged=false] but failed at location BlockPos{x=3646, y=64, z=-1948}
[16Feb2026 17:18:59.090] [Server thread/DEBUG] [com.cobblemon.mod.common.Cobblemon/]: Serializing 0 Pokémon stores.
[16Feb2026 17:18:59.091] [Server thread/DEBUG] [com.cobblemon.mod.common.Cobblemon/]: Queueing save.
[16Feb2026 17:18:59.094] [pool-4-thread-1/DEBUG] [com.cobblemon.mod.common.Cobblemon/]: Saved 0 Pokémon stores.
[16Feb2026 17:19:29.140] [Server thread/DEBUG] [com.cobblemon.mod.common.Cobblemon/]: Serializing 1 Pokémon stores.
[16Feb2026 17:19:29.140] [Server thread/DEBUG] [com.cobblemon.mod.common.Cobblemon/]: Queueing save.
[16Feb2026 17:19:29.141] [pool-4-thread-1/DEBUG] [com.cobblemon.mod.common.Cobblemon/]: Saved 1 Pokémon stores.
[16Feb2026 17:19:59.190] [Server thread/DEBUG] [com.cobblemon.mod.common.Cobblemon/]: Serializing 2 Pokémon stores.
[16Feb2026 17:19:59.191] [Server thread/DEBUG] [com.cobblemon.mod.common.Cobblemon/]: Queueing save.
[16Feb2026 17:19:59.196] [pool-4-thread-1/DEBUG] [com.cobblemon.mod.common.Cobblemon/]: Saved 2 Pokémon stores.
[16Feb2026 17:20:29.240] [Server thread/DEBUG] [com.cobblemon.mod.common.Cobblemon/]: Serializing 3 Pokémon stores.
[16Feb2026 17:20:29.241] [Server thread/DEBUG] [com.cobblemon.mod.common.Cobblemon/]: Queueing save.
[16Feb2026 17:20:29.244] [pool-4-thread-1/DEBUG] [com.cobblemon.mod.common.Cobblemon/]: Saved 3 Pokémon stores.
[16Feb2026 17:20:36.608] [Server thread/DEBUG] [Cobbledex/]: Saving 65 entries to /workspaces/RPG_minecraft/servidor_minecraft/./world/./cobbledex-coop.json
[16Feb2026 17:20:55.307] [Server thread/INFO] [net.minecraft.server.network.ServerGamePacketListenerImpl/]: Amorger2 lost connection: Disconnected
[16Feb2026 17:20:55.307] [Server thread/INFO] [net.minecraft.server.MinecraftServer/]: Amorger2 left the game
[16Feb2026 17:20:58.033] [Netty Epoll Server IO #3/DEBUG] [net.minecraftforge.network.HandshakeHandler/FMLHANDSHAKE]: Starting new modded impl connection. Found 26 messages to dispatch.
[16Feb2026 17:20:58.048] [Server thread/DEBUG] [net.minecraftforge.network.HandshakeHandler/FMLHANDSHAKE]: Sending ticking packet info 'net.minecraftforge.network.HandshakeMessages$S2CModData' to 'fml:handshake' sequence 0
[16Feb2026 17:20:58.098] [Server thread/DEBUG] [net.minecraftforge.network.HandshakeHandler/FMLHANDSHAKE]: Sending ticking packet info 'net.minecraftforge.network.HandshakeMessages$S2CModList' to 'fml:handshake' sequence 1
[16Feb2026 17:20:58.147] [Server thread/DEBUG] [net.minecraftforge.network.HandshakeHandler/FMLHANDSHAKE]: Sending ticking packet info 'Registry minecraft:command_argument_type' to 'fml:handshake' sequence 2
[16Feb2026 17:20:58.197] [Server thread/DEBUG] [net.minecraftforge.network.HandshakeHandler/FMLHANDSHAKE]: Sending ticking packet info 'Registry minecraft:recipe_serializer' to 'fml:handshake' sequence 3
[16Feb2026 17:20:58.240] [Netty Epoll Server IO #3/DEBUG] [net.minecraftforge.network.LoginWrapper/FMLHANDSHAKE]: Recieved login wrapper packet event for channel fml:handshake with index 1
[16Feb2026 17:20:58.240] [Netty Epoll Server IO #3/DEBUG] [net.minecraftforge.network.HandshakeHandler/FMLHANDSHAKE]: Received client indexed reply 1 of type net.minecraftforge.network.HandshakeMessages$C2SModListReply
[16Feb2026 17:20:58.240] [Netty Epoll Server IO #3/DEBUG] [net.minecraftforge.network.HandshakeHandler/FMLHANDSHAKE]: Received client connection with modlist [fossiltweaks, beautify, jei, cobblemon_quests, cobbled_counter, journeymap, citadel, tmtcop, glitchcore, cobblemonoutbreaks, midnightlib, spawn_notification, unimplemented_items, gravels_extended_battles, cameraoverhaul, cloth_config, forge, athena, cobblemon_alatia, minecraft, simple_cobblemon_kit, terrablender, betterbeds, cobblemonintegrations, cobblemontrainers, simpletms, biomesoplenty, jade, mr_eggs_cobblemonaddon, kotlinforforge, curios, patchouli, capture_xp, megamons, cobblemon, cobbledex, cobblepedia, fightorflight, architectury, cobgyms, ftblibrary, ftbteams, ftbquests, cobblemore_lib, cobblemon_poke_labs, cobblemon_simple_center, cobblemonmegas, cobblemonrider, mythsandlegends, betterf3, unchained, cobbledollars]
[16Feb2026 17:20:58.240] [Netty Epoll Server IO #3/DEBUG] [net.minecraftforge.network.NetworkRegistry/NETREGISTRY]: Channel 'cobbledex:main' : Version test of '1' from client : ACCEPTED
[16Feb2026 17:20:58.241] [Netty Epoll Server IO #3/DEBUG] [net.minecraftforge.network.NetworkRegistry/NETREGISTRY]: Channel 'architectury:network' : Version test of '1' from client : ACCEPTED
[16Feb2026 17:20:58.241] [Netty Epoll Server IO #3/DEBUG] [net.minecraftforge.network.NetworkRegistry/NETREGISTRY]: Channel 'jei:channel' : Version test of '1.0.0' from client : ACCEPTED
[16Feb2026 17:20:58.241] [Netty Epoll Server IO #3/DEBUG] [net.minecraftforge.network.NetworkRegistry/NETREGISTRY]: Channel 'minecraft:unregister' : Version test of 'FML3' from client : ACCEPTED
[16Feb2026 17:20:58.241] [Netty Epoll Server IO #3/DEBUG] [net.minecraftforge.network.NetworkRegistry/NETREGISTRY]: Channel 'citadel:main_channel' : Version test of '1' from client : ACCEPTED
[16Feb2026 17:20:58.241] [Netty Epoll Server IO #3/DEBUG] [net.minecraftforge.network.NetworkRegistry/NETREGISTRY]: Channel 'cobblemonrider:network' : Version test of '1.0' from client : ACCEPTED
[16Feb2026 17:20:58.241] [Netty Epoll Server IO #3/DEBUG] [net.minecraftforge.network.NetworkRegistry/NETREGISTRY]: Channel 'journeymap:version' : Version test of '1' from client : ACCEPTED
[16Feb2026 17:20:58.241] [Netty Epoll Server IO #3/DEBUG] [net.minecraftforge.network.NetworkRegistry/NETREGISTRY]: Channel 'simple_cobblemon_kit:simple_cobblemon_kit' : Version test of '1' from client : ACCEPTED
[16Feb2026 17:20:58.241] [Netty Epoll Server IO #3/DEBUG] [net.minecraftforge.network.NetworkRegistry/NETREGISTRY]: Channel 'curios:main' : Version test of '1' from client : ACCEPTED
[16Feb2026 17:20:58.241] [Netty Epoll Server IO #3/DEBUG] [net.minecraftforge.network.NetworkRegistry/NETREGISTRY]: Channel 'worldinfo:world_id' : Version test of '1' from client : ACCEPTED
[16Feb2026 17:20:58.241] [Netty Epoll Server IO #3/DEBUG] [net.minecraftforge.network.NetworkRegistry/NETREGISTRY]: Channel 'journeymap:admin_req' : Version test of '1' from client : ACCEPTED
[16Feb2026 17:20:58.241] [Netty Epoll Server IO #3/DEBUG] [net.minecraftforge.network.NetworkRegistry/NETREGISTRY]: Channel 'journeymap:mp_options_req' : Version test of '1' from client : ACCEPTED
[16Feb2026 17:20:58.241] [Netty Epoll Server IO #3/DEBUG] [net.minecraftforge.network.NetworkRegistry/NETREGISTRY]: Channel 'journeymap:waypoint' : Version test of '1' from client : ACCEPTED
[16Feb2026 17:20:58.241] [Netty Epoll Server IO #3/DEBUG] [net.minecraftforge.network.NetworkRegistry/NETREGISTRY]: Channel 'fml:loginwrapper' : Version test of 'FML3' from client : ACCEPTED
[16Feb2026 17:20:58.241] [Netty Epoll Server IO #3/DEBUG] [net.minecraftforge.network.NetworkRegistry/NETREGISTRY]: Channel 'forge:tier_sorting' : Version test of '1.0' from client : ACCEPTED
[16Feb2026 17:20:58.241] [Netty Epoll Server IO #3/DEBUG] [net.minecraftforge.network.NetworkRegistry/NETREGISTRY]: Channel 'fml:play' : Version test of 'FML3' from client : ACCEPTED
[16Feb2026 17:20:58.241] [Netty Epoll Server IO #3/DEBUG] [net.minecraftforge.network.NetworkRegistry/NETREGISTRY]: Channel 'tmtcop:tmtcop' : Version test of '1' from client : ACCEPTED
[16Feb2026 17:20:58.241] [Netty Epoll Server IO #3/DEBUG] [net.minecraftforge.network.NetworkRegistry/NETREGISTRY]: Channel 'journeymap:player_loc' : Version test of '1' from client : ACCEPTED
[16Feb2026 17:20:58.241] [Netty Epoll Server IO #3/DEBUG] [net.minecraftforge.network.NetworkRegistry/NETREGISTRY]: Channel 'journeymap:admin_save' : Version test of '1' from client : ACCEPTED
[16Feb2026 17:20:58.241] [Netty Epoll Server IO #3/DEBUG] [net.minecraftforge.network.NetworkRegistry/NETREGISTRY]: Channel 'patchouli:main' : Version test of '1' from client : ACCEPTED
[16Feb2026 17:20:58.241] [Netty Epoll Server IO #3/DEBUG] [net.minecraftforge.network.NetworkRegistry/NETREGISTRY]: Channel 'journeymap:teleport_req' : Version test of '1' from client : ACCEPTED
[16Feb2026 17:20:58.241] [Netty Epoll Server IO #3/DEBUG] [net.minecraftforge.network.NetworkRegistry/NETREGISTRY]: Channel 'fml:handshake' : Version test of 'FML3' from client : ACCEPTED
[16Feb2026 17:20:58.241] [Netty Epoll Server IO #3/DEBUG] [net.minecraftforge.network.NetworkRegistry/NETREGISTRY]: Channel 'journeymap:common' : Version test of '1' from client : ACCEPTED
[16Feb2026 17:20:58.241] [Netty Epoll Server IO #3/DEBUG] [net.minecraftforge.network.NetworkRegistry/NETREGISTRY]: Channel 'cobblemonintegrations:main' : Version test of '1' from client : ACCEPTED
[16Feb2026 17:20:58.241] [Netty Epoll Server IO #3/DEBUG] [net.minecraftforge.network.NetworkRegistry/NETREGISTRY]: Channel 'minecraft:register' : Version test of 'FML3' from client : ACCEPTED
[16Feb2026 17:20:58.241] [Netty Epoll Server IO #3/DEBUG] [net.minecraftforge.network.NetworkRegistry/NETREGISTRY]: Channel 'cobblemon:main' : Version test of '1' from client : ACCEPTED
[16Feb2026 17:20:58.241] [Netty Epoll Server IO #3/DEBUG] [net.minecraftforge.network.NetworkRegistry/NETREGISTRY]: Channel 'forge:split' : Version test of '1.1' from client : ACCEPTED
[16Feb2026 17:20:58.241] [Netty Epoll Server IO #3/DEBUG] [net.minecraftforge.network.NetworkRegistry/NETREGISTRY]: Channel 'journeymap:perm_req' : Version test of '1' from client : ACCEPTED
[16Feb2026 17:20:58.241] [Netty Epoll Server IO #3/DEBUG] [net.minecraftforge.network.NetworkRegistry/NETREGISTRY]: Channel 'simpletms:main' : Version test of '1' from client : ACCEPTED
[16Feb2026 17:20:58.241] [Netty Epoll Server IO #3/DEBUG] [net.minecraftforge.network.NetworkRegistry/NETREGISTRY]: Channel 'jade:networking' : Version test of '2' from client : ACCEPTED
[16Feb2026 17:20:58.241] [Netty Epoll Server IO #3/DEBUG] [net.minecraftforge.network.NetworkRegistry/NETREGISTRY]: Accepting channel list from client
[16Feb2026 17:20:58.242] [Netty Epoll Server IO #3/DEBUG] [net.minecraftforge.network.HandshakeHandler/FMLHANDSHAKE]: Accepted client connection mod list
[16Feb2026 17:20:58.247] [Server thread/DEBUG] [net.minecraftforge.network.HandshakeHandler/FMLHANDSHAKE]: Sending ticking packet info 'Registry minecraft:sound_event' to 'fml:handshake' sequence 4
[16Feb2026 17:20:58.288] [Netty Epoll Server IO #3/DEBUG] [net.minecraftforge.network.LoginWrapper/FMLHANDSHAKE]: Recieved login wrapper packet event for channel fml:handshake with index 2
[16Feb2026 17:20:58.288] [Netty Epoll Server IO #3/DEBUG] [net.minecraftforge.network.HandshakeHandler/FMLHANDSHAKE]: Received client indexed reply 2 of type net.minecraftforge.network.HandshakeMessages$C2SAcknowledge
[16Feb2026 17:20:58.288] [Netty Epoll Server IO #3/DEBUG] [net.minecraftforge.network.HandshakeHandler/FMLHANDSHAKE]: Received acknowledgement from client
[16Feb2026 17:20:58.297] [Server thread/DEBUG] [net.minecraftforge.network.HandshakeHandler/FMLHANDSHAKE]: Sending ticking packet info 'Registry minecraft:particle_type' to 'fml:handshake' sequence 5
[16Feb2026 17:20:58.344] [Netty Epoll Server IO #3/DEBUG] [net.minecraftforge.network.LoginWrapper/FMLHANDSHAKE]: Recieved login wrapper packet event for channel fml:handshake with index 3
[16Feb2026 17:20:58.344] [Netty Epoll Server IO #3/DEBUG] [net.minecraftforge.network.HandshakeHandler/FMLHANDSHAKE]: Received client indexed reply 3 of type net.minecraftforge.network.HandshakeMessages$C2SAcknowledge
[16Feb2026 17:20:58.344] [Netty Epoll Server IO #3/DEBUG] [net.minecraftforge.network.HandshakeHandler/FMLHANDSHAKE]: Received acknowledgement from client
[16Feb2026 17:20:58.347] [Server thread/DEBUG] [net.minecraftforge.network.HandshakeHandler/FMLHANDSHAKE]: Sending ticking packet info 'Registry minecraft:villager_profession' to 'fml:handshake' sequence 6
[16Feb2026 17:20:58.395] [Server thread/DEBUG] [net.minecraftforge.network.HandshakeHandler/FMLHANDSHAKE]: Sending ticking packet info 'Registry minecraft:item' to 'fml:handshake' sequence 7
[16Feb2026 17:20:58.431] [Netty Epoll Server IO #3/DEBUG] [net.minecraftforge.network.LoginWrapper/FMLHANDSHAKE]: Recieved login wrapper packet event for channel fml:handshake with index 4
[16Feb2026 17:20:58.432] [Netty Epoll Server IO #3/DEBUG] [net.minecraftforge.network.HandshakeHandler/FMLHANDSHAKE]: Received client indexed reply 4 of type net.minecraftforge.network.HandshakeMessages$C2SAcknowledge
[16Feb2026 17:20:58.432] [Netty Epoll Server IO #3/DEBUG] [net.minecraftforge.network.HandshakeHandler/FMLHANDSHAKE]: Received acknowledgement from client
[16Feb2026 17:20:58.432] [Netty Epoll Server IO #3/DEBUG] [net.minecraftforge.network.LoginWrapper/FMLHANDSHAKE]: Recieved login wrapper packet event for channel fml:handshake with index 5
[16Feb2026 17:20:58.432] [Netty Epoll Server IO #3/DEBUG] [net.minecraftforge.network.HandshakeHandler/FMLHANDSHAKE]: Received client indexed reply 5 of type net.minecraftforge.network.HandshakeMessages$C2SAcknowledge
[16Feb2026 17:20:58.432] [Netty Epoll Server IO #3/DEBUG] [net.minecraftforge.network.HandshakeHandler/FMLHANDSHAKE]: Received acknowledgement from client
[16Feb2026 17:20:58.443] [Netty Epoll Server IO #3/DEBUG] [net.minecraftforge.network.LoginWrapper/FMLHANDSHAKE]: Recieved login wrapper packet event for channel fml:handshake with index 6
[16Feb2026 17:20:58.443] [Netty Epoll Server IO #3/DEBUG] [net.minecraftforge.network.HandshakeHandler/FMLHANDSHAKE]: Received client indexed reply 6 of type net.minecraftforge.network.HandshakeMessages$C2SAcknowledge
[16Feb2026 17:20:58.443] [Netty Epoll Server IO #3/DEBUG] [net.minecraftforge.network.HandshakeHandler/FMLHANDSHAKE]: Received acknowledgement from client
[16Feb2026 17:20:58.447] [Server thread/DEBUG] [net.minecraftforge.network.HandshakeHandler/FMLHANDSHAKE]: Sending ticking packet info 'Registry minecraft:potion' to 'fml:handshake' sequence 8
[16Feb2026 17:20:58.496] [Server thread/DEBUG] [net.minecraftforge.network.HandshakeHandler/FMLHANDSHAKE]: Sending ticking packet info 'Registry minecraft:painting_variant' to 'fml:handshake' sequence 9
[16Feb2026 17:20:58.545] [Server thread/DEBUG] [net.minecraftforge.network.HandshakeHandler/FMLHANDSHAKE]: Sending ticking packet info 'Registry forge:fluid_type' to 'fml:handshake' sequence 10
[16Feb2026 17:20:58.596] [Server thread/DEBUG] [net.minecraftforge.network.HandshakeHandler/FMLHANDSHAKE]: Sending ticking packet info 'Registry minecraft:block_entity_type' to 'fml:handshake' sequence 11
[16Feb2026 17:20:58.621] [Netty Epoll Server IO #3/DEBUG] [net.minecraftforge.network.LoginWrapper/FMLHANDSHAKE]: Recieved login wrapper packet event for channel fml:handshake with index 7
[16Feb2026 17:20:58.621] [Netty Epoll Server IO #3/DEBUG] [net.minecraftforge.network.HandshakeHandler/FMLHANDSHAKE]: Received client indexed reply 7 of type net.minecraftforge.network.HandshakeMessages$C2SAcknowledge
[16Feb2026 17:20:58.621] [Netty Epoll Server IO #3/DEBUG] [net.minecraftforge.network.HandshakeHandler/FMLHANDSHAKE]: Received acknowledgement from client
[16Feb2026 17:20:58.621] [Netty Epoll Server IO #3/DEBUG] [net.minecraftforge.network.LoginWrapper/FMLHANDSHAKE]: Recieved login wrapper packet event for channel fml:handshake with index 8
[16Feb2026 17:20:58.621] [Netty Epoll Server IO #3/DEBUG] [net.minecraftforge.network.HandshakeHandler/FMLHANDSHAKE]: Received client indexed reply 8 of type net.minecraftforge.network.HandshakeMessages$C2SAcknowledge
[16Feb2026 17:20:58.621] [Netty Epoll Server IO #3/DEBUG] [net.minecraftforge.network.HandshakeHandler/FMLHANDSHAKE]: Received acknowledgement from client
[16Feb2026 17:20:58.621] [Netty Epoll Server IO #3/DEBUG] [net.minecraftforge.network.LoginWrapper/FMLHANDSHAKE]: Recieved login wrapper packet event for channel fml:handshake with index 9
[16Feb2026 17:20:58.621] [Netty Epoll Server IO #3/DEBUG] [net.minecraftforge.network.HandshakeHandler/FMLHANDSHAKE]: Received client indexed reply 9 of type net.minecraftforge.network.HandshakeMessages$C2SAcknowledge
[16Feb2026 17:20:58.621] [Netty Epoll Server IO #3/DEBUG] [net.minecraftforge.network.HandshakeHandler/FMLHANDSHAKE]: Received acknowledgement from client
[16Feb2026 17:20:58.632] [Netty Epoll Server IO #3/DEBUG] [net.minecraftforge.network.LoginWrapper/FMLHANDSHAKE]: Recieved login wrapper packet event for channel fml:handshake with index 10
[16Feb2026 17:20:58.632] [Netty Epoll Server IO #3/DEBUG] [net.minecraftforge.network.HandshakeHandler/FMLHANDSHAKE]: Received client indexed reply 10 of type net.minecraftforge.network.HandshakeMessages$C2SAcknowledge
[16Feb2026 17:20:58.632] [Netty Epoll Server IO #3/DEBUG] [net.minecraftforge.network.HandshakeHandler/FMLHANDSHAKE]: Received acknowledgement from client
[16Feb2026 17:20:58.646] [Server thread/DEBUG] [net.minecraftforge.network.HandshakeHandler/FMLHANDSHAKE]: Sending ticking packet info 'Registry forge:display_contexts' to 'fml:handshake' sequence 12
[16Feb2026 17:20:58.679] [Netty Epoll Server IO #3/DEBUG] [net.minecraftforge.network.LoginWrapper/FMLHANDSHAKE]: Recieved login wrapper packet event for channel fml:handshake with index 11
[16Feb2026 17:20:58.680] [Netty Epoll Server IO #3/DEBUG] [net.minecraftforge.network.HandshakeHandler/FMLHANDSHAKE]: Received client indexed reply 11 of type net.minecraftforge.network.HandshakeMessages$C2SAcknowledge
[16Feb2026 17:20:58.680] [Netty Epoll Server IO #3/DEBUG] [net.minecraftforge.network.HandshakeHandler/FMLHANDSHAKE]: Received acknowledgement from client
[16Feb2026 17:20:58.696] [Server thread/DEBUG] [net.minecraftforge.network.HandshakeHandler/FMLHANDSHAKE]: Sending ticking packet info 'Registry minecraft:block' to 'fml:handshake' sequence 13
[16Feb2026 17:20:58.728] [Netty Epoll Server IO #3/DEBUG] [net.minecraftforge.network.LoginWrapper/FMLHANDSHAKE]: Recieved login wrapper packet event for channel fml:handshake with index 12
[16Feb2026 17:20:58.729] [Netty Epoll Server IO #3/DEBUG] [net.minecraftforge.network.HandshakeHandler/FMLHANDSHAKE]: Received client indexed reply 12 of type net.minecraftforge.network.HandshakeMessages$C2SAcknowledge
[16Feb2026 17:20:58.729] [Netty Epoll Server IO #3/DEBUG] [net.minecraftforge.network.HandshakeHandler/FMLHANDSHAKE]: Received acknowledgement from client
[16Feb2026 17:20:58.747] [Server thread/DEBUG] [net.minecraftforge.network.HandshakeHandler/FMLHANDSHAKE]: Sending ticking packet info 'Registry forge:entity_data_serializers' to 'fml:handshake' sequence 14
[16Feb2026 17:20:58.785] [Netty Epoll Server IO #3/DEBUG] [net.minecraftforge.network.LoginWrapper/FMLHANDSHAKE]: Recieved login wrapper packet event for channel fml:handshake with index 13
[16Feb2026 17:20:58.785] [Netty Epoll Server IO #3/DEBUG] [net.minecraftforge.network.HandshakeHandler/FMLHANDSHAKE]: Received client indexed reply 13 of type net.minecraftforge.network.HandshakeMessages$C2SAcknowledge
[16Feb2026 17:20:58.785] [Netty Epoll Server IO #3/DEBUG] [net.minecraftforge.network.HandshakeHandler/FMLHANDSHAKE]: Received acknowledgement from client
[16Feb2026 17:20:58.795] [Server thread/DEBUG] [net.minecraftforge.network.HandshakeHandler/FMLHANDSHAKE]: Sending ticking packet info 'Registry minecraft:mob_effect' to 'fml:handshake' sequence 15
[16Feb2026 17:20:58.830] [Netty Epoll Server IO #3/DEBUG] [net.minecraftforge.network.LoginWrapper/FMLHANDSHAKE]: Recieved login wrapper packet event for channel fml:handshake with index 14
[16Feb2026 17:20:58.830] [Netty Epoll Server IO #3/DEBUG] [net.minecraftforge.network.HandshakeHandler/FMLHANDSHAKE]: Received client indexed reply 14 of type net.minecraftforge.network.HandshakeMessages$C2SAcknowledge
[16Feb2026 17:20:58.830] [Netty Epoll Server IO #3/DEBUG] [net.minecraftforge.network.HandshakeHandler/FMLHANDSHAKE]: Received acknowledgement from client
[16Feb2026 17:20:58.846] [Server thread/DEBUG] [net.minecraftforge.network.HandshakeHandler/FMLHANDSHAKE]: Sending ticking packet info 'Registry minecraft:stat_type' to 'fml:handshake' sequence 16
[16Feb2026 17:20:58.879] [Netty Epoll Server IO #3/DEBUG] [net.minecraftforge.network.LoginWrapper/FMLHANDSHAKE]: Recieved login wrapper packet event for channel fml:handshake with index 15
[16Feb2026 17:20:58.879] [Netty Epoll Server IO #3/DEBUG] [net.minecraftforge.network.HandshakeHandler/FMLHANDSHAKE]: Received client indexed reply 15 of type net.minecraftforge.network.HandshakeMessages$C2SAcknowledge
[16Feb2026 17:20:58.879] [Netty Epoll Server IO #3/DEBUG] [net.minecraftforge.network.HandshakeHandler/FMLHANDSHAKE]: Received acknowledgement from client
[16Feb2026 17:20:58.897] [Server thread/DEBUG] [net.minecraftforge.network.HandshakeHandler/FMLHANDSHAKE]: Sending ticking packet info 'Registry minecraft:menu' to 'fml:handshake' sequence 17
[16Feb2026 17:20:58.930] [Netty Epoll Server IO #3/DEBUG] [net.minecraftforge.network.LoginWrapper/FMLHANDSHAKE]: Recieved login wrapper packet event for channel fml:handshake with index 16
[16Feb2026 17:20:58.930] [Netty Epoll Server IO #3/DEBUG] [net.minecraftforge.network.HandshakeHandler/FMLHANDSHAKE]: Received client indexed reply 16 of type net.minecraftforge.network.HandshakeMessages$C2SAcknowledge
[16Feb2026 17:20:58.930] [Netty Epoll Server IO #3/DEBUG] [net.minecraftforge.network.HandshakeHandler/FMLHANDSHAKE]: Received acknowledgement from client
[16Feb2026 17:20:58.946] [Server thread/DEBUG] [net.minecraftforge.network.HandshakeHandler/FMLHANDSHAKE]: Sending ticking packet info 'Registry minecraft:enchantment' to 'fml:handshake' sequence 18
[16Feb2026 17:20:58.980] [Netty Epoll Server IO #3/DEBUG] [net.minecraftforge.network.LoginWrapper/FMLHANDSHAKE]: Recieved login wrapper packet event for channel fml:handshake with index 17
[16Feb2026 17:20:58.980] [Netty Epoll Server IO #3/DEBUG] [net.minecraftforge.network.HandshakeHandler/FMLHANDSHAKE]: Received client indexed reply 17 of type net.minecraftforge.network.HandshakeMessages$C2SAcknowledge
[16Feb2026 17:20:58.980] [Netty Epoll Server IO #3/DEBUG] [net.minecraftforge.network.HandshakeHandler/FMLHANDSHAKE]: Received acknowledgement from client
[16Feb2026 17:20:58.995] [Server thread/DEBUG] [net.minecraftforge.network.HandshakeHandler/FMLHANDSHAKE]: Sending ticking packet info 'Registry minecraft:fluid' to 'fml:handshake' sequence 19
[16Feb2026 17:20:59.029] [Netty Epoll Server IO #3/DEBUG] [net.minecraftforge.network.LoginWrapper/FMLHANDSHAKE]: Recieved login wrapper packet event for channel fml:handshake with index 18
[16Feb2026 17:20:59.030] [Netty Epoll Server IO #3/DEBUG] [net.minecraftforge.network.HandshakeHandler/FMLHANDSHAKE]: Received client indexed reply 18 of type net.minecraftforge.network.HandshakeMessages$C2SAcknowledge
[16Feb2026 17:20:59.030] [Netty Epoll Server IO #3/DEBUG] [net.minecraftforge.network.HandshakeHandler/FMLHANDSHAKE]: Received acknowledgement from client
[16Feb2026 17:20:59.046] [Server thread/DEBUG] [net.minecraftforge.network.HandshakeHandler/FMLHANDSHAKE]: Sending ticking packet info 'Registry minecraft:entity_type' to 'fml:handshake' sequence 20
[16Feb2026 17:20:59.078] [Netty Epoll Server IO #3/DEBUG] [net.minecraftforge.network.LoginWrapper/FMLHANDSHAKE]: Recieved login wrapper packet event for channel fml:handshake with index 19
[16Feb2026 17:20:59.078] [Netty Epoll Server IO #3/DEBUG] [net.minecraftforge.network.HandshakeHandler/FMLHANDSHAKE]: Received client indexed reply 19 of type net.minecraftforge.network.HandshakeMessages$C2SAcknowledge
[16Feb2026 17:20:59.078] [Netty Epoll Server IO #3/DEBUG] [net.minecraftforge.network.HandshakeHandler/FMLHANDSHAKE]: Received acknowledgement from client
[16Feb2026 17:20:59.097] [Server thread/DEBUG] [net.minecraftforge.network.HandshakeHandler/FMLHANDSHAKE]: Sending ticking packet info 'Config journeymap-server.toml' to 'fml:handshake' sequence 21
[16Feb2026 17:20:59.146] [Server thread/DEBUG] [net.minecraftforge.network.HandshakeHandler/FMLHANDSHAKE]: Sending ticking packet info 'Config curios-server.toml' to 'fml:handshake' sequence 22
[16Feb2026 17:20:59.196] [Server thread/DEBUG] [net.minecraftforge.network.HandshakeHandler/FMLHANDSHAKE]: Sending ticking packet info 'Config jei-server.toml' to 'fml:handshake' sequence 23
[16Feb2026 17:20:59.247] [Server thread/DEBUG] [net.minecraftforge.network.HandshakeHandler/FMLHANDSHAKE]: Sending ticking packet info 'Config beautify-server.toml' to 'fml:handshake' sequence 24
[16Feb2026 17:20:59.290] [Server thread/DEBUG] [com.cobblemon.mod.common.Cobblemon/]: Serializing 1 Pokémon stores.
[16Feb2026 17:20:59.290] [Server thread/DEBUG] [com.cobblemon.mod.common.Cobblemon/]: Queueing save.
[16Feb2026 17:20:59.291] [pool-4-thread-1/DEBUG] [com.cobblemon.mod.common.Cobblemon/]: Saved 1 Pokémon stores.
[16Feb2026 17:20:59.296] [Server thread/DEBUG] [net.minecraftforge.network.HandshakeHandler/FMLHANDSHAKE]: Sending ticking packet info 'Config forge-server.toml' to 'fml:handshake' sequence 25
[16Feb2026 17:20:59.674] [Netty Epoll Server IO #3/DEBUG] [net.minecraftforge.network.LoginWrapper/FMLHANDSHAKE]: Recieved login wrapper packet event for channel fml:handshake with index 20
[16Feb2026 17:20:59.674] [Netty Epoll Server IO #3/DEBUG] [net.minecraftforge.network.HandshakeHandler/FMLHANDSHAKE]: Received client indexed reply 20 of type net.minecraftforge.network.HandshakeMessages$C2SAcknowledge
[16Feb2026 17:20:59.674] [Netty Epoll Server IO #3/DEBUG] [net.minecraftforge.network.HandshakeHandler/FMLHANDSHAKE]: Received acknowledgement from client
[16Feb2026 17:20:59.675] [Netty Epoll Server IO #3/DEBUG] [net.minecraftforge.network.LoginWrapper/FMLHANDSHAKE]: Recieved login wrapper packet event for channel fml:handshake with index 21
[16Feb2026 17:20:59.675] [Netty Epoll Server IO #3/DEBUG] [net.minecraftforge.network.HandshakeHandler/FMLHANDSHAKE]: Received client indexed reply 21 of type net.minecraftforge.network.HandshakeMessages$C2SAcknowledge
[16Feb2026 17:20:59.675] [Netty Epoll Server IO #3/DEBUG] [net.minecraftforge.network.HandshakeHandler/FMLHANDSHAKE]: Received acknowledgement from client
[16Feb2026 17:20:59.675] [Netty Epoll Server IO #3/DEBUG] [net.minecraftforge.network.LoginWrapper/FMLHANDSHAKE]: Recieved login wrapper packet event for channel fml:handshake with index 22
[16Feb2026 17:20:59.675] [Netty Epoll Server IO #3/DEBUG] [net.minecraftforge.network.HandshakeHandler/FMLHANDSHAKE]: Received client indexed reply 22 of type net.minecraftforge.network.HandshakeMessages$C2SAcknowledge
[16Feb2026 17:20:59.675] [Netty Epoll Server IO #3/DEBUG] [net.minecraftforge.network.HandshakeHandler/FMLHANDSHAKE]: Received acknowledgement from client
[16Feb2026 17:20:59.676] [Netty Epoll Server IO #3/DEBUG] [net.minecraftforge.network.LoginWrapper/FMLHANDSHAKE]: Recieved login wrapper packet event for channel fml:handshake with index 23
[16Feb2026 17:20:59.676] [Netty Epoll Server IO #3/DEBUG] [net.minecraftforge.network.HandshakeHandler/FMLHANDSHAKE]: Received client indexed reply 23 of type net.minecraftforge.network.HandshakeMessages$C2SAcknowledge
[16Feb2026 17:20:59.676] [Netty Epoll Server IO #3/DEBUG] [net.minecraftforge.network.HandshakeHandler/FMLHANDSHAKE]: Received acknowledgement from client
[16Feb2026 17:20:59.676] [Netty Epoll Server IO #3/DEBUG] [net.minecraftforge.network.LoginWrapper/FMLHANDSHAKE]: Recieved login wrapper packet event for channel fml:handshake with index 24
[16Feb2026 17:20:59.676] [Netty Epoll Server IO #3/DEBUG] [net.minecraftforge.network.HandshakeHandler/FMLHANDSHAKE]: Received client indexed reply 24 of type net.minecraftforge.network.HandshakeMessages$C2SAcknowledge
[16Feb2026 17:20:59.676] [Netty Epoll Server IO #3/DEBUG] [net.minecraftforge.network.HandshakeHandler/FMLHANDSHAKE]: Received acknowledgement from client
[16Feb2026 17:20:59.676] [Netty Epoll Server IO #3/DEBUG] [net.minecraftforge.network.LoginWrapper/FMLHANDSHAKE]: Recieved login wrapper packet event for channel fml:handshake with index 25
[16Feb2026 17:20:59.676] [Netty Epoll Server IO #3/DEBUG] [net.minecraftforge.network.HandshakeHandler/FMLHANDSHAKE]: Received client indexed reply 25 of type net.minecraftforge.network.HandshakeMessages$C2SAcknowledge
[16Feb2026 17:20:59.676] [Netty Epoll Server IO #3/DEBUG] [net.minecraftforge.network.HandshakeHandler/FMLHANDSHAKE]: Received acknowledgement from client
[16Feb2026 17:20:59.695] [Server thread/DEBUG] [net.minecraftforge.network.HandshakeHandler/FMLHANDSHAKE]: Handshake complete!
[16Feb2026 17:20:59.763] [Server thread/INFO] [net.minecraft.server.players.PlayerList/]: Amorger2[/10.147.18.56:52657] logged in with entity id 4722 at (2142.1842722519527, 62.501890888684194, -3805.82982885925)
[16Feb2026 17:20:59.763] [Server thread/DEBUG] [net.minecraftforge.network.filters.NetworkFilters/]: Injected net.minecraftforge.network.filters.ForgeConnectionNetworkFilter@45e1812c into net.minecraft.network.Connection@8feefe1
[16Feb2026 17:20:59.808] [Server thread/INFO] [net.minecraft.server.MinecraftServer/]: Amorger2 joined the game
[16Feb2026 17:20:59.817] [Server thread/DEBUG] [FTB Teams/]: player f4d898ac-81ff-3a5f-8dfd-7b46bc2b0971 logged in, player team = Amorger2#f4d898ac
[16Feb2026 17:20:59.817] [Server thread/DEBUG] [FTB Teams/]: syncing player team data, all = false
[16Feb2026 17:20:59.829] [Server thread/DEBUG] [FTB Teams/]: updating team presence
[16Feb2026 17:20:59.829] [Server thread/DEBUG] [FTB Teams/]: sending team login event for f4d898ac-81ff-3a5f-8dfd-7b46bc2b0971...
[16Feb2026 17:20:59.829] [Server thread/DEBUG] [FTB Quests/]: Wrote 585 bytes, 0 objects
[16Feb2026 17:20:59.829] [Server thread/DEBUG] [FTB Teams/]: team login event for f4d898ac-81ff-3a5f-8dfd-7b46bc2b0971 sent
[16Feb2026 17:20:59.830] [Server thread/INFO] [Jade/]: Syncing config to Amorger2 (f4d898ac-81ff-3a5f-8dfd-7b46bc2b0971)
[16Feb2026 17:21:29.340] [Server thread/DEBUG] [com.cobblemon.mod.common.Cobblemon/]: Serializing 3 Pokémon stores.
[16Feb2026 17:21:29.340] [Server thread/DEBUG] [com.cobblemon.mod.common.Cobblemon/]: Queueing save.
[16Feb2026 17:21:29.343] [pool-4-thread-1/DEBUG] [com.cobblemon.mod.common.Cobblemon/]: Saved 3 Pokémon stores.
[16Feb2026 17:21:36.957] [Server thread/INFO] [com.cobblemon.mod.common.Cobblemon/]: No battle could be found with the id: 89c90f83-e99a-42c0-9172-476bfb78686e
[16Feb2026 17:21:36.957] [Server thread/INFO] [com.cobblemon.mod.common.Cobblemon/]: No battle could be found with the id: 89c90f83-e99a-42c0-9172-476bfb78686e
[16Feb2026 17:21:53.667] [Server thread/INFO] [net.minecraft.server.MinecraftServer/]: [Amorger2: Fully healed Amorger2's party.]
[16Feb2026 17:21:59.390] [Server thread/DEBUG] [com.cobblemon.mod.common.Cobblemon/]: Serializing 3 Pokémon stores.
[16Feb2026 17:21:59.391] [Server thread/DEBUG] [com.cobblemon.mod.common.Cobblemon/]: Queueing save.
[16Feb2026 17:21:59.393] [pool-4-thread-1/DEBUG] [com.cobblemon.mod.common.Cobblemon/]: Saved 3 Pokémon stores.
[16Feb2026 17:22:29.440] [Server thread/DEBUG] [com.cobblemon.mod.common.Cobblemon/]: Serializing 2 Pokémon stores.
[16Feb2026 17:22:29.441] [Server thread/DEBUG] [com.cobblemon.mod.common.Cobblemon/]: Queueing save.
[16Feb2026 17:22:29.442] [pool-4-thread-1/DEBUG] [com.cobblemon.mod.common.Cobblemon/]: Saved 2 Pokémon stores.
[16Feb2026 17:22:59.490] [Server thread/DEBUG] [com.cobblemon.mod.common.Cobblemon/]: Serializing 2 Pokémon stores.
[16Feb2026 17:22:59.491] [Server thread/DEBUG] [com.cobblemon.mod.common.Cobblemon/]: Queueing save.
[16Feb2026 17:22:59.492] [pool-4-thread-1/DEBUG] [com.cobblemon.mod.common.Cobblemon/]: Saved 2 Pokémon stores.
[16Feb2026 17:23:20.250] [Server thread/INFO] [net.minecraft.server.network.ServerGamePacketListenerImpl/]: Amorger2 lost connection: Disconnected
[16Feb2026 17:23:20.250] [Server thread/INFO] [net.minecraft.server.MinecraftServer/]: Amorger2 left the game
[16Feb2026 17:23:23.069] [Netty Epoll Server IO #5/DEBUG] [net.minecraftforge.network.HandshakeHandler/FMLHANDSHAKE]: Starting new modded impl connection. Found 26 messages to dispatch.
[16Feb2026 17:23:23.097] [Server thread/DEBUG] [net.minecraftforge.network.HandshakeHandler/FMLHANDSHAKE]: Sending ticking packet info 'net.minecraftforge.network.HandshakeMessages$S2CModData' to 'fml:handshake' sequence 0
[16Feb2026 17:23:23.146] [Server thread/DEBUG] [net.minecraftforge.network.HandshakeHandler/FMLHANDSHAKE]: Sending ticking packet info 'net.minecraftforge.network.HandshakeMessages$S2CModList' to 'fml:handshake' sequence 1
[16Feb2026 17:23:23.197] [Server thread/DEBUG] [net.minecraftforge.network.HandshakeHandler/FMLHANDSHAKE]: Sending ticking packet info 'Registry minecraft:command_argument_type' to 'fml:handshake' sequence 2
[16Feb2026 17:23:23.232] [Netty Epoll Server IO #5/DEBUG] [net.minecraftforge.network.LoginWrapper/FMLHANDSHAKE]: Recieved login wrapper packet event for channel fml:handshake with index 1
[16Feb2026 17:23:23.232] [Netty Epoll Server IO #5/DEBUG] [net.minecraftforge.network.HandshakeHandler/FMLHANDSHAKE]: Received client indexed reply 1 of type net.minecraftforge.network.HandshakeMessages$C2SModListReply
[16Feb2026 17:23:23.233] [Netty Epoll Server IO #5/DEBUG] [net.minecraftforge.network.HandshakeHandler/FMLHANDSHAKE]: Received client connection with modlist [fossiltweaks, beautify, jei, cobblemon_quests, cobbled_counter, journeymap, citadel, tmtcop, glitchcore, cobblemonoutbreaks, midnightlib, spawn_notification, unimplemented_items, gravels_extended_battles, cameraoverhaul, cloth_config, forge, athena, cobblemon_alatia, minecraft, simple_cobblemon_kit, terrablender, betterbeds, cobblemonintegrations, cobblemontrainers, simpletms, biomesoplenty, jade, mr_eggs_cobblemonaddon, kotlinforforge, curios, patchouli, capture_xp, megamons, cobblemon, cobbledex, cobblepedia, fightorflight, architectury, cobgyms, ftblibrary, ftbteams, ftbquests, cobblemore_lib, cobblemon_poke_labs, cobblemon_simple_center, cobblemonmegas, cobblemonrider, mythsandlegends, betterf3, unchained, cobbledollars]
[16Feb2026 17:23:23.233] [Netty Epoll Server IO #5/DEBUG] [net.minecraftforge.network.NetworkRegistry/NETREGISTRY]: Channel 'cobbledex:main' : Version test of '1' from client : ACCEPTED
[16Feb2026 17:23:23.233] [Netty Epoll Server IO #5/DEBUG] [net.minecraftforge.network.NetworkRegistry/NETREGISTRY]: Channel 'architectury:network' : Version test of '1' from client : ACCEPTED
[16Feb2026 17:23:23.233] [Netty Epoll Server IO #5/DEBUG] [net.minecraftforge.network.NetworkRegistry/NETREGISTRY]: Channel 'jei:channel' : Version test of '1.0.0' from client : ACCEPTED
[16Feb2026 17:23:23.233] [Netty Epoll Server IO #5/DEBUG] [net.minecraftforge.network.NetworkRegistry/NETREGISTRY]: Channel 'minecraft:unregister' : Version test of 'FML3' from client : ACCEPTED
[16Feb2026 17:23:23.233] [Netty Epoll Server IO #5/DEBUG] [net.minecraftforge.network.NetworkRegistry/NETREGISTRY]: Channel 'citadel:main_channel' : Version test of '1' from client : ACCEPTED
[16Feb2026 17:23:23.233] [Netty Epoll Server IO #5/DEBUG] [net.minecraftforge.network.NetworkRegistry/NETREGISTRY]: Channel 'cobblemonrider:network' : Version test of '1.0' from client : ACCEPTED
[16Feb2026 17:23:23.233] [Netty Epoll Server IO #5/DEBUG] [net.minecraftforge.network.NetworkRegistry/NETREGISTRY]: Channel 'journeymap:version' : Version test of '1' from client : ACCEPTED
[16Feb2026 17:23:23.233] [Netty Epoll Server IO #5/DEBUG] [net.minecraftforge.network.NetworkRegistry/NETREGISTRY]: Channel 'simple_cobblemon_kit:simple_cobblemon_kit' : Version test of '1' from client : ACCEPTED
[16Feb2026 17:23:23.233] [Netty Epoll Server IO #5/DEBUG] [net.minecraftforge.network.NetworkRegistry/NETREGISTRY]: Channel 'curios:main' : Version test of '1' from client : ACCEPTED
[16Feb2026 17:23:23.233] [Netty Epoll Server IO #5/DEBUG] [net.minecraftforge.network.NetworkRegistry/NETREGISTRY]: Channel 'worldinfo:world_id' : Version test of '1' from client : ACCEPTED
[16Feb2026 17:23:23.233] [Netty Epoll Server IO #5/DEBUG] [net.minecraftforge.network.NetworkRegistry/NETREGISTRY]: Channel 'journeymap:admin_req' : Version test of '1' from client : ACCEPTED
[16Feb2026 17:23:23.233] [Netty Epoll Server IO #5/DEBUG] [net.minecraftforge.network.NetworkRegistry/NETREGISTRY]: Channel 'journeymap:mp_options_req' : Version test of '1' from client : ACCEPTED
[16Feb2026 17:23:23.233] [Netty Epoll Server IO #5/DEBUG] [net.minecraftforge.network.NetworkRegistry/NETREGISTRY]: Channel 'journeymap:waypoint' : Version test of '1' from client : ACCEPTED
[16Feb2026 17:23:23.233] [Netty Epoll Server IO #5/DEBUG] [net.minecraftforge.network.NetworkRegistry/NETREGISTRY]: Channel 'fml:loginwrapper' : Version test of 'FML3' from client : ACCEPTED
[16Feb2026 17:23:23.233] [Netty Epoll Server IO #5/DEBUG] [net.minecraftforge.network.NetworkRegistry/NETREGISTRY]: Channel 'forge:tier_sorting' : Version test of '1.0' from client : ACCEPTED
[16Feb2026 17:23:23.233] [Netty Epoll Server IO #5/DEBUG] [net.minecraftforge.network.NetworkRegistry/NETREGISTRY]: Channel 'fml:play' : Version test of 'FML3' from client : ACCEPTED
[16Feb2026 17:23:23.233] [Netty Epoll Server IO #5/DEBUG] [net.minecraftforge.network.NetworkRegistry/NETREGISTRY]: Channel 'tmtcop:tmtcop' : Version test of '1' from client : ACCEPTED
[16Feb2026 17:23:23.233] [Netty Epoll Server IO #5/DEBUG] [net.minecraftforge.network.NetworkRegistry/NETREGISTRY]: Channel 'journeymap:player_loc' : Version test of '1' from client : ACCEPTED
[16Feb2026 17:23:23.233] [Netty Epoll Server IO #5/DEBUG] [net.minecraftforge.network.NetworkRegistry/NETREGISTRY]: Channel 'journeymap:admin_save' : Version test of '1' from client : ACCEPTED
[16Feb2026 17:23:23.233] [Netty Epoll Server IO #5/DEBUG] [net.minecraftforge.network.NetworkRegistry/NETREGISTRY]: Channel 'patchouli:main' : Version test of '1' from client : ACCEPTED
[16Feb2026 17:23:23.233] [Netty Epoll Server IO #5/DEBUG] [net.minecraftforge.network.NetworkRegistry/NETREGISTRY]: Channel 'journeymap:teleport_req' : Version test of '1' from client : ACCEPTED
[16Feb2026 17:23:23.233] [Netty Epoll Server IO #5/DEBUG] [net.minecraftforge.network.NetworkRegistry/NETREGISTRY]: Channel 'fml:handshake' : Version test of 'FML3' from client : ACCEPTED
[16Feb2026 17:23:23.233] [Netty Epoll Server IO #5/DEBUG] [net.minecraftforge.network.NetworkRegistry/NETREGISTRY]: Channel 'journeymap:common' : Version test of '1' from client : ACCEPTED
[16Feb2026 17:23:23.233] [Netty Epoll Server IO #5/DEBUG] [net.minecraftforge.network.NetworkRegistry/NETREGISTRY]: Channel 'cobblemonintegrations:main' : Version test of '1' from client : ACCEPTED
[16Feb2026 17:23:23.233] [Netty Epoll Server IO #5/DEBUG] [net.minecraftforge.network.NetworkRegistry/NETREGISTRY]: Channel 'minecraft:register' : Version test of 'FML3' from client : ACCEPTED
[16Feb2026 17:23:23.233] [Netty Epoll Server IO #5/DEBUG] [net.minecraftforge.network.NetworkRegistry/NETREGISTRY]: Channel 'cobblemon:main' : Version test of '1' from client : ACCEPTED
[16Feb2026 17:23:23.233] [Netty Epoll Server IO #5/DEBUG] [net.minecraftforge.network.NetworkRegistry/NETREGISTRY]: Channel 'forge:split' : Version test of '1.1' from client : ACCEPTED
[16Feb2026 17:23:23.233] [Netty Epoll Server IO #5/DEBUG] [net.minecraftforge.network.NetworkRegistry/NETREGISTRY]: Channel 'journeymap:perm_req' : Version test of '1' from client : ACCEPTED
[16Feb2026 17:23:23.233] [Netty Epoll Server IO #5/DEBUG] [net.minecraftforge.network.NetworkRegistry/NETREGISTRY]: Channel 'simpletms:main' : Version test of '1' from client : ACCEPTED
[16Feb2026 17:23:23.233] [Netty Epoll Server IO #5/DEBUG] [net.minecraftforge.network.NetworkRegistry/NETREGISTRY]: Channel 'jade:networking' : Version test of '2' from client : ACCEPTED
[16Feb2026 17:23:23.233] [Netty Epoll Server IO #5/DEBUG] [net.minecraftforge.network.NetworkRegistry/NETREGISTRY]: Accepting channel list from client
[16Feb2026 17:23:23.233] [Netty Epoll Server IO #5/DEBUG] [net.minecraftforge.network.HandshakeHandler/FMLHANDSHAKE]: Accepted client connection mod list
[16Feb2026 17:23:23.249] [Server thread/DEBUG] [net.minecraftforge.network.HandshakeHandler/FMLHANDSHAKE]: Sending ticking packet info 'Registry minecraft:recipe_serializer' to 'fml:handshake' sequence 3
[16Feb2026 17:23:23.283] [Netty Epoll Server IO #5/DEBUG] [net.minecraftforge.network.LoginWrapper/FMLHANDSHAKE]: Recieved login wrapper packet event for channel fml:handshake with index 2
[16Feb2026 17:23:23.283] [Netty Epoll Server IO #5/DEBUG] [net.minecraftforge.network.HandshakeHandler/FMLHANDSHAKE]: Received client indexed reply 2 of type net.minecraftforge.network.HandshakeMessages$C2SAcknowledge
[16Feb2026 17:23:23.283] [Netty Epoll Server IO #5/DEBUG] [net.minecraftforge.network.HandshakeHandler/FMLHANDSHAKE]: Received acknowledgement from client
[16Feb2026 17:23:23.296] [Server thread/DEBUG] [net.minecraftforge.network.HandshakeHandler/FMLHANDSHAKE]: Sending ticking packet info 'Registry minecraft:sound_event' to 'fml:handshake' sequence 4
[16Feb2026 17:23:23.332] [Netty Epoll Server IO #5/DEBUG] [net.minecraftforge.network.LoginWrapper/FMLHANDSHAKE]: Recieved login wrapper packet event for channel fml:handshake with index 3
[16Feb2026 17:23:23.332] [Netty Epoll Server IO #5/DEBUG] [net.minecraftforge.network.HandshakeHandler/FMLHANDSHAKE]: Received client indexed reply 3 of type net.minecraftforge.network.HandshakeMessages$C2SAcknowledge
[16Feb2026 17:23:23.332] [Netty Epoll Server IO #5/DEBUG] [net.minecraftforge.network.HandshakeHandler/FMLHANDSHAKE]: Received acknowledgement from client
[16Feb2026 17:23:23.347] [Server thread/DEBUG] [net.minecraftforge.network.HandshakeHandler/FMLHANDSHAKE]: Sending ticking packet info 'Registry minecraft:particle_type' to 'fml:handshake' sequence 5
[16Feb2026 17:23:23.396] [Server thread/DEBUG] [net.minecraftforge.network.HandshakeHandler/FMLHANDSHAKE]: Sending ticking packet info 'Registry minecraft:villager_profession' to 'fml:handshake' sequence 6
[16Feb2026 17:23:23.447] [Server thread/DEBUG] [net.minecraftforge.network.HandshakeHandler/FMLHANDSHAKE]: Sending ticking packet info 'Registry minecraft:item' to 'fml:handshake' sequence 7
[16Feb2026 17:23:23.498] [Server thread/DEBUG] [net.minecraftforge.network.HandshakeHandler/FMLHANDSHAKE]: Sending ticking packet info 'Registry minecraft:potion' to 'fml:handshake' sequence 8
[16Feb2026 17:23:23.546] [Server thread/DEBUG] [net.minecraftforge.network.HandshakeHandler/FMLHANDSHAKE]: Sending ticking packet info 'Registry minecraft:painting_variant' to 'fml:handshake' sequence 9
[16Feb2026 17:23:23.550] [Netty Epoll Server IO #5/DEBUG] [net.minecraftforge.network.LoginWrapper/FMLHANDSHAKE]: Recieved login wrapper packet event for channel fml:handshake with index 4
[16Feb2026 17:23:23.550] [Netty Epoll Server IO #5/DEBUG] [net.minecraftforge.network.HandshakeHandler/FMLHANDSHAKE]: Received client indexed reply 4 of type net.minecraftforge.network.HandshakeMessages$C2SAcknowledge
[16Feb2026 17:23:23.550] [Netty Epoll Server IO #5/DEBUG] [net.minecraftforge.network.HandshakeHandler/FMLHANDSHAKE]: Received acknowledgement from client
[16Feb2026 17:23:23.550] [Netty Epoll Server IO #5/DEBUG] [net.minecraftforge.network.LoginWrapper/FMLHANDSHAKE]: Recieved login wrapper packet event for channel fml:handshake with index 5
[16Feb2026 17:23:23.550] [Netty Epoll Server IO #5/DEBUG] [net.minecraftforge.network.HandshakeHandler/FMLHANDSHAKE]: Received client indexed reply 5 of type net.minecraftforge.network.HandshakeMessages$C2SAcknowledge
[16Feb2026 17:23:23.550] [Netty Epoll Server IO #5/DEBUG] [net.minecraftforge.network.HandshakeHandler/FMLHANDSHAKE]: Received acknowledgement from client
[16Feb2026 17:23:23.550] [Netty Epoll Server IO #5/DEBUG] [net.minecraftforge.network.LoginWrapper/FMLHANDSHAKE]: Recieved login wrapper packet event for channel fml:handshake with index 6
[16Feb2026 17:23:23.550] [Netty Epoll Server IO #5/DEBUG] [net.minecraftforge.network.HandshakeHandler/FMLHANDSHAKE]: Received client indexed reply 6 of type net.minecraftforge.network.HandshakeMessages$C2SAcknowledge
[16Feb2026 17:23:23.550] [Netty Epoll Server IO #5/DEBUG] [net.minecraftforge.network.HandshakeHandler/FMLHANDSHAKE]: Received acknowledgement from client
[16Feb2026 17:23:23.598] [Server thread/DEBUG] [net.minecraftforge.network.HandshakeHandler/FMLHANDSHAKE]: Sending ticking packet info 'Registry forge:fluid_type' to 'fml:handshake' sequence 10
[16Feb2026 17:23:23.648] [Server thread/DEBUG] [net.minecraftforge.network.HandshakeHandler/FMLHANDSHAKE]: Sending ticking packet info 'Registry minecraft:block_entity_type' to 'fml:handshake' sequence 11
[16Feb2026 17:23:23.698] [Server thread/DEBUG] [net.minecraftforge.network.HandshakeHandler/FMLHANDSHAKE]: Sending ticking packet info 'Registry forge:display_contexts' to 'fml:handshake' sequence 12
[16Feb2026 17:23:23.724] [Netty Epoll Server IO #5/DEBUG] [net.minecraftforge.network.LoginWrapper/FMLHANDSHAKE]: Recieved login wrapper packet event for channel fml:handshake with index 7
[16Feb2026 17:23:23.724] [Netty Epoll Server IO #5/DEBUG] [net.minecraftforge.network.HandshakeHandler/FMLHANDSHAKE]: Received client indexed reply 7 of type net.minecraftforge.network.HandshakeMessages$C2SAcknowledge
[16Feb2026 17:23:23.724] [Netty Epoll Server IO #5/DEBUG] [net.minecraftforge.network.HandshakeHandler/FMLHANDSHAKE]: Received acknowledgement from client
[16Feb2026 17:23:23.724] [Netty Epoll Server IO #5/DEBUG] [net.minecraftforge.network.LoginWrapper/FMLHANDSHAKE]: Recieved login wrapper packet event for channel fml:handshake with index 8
[16Feb2026 17:23:23.724] [Netty Epoll Server IO #5/DEBUG] [net.minecraftforge.network.HandshakeHandler/FMLHANDSHAKE]: Received client indexed reply 8 of type net.minecraftforge.network.HandshakeMessages$C2SAcknowledge
[16Feb2026 17:23:23.724] [Netty Epoll Server IO #5/DEBUG] [net.minecraftforge.network.HandshakeHandler/FMLHANDSHAKE]: Received acknowledgement from client
[16Feb2026 17:23:23.724] [Netty Epoll Server IO #5/DEBUG] [net.minecraftforge.network.LoginWrapper/FMLHANDSHAKE]: Recieved login wrapper packet event for channel fml:handshake with index 9
[16Feb2026 17:23:23.724] [Netty Epoll Server IO #5/DEBUG] [net.minecraftforge.network.HandshakeHandler/FMLHANDSHAKE]: Received client indexed reply 9 of type net.minecraftforge.network.HandshakeMessages$C2SAcknowledge
[16Feb2026 17:23:23.724] [Netty Epoll Server IO #5/DEBUG] [net.minecraftforge.network.HandshakeHandler/FMLHANDSHAKE]: Received acknowledgement from client
[16Feb2026 17:23:23.724] [Netty Epoll Server IO #5/DEBUG] [net.minecraftforge.network.LoginWrapper/FMLHANDSHAKE]: Recieved login wrapper packet event for channel fml:handshake with index 10
[16Feb2026 17:23:23.724] [Netty Epoll Server IO #5/DEBUG] [net.minecraftforge.network.HandshakeHandler/FMLHANDSHAKE]: Received client indexed reply 10 of type net.minecraftforge.network.HandshakeMessages$C2SAcknowledge
[16Feb2026 17:23:23.724] [Netty Epoll Server IO #5/DEBUG] [net.minecraftforge.network.HandshakeHandler/FMLHANDSHAKE]: Received acknowledgement from client
[16Feb2026 17:23:23.731] [Netty Epoll Server IO #5/DEBUG] [net.minecraftforge.network.LoginWrapper/FMLHANDSHAKE]: Recieved login wrapper packet event for channel fml:handshake with index 11
[16Feb2026 17:23:23.731] [Netty Epoll Server IO #5/DEBUG] [net.minecraftforge.network.HandshakeHandler/FMLHANDSHAKE]: Received client indexed reply 11 of type net.minecraftforge.network.HandshakeMessages$C2SAcknowledge
[16Feb2026 17:23:23.731] [Netty Epoll Server IO #5/DEBUG] [net.minecraftforge.network.HandshakeHandler/FMLHANDSHAKE]: Received acknowledgement from client
[16Feb2026 17:23:23.745] [Server thread/DEBUG] [net.minecraftforge.network.HandshakeHandler/FMLHANDSHAKE]: Sending ticking packet info 'Registry minecraft:block' to 'fml:handshake' sequence 13
[16Feb2026 17:23:23.783] [Netty Epoll Server IO #5/DEBUG] [net.minecraftforge.network.LoginWrapper/FMLHANDSHAKE]: Recieved login wrapper packet event for channel fml:handshake with index 12
[16Feb2026 17:23:23.783] [Netty Epoll Server IO #5/DEBUG] [net.minecraftforge.network.HandshakeHandler/FMLHANDSHAKE]: Received client indexed reply 12 of type net.minecraftforge.network.HandshakeMessages$C2SAcknowledge
[16Feb2026 17:23:23.783] [Netty Epoll Server IO #5/DEBUG] [net.minecraftforge.network.HandshakeHandler/FMLHANDSHAKE]: Received acknowledgement from client
[16Feb2026 17:23:23.796] [Server thread/DEBUG] [net.minecraftforge.network.HandshakeHandler/FMLHANDSHAKE]: Sending ticking packet info 'Registry forge:entity_data_serializers' to 'fml:handshake' sequence 14
[16Feb2026 17:23:23.846] [Server thread/DEBUG] [net.minecraftforge.network.HandshakeHandler/FMLHANDSHAKE]: Sending ticking packet info 'Registry minecraft:mob_effect' to 'fml:handshake' sequence 15
[16Feb2026 17:23:23.896] [Server thread/DEBUG] [net.minecraftforge.network.HandshakeHandler/FMLHANDSHAKE]: Sending ticking packet info 'Registry minecraft:stat_type' to 'fml:handshake' sequence 16
[16Feb2026 17:23:23.917] [Netty Epoll Server IO #5/DEBUG] [net.minecraftforge.network.LoginWrapper/FMLHANDSHAKE]: Recieved login wrapper packet event for channel fml:handshake with index 13
[16Feb2026 17:23:23.917] [Netty Epoll Server IO #5/DEBUG] [net.minecraftforge.network.HandshakeHandler/FMLHANDSHAKE]: Received client indexed reply 13 of type net.minecraftforge.network.HandshakeMessages$C2SAcknowledge
[16Feb2026 17:23:23.917] [Netty Epoll Server IO #5/DEBUG] [net.minecraftforge.network.HandshakeHandler/FMLHANDSHAKE]: Received acknowledgement from client
[16Feb2026 17:23:23.918] [Netty Epoll Server IO #5/DEBUG] [net.minecraftforge.network.LoginWrapper/FMLHANDSHAKE]: Recieved login wrapper packet event for channel fml:handshake with index 14
[16Feb2026 17:23:23.918] [Netty Epoll Server IO #5/DEBUG] [net.minecraftforge.network.HandshakeHandler/FMLHANDSHAKE]: Received client indexed reply 14 of type net.minecraftforge.network.HandshakeMessages$C2SAcknowledge
[16Feb2026 17:23:23.918] [Netty Epoll Server IO #5/DEBUG] [net.minecraftforge.network.HandshakeHandler/FMLHANDSHAKE]: Received acknowledgement from client
[16Feb2026 17:23:23.946] [Server thread/DEBUG] [net.minecraftforge.network.HandshakeHandler/FMLHANDSHAKE]: Sending ticking packet info 'Registry minecraft:menu' to 'fml:handshake' sequence 17
[16Feb2026 17:23:23.949] [Netty Epoll Server IO #5/DEBUG] [net.minecraftforge.network.LoginWrapper/FMLHANDSHAKE]: Recieved login wrapper packet event for channel fml:handshake with index 15
[16Feb2026 17:23:23.949] [Netty Epoll Server IO #5/DEBUG] [net.minecraftforge.network.HandshakeHandler/FMLHANDSHAKE]: Received client indexed reply 15 of type net.minecraftforge.network.HandshakeMessages$C2SAcknowledge
[16Feb2026 17:23:23.949] [Netty Epoll Server IO #5/DEBUG] [net.minecraftforge.network.HandshakeHandler/FMLHANDSHAKE]: Received acknowledgement from client
[16Feb2026 17:23:23.980] [Netty Epoll Server IO #5/DEBUG] [net.minecraftforge.network.LoginWrapper/FMLHANDSHAKE]: Recieved login wrapper packet event for channel fml:handshake with index 16
[16Feb2026 17:23:23.980] [Netty Epoll Server IO #5/DEBUG] [net.minecraftforge.network.HandshakeHandler/FMLHANDSHAKE]: Received client indexed reply 16 of type net.minecraftforge.network.HandshakeMessages$C2SAcknowledge
[16Feb2026 17:23:23.980] [Netty Epoll Server IO #5/DEBUG] [net.minecraftforge.network.HandshakeHandler/FMLHANDSHAKE]: Received acknowledgement from client
[16Feb2026 17:23:23.998] [Server thread/DEBUG] [net.minecraftforge.network.HandshakeHandler/FMLHANDSHAKE]: Sending ticking packet info 'Registry minecraft:enchantment' to 'fml:handshake' sequence 18
[16Feb2026 17:23:24.029] [Netty Epoll Server IO #5/DEBUG] [net.minecraftforge.network.LoginWrapper/FMLHANDSHAKE]: Recieved login wrapper packet event for channel fml:handshake with index 17
[16Feb2026 17:23:24.029] [Netty Epoll Server IO #5/DEBUG] [net.minecraftforge.network.HandshakeHandler/FMLHANDSHAKE]: Received client indexed reply 17 of type net.minecraftforge.network.HandshakeMessages$C2SAcknowledge
[16Feb2026 17:23:24.029] [Netty Epoll Server IO #5/DEBUG] [net.minecraftforge.network.HandshakeHandler/FMLHANDSHAKE]: Received acknowledgement from client
[16Feb2026 17:23:24.047] [Server thread/DEBUG] [net.minecraftforge.network.HandshakeHandler/FMLHANDSHAKE]: Sending ticking packet info 'Registry minecraft:fluid' to 'fml:handshake' sequence 19
[16Feb2026 17:23:24.081] [Netty Epoll Server IO #5/DEBUG] [net.minecraftforge.network.LoginWrapper/FMLHANDSHAKE]: Recieved login wrapper packet event for channel fml:handshake with index 18
[16Feb2026 17:23:24.081] [Netty Epoll Server IO #5/DEBUG] [net.minecraftforge.network.HandshakeHandler/FMLHANDSHAKE]: Received client indexed reply 18 of type net.minecraftforge.network.HandshakeMessages$C2SAcknowledge
[16Feb2026 17:23:24.081] [Netty Epoll Server IO #5/DEBUG] [net.minecraftforge.network.HandshakeHandler/FMLHANDSHAKE]: Received acknowledgement from client
[16Feb2026 17:23:24.098] [Server thread/DEBUG] [net.minecraftforge.network.HandshakeHandler/FMLHANDSHAKE]: Sending ticking packet info 'Registry minecraft:entity_type' to 'fml:handshake' sequence 20
[16Feb2026 17:23:24.130] [Netty Epoll Server IO #5/DEBUG] [net.minecraftforge.network.LoginWrapper/FMLHANDSHAKE]: Recieved login wrapper packet event for channel fml:handshake with index 19
[16Feb2026 17:23:24.130] [Netty Epoll Server IO #5/DEBUG] [net.minecraftforge.network.HandshakeHandler/FMLHANDSHAKE]: Received client indexed reply 19 of type net.minecraftforge.network.HandshakeMessages$C2SAcknowledge
[16Feb2026 17:23:24.130] [Netty Epoll Server IO #5/DEBUG] [net.minecraftforge.network.HandshakeHandler/FMLHANDSHAKE]: Received acknowledgement from client
[16Feb2026 17:23:24.147] [Server thread/DEBUG] [net.minecraftforge.network.HandshakeHandler/FMLHANDSHAKE]: Sending ticking packet info 'Config journeymap-server.toml' to 'fml:handshake' sequence 21
[16Feb2026 17:23:24.198] [Server thread/DEBUG] [net.minecraftforge.network.HandshakeHandler/FMLHANDSHAKE]: Sending ticking packet info 'Config curios-server.toml' to 'fml:handshake' sequence 22
[16Feb2026 17:23:24.246] [Server thread/DEBUG] [net.minecraftforge.network.HandshakeHandler/FMLHANDSHAKE]: Sending ticking packet info 'Config jei-server.toml' to 'fml:handshake' sequence 23
[16Feb2026 17:23:24.296] [Server thread/DEBUG] [net.minecraftforge.network.HandshakeHandler/FMLHANDSHAKE]: Sending ticking packet info 'Config beautify-server.toml' to 'fml:handshake' sequence 24
[16Feb2026 17:23:24.347] [Server thread/DEBUG] [net.minecraftforge.network.HandshakeHandler/FMLHANDSHAKE]: Sending ticking packet info 'Config forge-server.toml' to 'fml:handshake' sequence 25
[16Feb2026 17:23:24.675] [Netty Epoll Server IO #5/DEBUG] [net.minecraftforge.network.LoginWrapper/FMLHANDSHAKE]: Recieved login wrapper packet event for channel fml:handshake with index 20
[16Feb2026 17:23:24.675] [Netty Epoll Server IO #5/DEBUG] [net.minecraftforge.network.HandshakeHandler/FMLHANDSHAKE]: Received client indexed reply 20 of type net.minecraftforge.network.HandshakeMessages$C2SAcknowledge
[16Feb2026 17:23:24.675] [Netty Epoll Server IO #5/DEBUG] [net.minecraftforge.network.HandshakeHandler/FMLHANDSHAKE]: Received acknowledgement from client
[16Feb2026 17:23:24.676] [Netty Epoll Server IO #5/DEBUG] [net.minecraftforge.network.LoginWrapper/FMLHANDSHAKE]: Recieved login wrapper packet event for channel fml:handshake with index 21
[16Feb2026 17:23:24.676] [Netty Epoll Server IO #5/DEBUG] [net.minecraftforge.network.HandshakeHandler/FMLHANDSHAKE]: Received client indexed reply 21 of type net.minecraftforge.network.HandshakeMessages$C2SAcknowledge
[16Feb2026 17:23:24.676] [Netty Epoll Server IO #5/DEBUG] [net.minecraftforge.network.HandshakeHandler/FMLHANDSHAKE]: Received acknowledgement from client
[16Feb2026 17:23:24.676] [Netty Epoll Server IO #5/DEBUG] [net.minecraftforge.network.LoginWrapper/FMLHANDSHAKE]: Recieved login wrapper packet event for channel fml:handshake with index 22
[16Feb2026 17:23:24.676] [Netty Epoll Server IO #5/DEBUG] [net.minecraftforge.network.HandshakeHandler/FMLHANDSHAKE]: Received client indexed reply 22 of type net.minecraftforge.network.HandshakeMessages$C2SAcknowledge
[16Feb2026 17:23:24.676] [Netty Epoll Server IO #5/DEBUG] [net.minecraftforge.network.HandshakeHandler/FMLHANDSHAKE]: Received acknowledgement from client
[16Feb2026 17:23:24.676] [Netty Epoll Server IO #5/DEBUG] [net.minecraftforge.network.LoginWrapper/FMLHANDSHAKE]: Recieved login wrapper packet event for channel fml:handshake with index 23
[16Feb2026 17:23:24.676] [Netty Epoll Server IO #5/DEBUG] [net.minecraftforge.network.HandshakeHandler/FMLHANDSHAKE]: Received client indexed reply 23 of type net.minecraftforge.network.HandshakeMessages$C2SAcknowledge
[16Feb2026 17:23:24.676] [Netty Epoll Server IO #5/DEBUG] [net.minecraftforge.network.HandshakeHandler/FMLHANDSHAKE]: Received acknowledgement from client
[16Feb2026 17:23:24.676] [Netty Epoll Server IO #5/DEBUG] [net.minecraftforge.network.LoginWrapper/FMLHANDSHAKE]: Recieved login wrapper packet event for channel fml:handshake with index 24
[16Feb2026 17:23:24.676] [Netty Epoll Server IO #5/DEBUG] [net.minecraftforge.network.HandshakeHandler/FMLHANDSHAKE]: Received client indexed reply 24 of type net.minecraftforge.network.HandshakeMessages$C2SAcknowledge
[16Feb2026 17:23:24.676] [Netty Epoll Server IO #5/DEBUG] [net.minecraftforge.network.HandshakeHandler/FMLHANDSHAKE]: Received acknowledgement from client
[16Feb2026 17:23:24.676] [Netty Epoll Server IO #5/DEBUG] [net.minecraftforge.network.LoginWrapper/FMLHANDSHAKE]: Recieved login wrapper packet event for channel fml:handshake with index 25
[16Feb2026 17:23:24.676] [Netty Epoll Server IO #5/DEBUG] [net.minecraftforge.network.HandshakeHandler/FMLHANDSHAKE]: Received client indexed reply 25 of type net.minecraftforge.network.HandshakeMessages$C2SAcknowledge
[16Feb2026 17:23:24.676] [Netty Epoll Server IO #5/DEBUG] [net.minecraftforge.network.HandshakeHandler/FMLHANDSHAKE]: Received acknowledgement from client
[16Feb2026 17:23:24.696] [Server thread/DEBUG] [net.minecraftforge.network.HandshakeHandler/FMLHANDSHAKE]: Handshake complete!
[16Feb2026 17:23:24.758] [Server thread/INFO] [net.minecraft.server.players.PlayerList/]: Amorger2[/10.147.18.56:52783] logged in with entity id 5069 at (2125.030900675814, 63.085764312744146, -3806.6949046522614)
[16Feb2026 17:23:24.758] [Server thread/DEBUG] [net.minecraftforge.network.filters.NetworkFilters/]: Injected net.minecraftforge.network.filters.ForgeConnectionNetworkFilter@54025ff1 into net.minecraft.network.Connection@66a27c8f
[16Feb2026 17:23:24.799] [Server thread/INFO] [net.minecraft.server.MinecraftServer/]: Amorger2 joined the game
[16Feb2026 17:23:24.808] [Server thread/DEBUG] [FTB Teams/]: player f4d898ac-81ff-3a5f-8dfd-7b46bc2b0971 logged in, player team = Amorger2#f4d898ac
[16Feb2026 17:23:24.808] [Server thread/DEBUG] [FTB Teams/]: syncing player team data, all = false
[16Feb2026 17:23:24.818] [Server thread/DEBUG] [FTB Teams/]: updating team presence
[16Feb2026 17:23:24.819] [Server thread/DEBUG] [FTB Teams/]: sending team login event for f4d898ac-81ff-3a5f-8dfd-7b46bc2b0971...
[16Feb2026 17:23:24.819] [Server thread/DEBUG] [FTB Quests/]: Wrote 585 bytes, 0 objects
[16Feb2026 17:23:24.819] [Server thread/DEBUG] [FTB Teams/]: team login event for f4d898ac-81ff-3a5f-8dfd-7b46bc2b0971 sent
[16Feb2026 17:23:24.820] [Server thread/INFO] [Jade/]: Syncing config to Amorger2 (f4d898ac-81ff-3a5f-8dfd-7b46bc2b0971)
[16Feb2026 17:23:27.083] [Server thread/DEBUG] [net.minecraftforge.common.ForgeHooks/WP]: Gathering id map for writing to world save world
[16Feb2026 17:23:27.092] [Server thread/DEBUG] [net.minecraftforge.common.ForgeHooks/WP]: ID Map collection complete world
[16Feb2026 17:23:29.540] [Server thread/DEBUG] [com.cobblemon.mod.common.Cobblemon/]: Serializing 2 Pokémon stores.
[16Feb2026 17:23:29.540] [Server thread/DEBUG] [com.cobblemon.mod.common.Cobblemon/]: Queueing save.
[16Feb2026 17:23:29.542] [pool-4-thread-1/DEBUG] [com.cobblemon.mod.common.Cobblemon/]: Saved 2 Pokémon stores.
[16Feb2026 17:23:59.590] [Server thread/DEBUG] [com.cobblemon.mod.common.Cobblemon/]: Serializing 2 Pokémon stores.
[16Feb2026 17:23:59.591] [Server thread/DEBUG] [com.cobblemon.mod.common.Cobblemon/]: Queueing save.
[16Feb2026 17:23:59.595] [pool-4-thread-1/DEBUG] [com.cobblemon.mod.common.Cobblemon/]: Saved 2 Pokémon stores.
[16Feb2026 17:24:29.640] [Server thread/DEBUG] [com.cobblemon.mod.common.Cobblemon/]: Serializing 2 Pokémon stores.
[16Feb2026 17:24:29.640] [Server thread/DEBUG] [com.cobblemon.mod.common.Cobblemon/]: Queueing save.
[16Feb2026 17:24:29.643] [pool-4-thread-1/DEBUG] [com.cobblemon.mod.common.Cobblemon/]: Saved 2 Pokémon stores.
[16Feb2026 17:24:31.553] [Worker-Main-10/DEBUG] [mixin/]: Mixing cobblemon.MixinFossilAnalyzerInventory from cobblemonintegrations-common.mixins.json into com.cobblemon.mod.common.block.entity.FossilAnalyzerBlockEntity$FossilAnalyzerInventory
[16Feb2026 17:24:48.818] [Server thread/DEBUG] [mixin/]: Mixing FossilMultiblockStructureMixin from mixins.fossiltweaks.json into com.cobblemon.mod.common.block.multiblock.FossilMultiblockStructure
[16Feb2026 17:24:48.818] [Server thread/DEBUG] [mixin/]: mixins.fossiltweaks.json:FossilMultiblockStructureMixin: Class version 61 required is higher than the class version supported by the current version of Mixin (JAVA_8 supports class version 52)
[16Feb2026 17:24:49.355] [Server thread/WARN] [net.minecraft.world.level.chunk.LevelChunk/]: Tried to load a block entity for block Block{cobblemon:pc}[facing=west,on=false,part=top,waterlogged=false] but failed at location BlockPos{x=2067, y=64, z=-4041}
[16Feb2026 17:24:59.690] [Server thread/DEBUG] [com.cobblemon.mod.common.Cobblemon/]: Serializing 2 Pokémon stores.
[16Feb2026 17:24:59.690] [Server thread/DEBUG] [com.cobblemon.mod.common.Cobblemon/]: Queueing save.
[16Feb2026 17:24:59.692] [pool-4-thread-1/DEBUG] [com.cobblemon.mod.common.Cobblemon/]: Saved 2 Pokémon stores.
[16Feb2026 17:25:17.618] [Server thread/INFO] [net.minecraft.server.MinecraftServer/]: [Dortodoloncio: Fully healed Dortodoloncio's party.]
[16Feb2026 17:25:29.740] [Server thread/DEBUG] [com.cobblemon.mod.common.Cobblemon/]: Serializing 2 Pokémon stores.
[16Feb2026 17:25:29.740] [Server thread/DEBUG] [com.cobblemon.mod.common.Cobblemon/]: Queueing save.
[16Feb2026 17:25:29.742] [pool-4-thread-1/DEBUG] [com.cobblemon.mod.common.Cobblemon/]: Saved 2 Pokémon stores.
[16Feb2026 17:25:55.058] [Server thread/DEBUG] [Cobbledex/]: Saving 66 entries to /workspaces/RPG_minecraft/servidor_minecraft/./world/./cobbledex-coop.json
[16Feb2026 17:25:59.790] [Server thread/DEBUG] [com.cobblemon.mod.common.Cobblemon/]: Serializing 3 Pokémon stores.
[16Feb2026 17:25:59.791] [Server thread/DEBUG] [com.cobblemon.mod.common.Cobblemon/]: Queueing save.
[16Feb2026 17:25:59.793] [pool-4-thread-1/DEBUG] [com.cobblemon.mod.common.Cobblemon/]: Saved 3 Pokémon stores.
[16Feb2026 17:26:11.915] [Server thread/WARN] [net.minecraft.world.level.chunk.LevelChunk/]: Tried to load a block entity for block Block{cobblemon:pc}[facing=south,on=false,part=top,waterlogged=false] but failed at location BlockPos{x=2412, y=64, z=-3986}
[16Feb2026 17:26:29.840] [Server thread/DEBUG] [com.cobblemon.mod.common.Cobblemon/]: Serializing 2 Pokémon stores.
[16Feb2026 17:26:29.840] [Server thread/DEBUG] [com.cobblemon.mod.common.Cobblemon/]: Queueing save.
[16Feb2026 17:26:29.843] [pool-4-thread-1/DEBUG] [com.cobblemon.mod.common.Cobblemon/]: Saved 2 Pokémon stores.
[16Feb2026 17:26:59.890] [Server thread/DEBUG] [com.cobblemon.mod.common.Cobblemon/]: Serializing 2 Pokémon stores.
[16Feb2026 17:26:59.890] [Server thread/DEBUG] [com.cobblemon.mod.common.Cobblemon/]: Queueing save.
[16Feb2026 17:26:59.892] [pool-4-thread-1/DEBUG] [com.cobblemon.mod.common.Cobblemon/]: Saved 2 Pokémon stores.
[16Feb2026 17:27:29.940] [Server thread/DEBUG] [com.cobblemon.mod.common.Cobblemon/]: Serializing 2 Pokémon stores.
[16Feb2026 17:27:29.940] [Server thread/DEBUG] [com.cobblemon.mod.common.Cobblemon/]: Queueing save.
[16Feb2026 17:27:29.942] [pool-4-thread-1/DEBUG] [com.cobblemon.mod.common.Cobblemon/]: Saved 2 Pokémon stores.
[16Feb2026 17:27:33.058] [Server thread/DEBUG] [Cobbledex/]: Saving 67 entries to /workspaces/RPG_minecraft/servidor_minecraft/./world/./cobbledex-coop.json
[16Feb2026 17:27:40.901] [Server thread/WARN] [net.minecraft.world.level.chunk.LevelChunk/]: Tried to load a block entity for block Block{cobblemon:pc}[facing=west,on=false,part=top,waterlogged=false] but failed at location BlockPos{x=4147, y=70, z=-2009}
[16Feb2026 17:27:50.721] [Server thread/DEBUG] [Cobbledex/]: Saving 68 entries to /workspaces/RPG_minecraft/servidor_minecraft/./world/./cobbledex-coop.json
[16Feb2026 17:27:59.990] [Server thread/DEBUG] [com.cobblemon.mod.common.Cobblemon/]: Serializing 3 Pokémon stores.
[16Feb2026 17:27:59.991] [Server thread/DEBUG] [com.cobblemon.mod.common.Cobblemon/]: Queueing save.
[16Feb2026 17:27:59.994] [pool-4-thread-1/DEBUG] [com.cobblemon.mod.common.Cobblemon/]: Saved 3 Pokémon stores.
[16Feb2026 17:28:27.072] [Server thread/DEBUG] [net.minecraftforge.common.ForgeHooks/WP]: Gathering id map for writing to world save world
[16Feb2026 17:28:27.080] [Server thread/DEBUG] [net.minecraftforge.common.ForgeHooks/WP]: ID Map collection complete world
[16Feb2026 17:28:30.040] [Server thread/DEBUG] [com.cobblemon.mod.common.Cobblemon/]: Serializing 3 Pokémon stores.
[16Feb2026 17:28:30.041] [Server thread/DEBUG] [com.cobblemon.mod.common.Cobblemon/]: Queueing save.
[16Feb2026 17:28:30.044] [pool-4-thread-1/DEBUG] [com.cobblemon.mod.common.Cobblemon/]: Saved 3 Pokémon stores.
[16Feb2026 17:29:00.090] [Server thread/DEBUG] [com.cobblemon.mod.common.Cobblemon/]: Serializing 2 Pokémon stores.
[16Feb2026 17:29:00.090] [Server thread/DEBUG] [com.cobblemon.mod.common.Cobblemon/]: Queueing save.
[16Feb2026 17:29:00.096] [pool-4-thread-1/DEBUG] [com.cobblemon.mod.common.Cobblemon/]: Saved 2 Pokémon stores.
[16Feb2026 17:29:30.140] [Server thread/DEBUG] [com.cobblemon.mod.common.Cobblemon/]: Serializing 2 Pokémon stores.
[16Feb2026 17:29:30.140] [Server thread/DEBUG] [com.cobblemon.mod.common.Cobblemon/]: Queueing save.
[16Feb2026 17:29:30.142] [pool-4-thread-1/DEBUG] [com.cobblemon.mod.common.Cobblemon/]: Saved 2 Pokémon stores.
[16Feb2026 17:30:00.190] [Server thread/DEBUG] [com.cobblemon.mod.common.Cobblemon/]: Serializing 2 Pokémon stores.
[16Feb2026 17:30:00.190] [Server thread/DEBUG] [com.cobblemon.mod.common.Cobblemon/]: Queueing save.
[16Feb2026 17:30:00.192] [pool-4-thread-1/DEBUG] [com.cobblemon.mod.common.Cobblemon/]: Saved 2 Pokémon stores.
[16Feb2026 17:30:30.240] [Server thread/DEBUG] [com.cobblemon.mod.common.Cobblemon/]: Serializing 2 Pokémon stores.
[16Feb2026 17:30:30.240] [Server thread/DEBUG] [com.cobblemon.mod.common.Cobblemon/]: Queueing save.
[16Feb2026 17:30:30.242] [pool-4-thread-1/DEBUG] [com.cobblemon.mod.common.Cobblemon/]: Saved 2 Pokémon stores.
[16Feb2026 17:31:00.290] [Server thread/DEBUG] [com.cobblemon.mod.common.Cobblemon/]: Serializing 2 Pokémon stores.
[16Feb2026 17:31:00.290] [Server thread/DEBUG] [com.cobblemon.mod.common.Cobblemon/]: Queueing save.
[16Feb2026 17:31:00.292] [pool-4-thread-1/DEBUG] [com.cobblemon.mod.common.Cobblemon/]: Saved 2 Pokémon stores.
[16Feb2026 17:31:30.340] [Server thread/DEBUG] [com.cobblemon.mod.common.Cobblemon/]: Serializing 2 Pokémon stores.
[16Feb2026 17:31:30.340] [Server thread/DEBUG] [com.cobblemon.mod.common.Cobblemon/]: Queueing save.
[16Feb2026 17:31:30.342] [pool-4-thread-1/DEBUG] [com.cobblemon.mod.common.Cobblemon/]: Saved 2 Pokémon stores.
[16Feb2026 17:32:00.390] [Server thread/DEBUG] [com.cobblemon.mod.common.Cobblemon/]: Serializing 2 Pokémon stores.
[16Feb2026 17:32:00.390] [Server thread/DEBUG] [com.cobblemon.mod.common.Cobblemon/]: Queueing save.
[16Feb2026 17:32:00.392] [pool-4-thread-1/DEBUG] [com.cobblemon.mod.common.Cobblemon/]: Saved 2 Pokémon stores.
[16Feb2026 17:32:30.440] [Server thread/DEBUG] [com.cobblemon.mod.common.Cobblemon/]: Serializing 2 Pokémon stores.
[16Feb2026 17:32:30.440] [Server thread/DEBUG] [com.cobblemon.mod.common.Cobblemon/]: Queueing save.
[16Feb2026 17:32:30.442] [pool-4-thread-1/DEBUG] [com.cobblemon.mod.common.Cobblemon/]: Saved 2 Pokémon stores.
[16Feb2026 17:33:00.450] [Server thread/INFO] [net.minecraft.server.MinecraftServer/]: [Not Secure] <Amorger2> dere
[16Feb2026 17:33:00.490] [Server thread/DEBUG] [com.cobblemon.mod.common.Cobblemon/]: Serializing 2 Pokémon stores.
[16Feb2026 17:33:00.490] [Server thread/DEBUG] [com.cobblemon.mod.common.Cobblemon/]: Queueing save.
[16Feb2026 17:33:00.492] [pool-4-thread-1/DEBUG] [com.cobblemon.mod.common.Cobblemon/]: Saved 2 Pokémon stores.
[16Feb2026 17:33:03.960] [Server thread/INFO] [net.minecraft.server.MinecraftServer/]: [Not Secure] <Dortodoloncio> q
[16Feb2026 17:33:20.798] [Server thread/INFO] [net.minecraft.server.MinecraftServer/]: [Not Secure] <Amorger2> de casualidad no tienes casdo de tortuga?
[16Feb2026 17:33:27.002] [Server thread/INFO] [net.minecraft.server.MinecraftServer/]: [Not Secure] <Dortodoloncio> noup
[16Feb2026 17:33:27.068] [Server thread/DEBUG] [net.minecraftforge.common.ForgeHooks/WP]: Gathering id map for writing to world save world
[16Feb2026 17:33:27.076] [Server thread/DEBUG] [net.minecraftforge.common.ForgeHooks/WP]: ID Map collection complete world
[16Feb2026 17:33:30.540] [Server thread/DEBUG] [com.cobblemon.mod.common.Cobblemon/]: Serializing 2 Pokémon stores.
[16Feb2026 17:33:30.540] [Server thread/DEBUG] [com.cobblemon.mod.common.Cobblemon/]: Queueing save.
[16Feb2026 17:33:30.542] [pool-4-thread-1/DEBUG] [com.cobblemon.mod.common.Cobblemon/]: Saved 2 Pokémon stores.
[16Feb2026 17:34:00.590] [Server thread/DEBUG] [com.cobblemon.mod.common.Cobblemon/]: Serializing 2 Pokémon stores.
[16Feb2026 17:34:00.590] [Server thread/DEBUG] [com.cobblemon.mod.common.Cobblemon/]: Queueing save.
[16Feb2026 17:34:00.599] [pool-4-thread-1/DEBUG] [com.cobblemon.mod.common.Cobblemon/]: Saved 2 Pokémon stores.
[16Feb2026 17:34:01.683] [Server thread/INFO] [net.minecraft.server.MinecraftServer/]: [Not Secure] <Amorger2> oka
[16Feb2026 17:34:19.126] [Server thread/DEBUG] [mixin/]: Mixing CompoundContainerMixin from ftblibrary-common.mixins.json into net.minecraft.world.CompoundContainer
[16Feb2026 17:34:19.126] [Server thread/DEBUG] [mixin/]: ftblibrary-common.mixins.json:CompoundContainerMixin: Class version 61 required is higher than the class version supported by the current version of Mixin (JAVA_8 supports class version 52)
[16Feb2026 17:34:30.640] [Server thread/DEBUG] [com.cobblemon.mod.common.Cobblemon/]: Serializing 2 Pokémon stores.
[16Feb2026 17:34:30.640] [Server thread/DEBUG] [com.cobblemon.mod.common.Cobblemon/]: Queueing save.
[16Feb2026 17:34:30.642] [pool-4-thread-1/DEBUG] [com.cobblemon.mod.common.Cobblemon/]: Saved 2 Pokémon stores.
[16Feb2026 17:34:53.848] [Server thread/INFO] [net.minecraft.server.MinecraftServer/]: Dortodoloncio has made the advancement [Bring Home the Beacon]
[16Feb2026 17:35:00.690] [Server thread/DEBUG] [com.cobblemon.mod.common.Cobblemon/]: Serializing 0 Pokémon stores.
[16Feb2026 17:35:00.690] [Server thread/DEBUG] [com.cobblemon.mod.common.Cobblemon/]: Queueing save.
[16Feb2026 17:35:00.690] [pool-4-thread-1/DEBUG] [com.cobblemon.mod.common.Cobblemon/]: Saved 0 Pokémon stores.
[16Feb2026 17:35:30.755] [Server thread/DEBUG] [com.cobblemon.mod.common.Cobblemon/]: Serializing 1 Pokémon stores.
[16Feb2026 17:35:30.755] [Server thread/DEBUG] [com.cobblemon.mod.common.Cobblemon/]: Queueing save.
[16Feb2026 17:35:30.756] [pool-4-thread-1/DEBUG] [com.cobblemon.mod.common.Cobblemon/]: Saved 1 Pokémon stores.
[16Feb2026 17:36:00.790] [Server thread/DEBUG] [com.cobblemon.mod.common.Cobblemon/]: Serializing 0 Pokémon stores.
[16Feb2026 17:36:00.790] [Server thread/DEBUG] [com.cobblemon.mod.common.Cobblemon/]: Queueing save.
[16Feb2026 17:36:00.790] [pool-4-thread-1/DEBUG] [com.cobblemon.mod.common.Cobblemon/]: Saved 0 Pokémon stores.
[16Feb2026 17:36:30.840] [Server thread/DEBUG] [com.cobblemon.mod.common.Cobblemon/]: Serializing 0 Pokémon stores.
[16Feb2026 17:36:30.840] [Server thread/DEBUG] [com.cobblemon.mod.common.Cobblemon/]: Queueing save.
[16Feb2026 17:36:30.840] [pool-4-thread-1/DEBUG] [com.cobblemon.mod.common.Cobblemon/]: Saved 0 Pokémon stores.
[16Feb2026 17:36:32.304] [Server thread/INFO] [net.minecraft.server.network.ServerGamePacketListenerImpl/]: Amorger2 lost connection: Disconnected
[16Feb2026 17:36:32.305] [Server thread/INFO] [net.minecraft.server.MinecraftServer/]: Amorger2 left the game
[16Feb2026 17:36:35.038] [Netty Epoll Server IO #7/DEBUG] [net.minecraftforge.network.HandshakeHandler/FMLHANDSHAKE]: Starting new modded impl connection. Found 26 messages to dispatch.
[16Feb2026 17:36:35.045] [Server thread/DEBUG] [net.minecraftforge.network.HandshakeHandler/FMLHANDSHAKE]: Sending ticking packet info 'net.minecraftforge.network.HandshakeMessages$S2CModData' to 'fml:handshake' sequence 0
[16Feb2026 17:36:35.095] [Server thread/DEBUG] [net.minecraftforge.network.HandshakeHandler/FMLHANDSHAKE]: Sending ticking packet info 'net.minecraftforge.network.HandshakeMessages$S2CModList' to 'fml:handshake' sequence 1
[16Feb2026 17:36:35.144] [Server thread/DEBUG] [net.minecraftforge.network.HandshakeHandler/FMLHANDSHAKE]: Sending ticking packet info 'Registry minecraft:command_argument_type' to 'fml:handshake' sequence 2
[16Feb2026 17:36:35.182] [Netty Epoll Server IO #7/DEBUG] [net.minecraftforge.network.LoginWrapper/FMLHANDSHAKE]: Recieved login wrapper packet event for channel fml:handshake with index 1
[16Feb2026 17:36:35.182] [Netty Epoll Server IO #7/DEBUG] [net.minecraftforge.network.HandshakeHandler/FMLHANDSHAKE]: Received client indexed reply 1 of type net.minecraftforge.network.HandshakeMessages$C2SModListReply
[16Feb2026 17:36:35.182] [Netty Epoll Server IO #7/DEBUG] [net.minecraftforge.network.HandshakeHandler/FMLHANDSHAKE]: Received client connection with modlist [fossiltweaks, beautify, jei, cobblemon_quests, cobbled_counter, journeymap, citadel, tmtcop, glitchcore, cobblemonoutbreaks, midnightlib, spawn_notification, unimplemented_items, gravels_extended_battles, cameraoverhaul, cloth_config, forge, athena, cobblemon_alatia, minecraft, simple_cobblemon_kit, terrablender, betterbeds, cobblemonintegrations, cobblemontrainers, simpletms, biomesoplenty, jade, mr_eggs_cobblemonaddon, kotlinforforge, curios, patchouli, capture_xp, megamons, cobblemon, cobbledex, cobblepedia, fightorflight, architectury, cobgyms, ftblibrary, ftbteams, ftbquests, cobblemore_lib, cobblemon_poke_labs, cobblemon_simple_center, cobblemonmegas, cobblemonrider, mythsandlegends, betterf3, unchained, cobbledollars]
[16Feb2026 17:36:35.182] [Netty Epoll Server IO #7/DEBUG] [net.minecraftforge.network.NetworkRegistry/NETREGISTRY]: Channel 'cobbledex:main' : Version test of '1' from client : ACCEPTED
[16Feb2026 17:36:35.182] [Netty Epoll Server IO #7/DEBUG] [net.minecraftforge.network.NetworkRegistry/NETREGISTRY]: Channel 'architectury:network' : Version test of '1' from client : ACCEPTED
[16Feb2026 17:36:35.183] [Netty Epoll Server IO #7/DEBUG] [net.minecraftforge.network.NetworkRegistry/NETREGISTRY]: Channel 'jei:channel' : Version test of '1.0.0' from client : ACCEPTED
[16Feb2026 17:36:35.183] [Netty Epoll Server IO #7/DEBUG] [net.minecraftforge.network.NetworkRegistry/NETREGISTRY]: Channel 'minecraft:unregister' : Version test of 'FML3' from client : ACCEPTED
[16Feb2026 17:36:35.183] [Netty Epoll Server IO #7/DEBUG] [net.minecraftforge.network.NetworkRegistry/NETREGISTRY]: Channel 'citadel:main_channel' : Version test of '1' from client : ACCEPTED
[16Feb2026 17:36:35.183] [Netty Epoll Server IO #7/DEBUG] [net.minecraftforge.network.NetworkRegistry/NETREGISTRY]: Channel 'cobblemonrider:network' : Version test of '1.0' from client : ACCEPTED
[16Feb2026 17:36:35.183] [Netty Epoll Server IO #7/DEBUG] [net.minecraftforge.network.NetworkRegistry/NETREGISTRY]: Channel 'journeymap:version' : Version test of '1' from client : ACCEPTED
[16Feb2026 17:36:35.183] [Netty Epoll Server IO #7/DEBUG] [net.minecraftforge.network.NetworkRegistry/NETREGISTRY]: Channel 'simple_cobblemon_kit:simple_cobblemon_kit' : Version test of '1' from client : ACCEPTED
[16Feb2026 17:36:35.183] [Netty Epoll Server IO #7/DEBUG] [net.minecraftforge.network.NetworkRegistry/NETREGISTRY]: Channel 'curios:main' : Version test of '1' from client : ACCEPTED
[16Feb2026 17:36:35.183] [Netty Epoll Server IO #7/DEBUG] [net.minecraftforge.network.NetworkRegistry/NETREGISTRY]: Channel 'worldinfo:world_id' : Version test of '1' from client : ACCEPTED
[16Feb2026 17:36:35.183] [Netty Epoll Server IO #7/DEBUG] [net.minecraftforge.network.NetworkRegistry/NETREGISTRY]: Channel 'journeymap:admin_req' : Version test of '1' from client : ACCEPTED
[16Feb2026 17:36:35.183] [Netty Epoll Server IO #7/DEBUG] [net.minecraftforge.network.NetworkRegistry/NETREGISTRY]: Channel 'journeymap:mp_options_req' : Version test of '1' from client : ACCEPTED
[16Feb2026 17:36:35.183] [Netty Epoll Server IO #7/DEBUG] [net.minecraftforge.network.NetworkRegistry/NETREGISTRY]: Channel 'journeymap:waypoint' : Version test of '1' from client : ACCEPTED
[16Feb2026 17:36:35.183] [Netty Epoll Server IO #7/DEBUG] [net.minecraftforge.network.NetworkRegistry/NETREGISTRY]: Channel 'fml:loginwrapper' : Version test of 'FML3' from client : ACCEPTED
[16Feb2026 17:36:35.183] [Netty Epoll Server IO #7/DEBUG] [net.minecraftforge.network.NetworkRegistry/NETREGISTRY]: Channel 'forge:tier_sorting' : Version test of '1.0' from client : ACCEPTED
[16Feb2026 17:36:35.183] [Netty Epoll Server IO #7/DEBUG] [net.minecraftforge.network.NetworkRegistry/NETREGISTRY]: Channel 'fml:play' : Version test of 'FML3' from client : ACCEPTED
[16Feb2026 17:36:35.183] [Netty Epoll Server IO #7/DEBUG] [net.minecraftforge.network.NetworkRegistry/NETREGISTRY]: Channel 'tmtcop:tmtcop' : Version test of '1' from client : ACCEPTED
[16Feb2026 17:36:35.183] [Netty Epoll Server IO #7/DEBUG] [net.minecraftforge.network.NetworkRegistry/NETREGISTRY]: Channel 'journeymap:player_loc' : Version test of '1' from client : ACCEPTED
[16Feb2026 17:36:35.183] [Netty Epoll Server IO #7/DEBUG] [net.minecraftforge.network.NetworkRegistry/NETREGISTRY]: Channel 'journeymap:admin_save' : Version test of '1' from client : ACCEPTED
[16Feb2026 17:36:35.183] [Netty Epoll Server IO #7/DEBUG] [net.minecraftforge.network.NetworkRegistry/NETREGISTRY]: Channel 'patchouli:main' : Version test of '1' from client : ACCEPTED
[16Feb2026 17:36:35.183] [Netty Epoll Server IO #7/DEBUG] [net.minecraftforge.network.NetworkRegistry/NETREGISTRY]: Channel 'journeymap:teleport_req' : Version test of '1' from client : ACCEPTED
[16Feb2026 17:36:35.183] [Netty Epoll Server IO #7/DEBUG] [net.minecraftforge.network.NetworkRegistry/NETREGISTRY]: Channel 'fml:handshake' : Version test of 'FML3' from client : ACCEPTED
[16Feb2026 17:36:35.183] [Netty Epoll Server IO #7/DEBUG] [net.minecraftforge.network.NetworkRegistry/NETREGISTRY]: Channel 'journeymap:common' : Version test of '1' from client : ACCEPTED
[16Feb2026 17:36:35.183] [Netty Epoll Server IO #7/DEBUG] [net.minecraftforge.network.NetworkRegistry/NETREGISTRY]: Channel 'cobblemonintegrations:main' : Version test of '1' from client : ACCEPTED
[16Feb2026 17:36:35.183] [Netty Epoll Server IO #7/DEBUG] [net.minecraftforge.network.NetworkRegistry/NETREGISTRY]: Channel 'minecraft:register' : Version test of 'FML3' from client : ACCEPTED
[16Feb2026 17:36:35.183] [Netty Epoll Server IO #7/DEBUG] [net.minecraftforge.network.NetworkRegistry/NETREGISTRY]: Channel 'cobblemon:main' : Version test of '1' from client : ACCEPTED
[16Feb2026 17:36:35.183] [Netty Epoll Server IO #7/DEBUG] [net.minecraftforge.network.NetworkRegistry/NETREGISTRY]: Channel 'forge:split' : Version test of '1.1' from client : ACCEPTED
[16Feb2026 17:36:35.183] [Netty Epoll Server IO #7/DEBUG] [net.minecraftforge.network.NetworkRegistry/NETREGISTRY]: Channel 'journeymap:perm_req' : Version test of '1' from client : ACCEPTED
[16Feb2026 17:36:35.183] [Netty Epoll Server IO #7/DEBUG] [net.minecraftforge.network.NetworkRegistry/NETREGISTRY]: Channel 'simpletms:main' : Version test of '1' from client : ACCEPTED
[16Feb2026 17:36:35.183] [Netty Epoll Server IO #7/DEBUG] [net.minecraftforge.network.NetworkRegistry/NETREGISTRY]: Channel 'jade:networking' : Version test of '2' from client : ACCEPTED
[16Feb2026 17:36:35.183] [Netty Epoll Server IO #7/DEBUG] [net.minecraftforge.network.NetworkRegistry/NETREGISTRY]: Accepting channel list from client
[16Feb2026 17:36:35.183] [Netty Epoll Server IO #7/DEBUG] [net.minecraftforge.network.HandshakeHandler/FMLHANDSHAKE]: Accepted client connection mod list
[16Feb2026 17:36:35.196] [Server thread/DEBUG] [net.minecraftforge.network.HandshakeHandler/FMLHANDSHAKE]: Sending ticking packet info 'Registry minecraft:recipe_serializer' to 'fml:handshake' sequence 3
[16Feb2026 17:36:35.230] [Netty Epoll Server IO #7/DEBUG] [net.minecraftforge.network.LoginWrapper/FMLHANDSHAKE]: Recieved login wrapper packet event for channel fml:handshake with index 2
[16Feb2026 17:36:35.230] [Netty Epoll Server IO #7/DEBUG] [net.minecraftforge.network.HandshakeHandler/FMLHANDSHAKE]: Received client indexed reply 2 of type net.minecraftforge.network.HandshakeMessages$C2SAcknowledge
[16Feb2026 17:36:35.230] [Netty Epoll Server IO #7/DEBUG] [net.minecraftforge.network.HandshakeHandler/FMLHANDSHAKE]: Received acknowledgement from client
[16Feb2026 17:36:35.245] [Server thread/DEBUG] [net.minecraftforge.network.HandshakeHandler/FMLHANDSHAKE]: Sending ticking packet info 'Registry minecraft:sound_event' to 'fml:handshake' sequence 4
[16Feb2026 17:36:35.281] [Netty Epoll Server IO #7/DEBUG] [net.minecraftforge.network.LoginWrapper/FMLHANDSHAKE]: Recieved login wrapper packet event for channel fml:handshake with index 3
[16Feb2026 17:36:35.281] [Netty Epoll Server IO #7/DEBUG] [net.minecraftforge.network.HandshakeHandler/FMLHANDSHAKE]: Received client indexed reply 3 of type net.minecraftforge.network.HandshakeMessages$C2SAcknowledge
[16Feb2026 17:36:35.282] [Netty Epoll Server IO #7/DEBUG] [net.minecraftforge.network.HandshakeHandler/FMLHANDSHAKE]: Received acknowledgement from client
[16Feb2026 17:36:35.295] [Server thread/DEBUG] [net.minecraftforge.network.HandshakeHandler/FMLHANDSHAKE]: Sending ticking packet info 'Registry minecraft:particle_type' to 'fml:handshake' sequence 5
[16Feb2026 17:36:35.347] [Server thread/DEBUG] [net.minecraftforge.network.HandshakeHandler/FMLHANDSHAKE]: Sending ticking packet info 'Registry minecraft:villager_profession' to 'fml:handshake' sequence 6
[16Feb2026 17:36:35.395] [Server thread/DEBUG] [net.minecraftforge.network.HandshakeHandler/FMLHANDSHAKE]: Sending ticking packet info 'Registry minecraft:item' to 'fml:handshake' sequence 7
[16Feb2026 17:36:35.421] [Netty Epoll Server IO #7/DEBUG] [net.minecraftforge.network.LoginWrapper/FMLHANDSHAKE]: Recieved login wrapper packet event for channel fml:handshake with index 4
[16Feb2026 17:36:35.421] [Netty Epoll Server IO #7/DEBUG] [net.minecraftforge.network.HandshakeHandler/FMLHANDSHAKE]: Received client indexed reply 4 of type net.minecraftforge.network.HandshakeMessages$C2SAcknowledge
[16Feb2026 17:36:35.421] [Netty Epoll Server IO #7/DEBUG] [net.minecraftforge.network.HandshakeHandler/FMLHANDSHAKE]: Received acknowledgement from client
[16Feb2026 17:36:35.421] [Netty Epoll Server IO #7/DEBUG] [net.minecraftforge.network.LoginWrapper/FMLHANDSHAKE]: Recieved login wrapper packet event for channel fml:handshake with index 5
[16Feb2026 17:36:35.421] [Netty Epoll Server IO #7/DEBUG] [net.minecraftforge.network.HandshakeHandler/FMLHANDSHAKE]: Received client indexed reply 5 of type net.minecraftforge.network.HandshakeMessages$C2SAcknowledge
[16Feb2026 17:36:35.421] [Netty Epoll Server IO #7/DEBUG] [net.minecraftforge.network.HandshakeHandler/FMLHANDSHAKE]: Received acknowledgement from client
[16Feb2026 17:36:35.432] [Netty Epoll Server IO #7/DEBUG] [net.minecraftforge.network.LoginWrapper/FMLHANDSHAKE]: Recieved login wrapper packet event for channel fml:handshake with index 6
[16Feb2026 17:36:35.432] [Netty Epoll Server IO #7/DEBUG] [net.minecraftforge.network.HandshakeHandler/FMLHANDSHAKE]: Received client indexed reply 6 of type net.minecraftforge.network.HandshakeMessages$C2SAcknowledge
[16Feb2026 17:36:35.432] [Netty Epoll Server IO #7/DEBUG] [net.minecraftforge.network.HandshakeHandler/FMLHANDSHAKE]: Received acknowledgement from client
[16Feb2026 17:36:35.445] [Server thread/DEBUG] [net.minecraftforge.network.HandshakeHandler/FMLHANDSHAKE]: Sending ticking packet info 'Registry minecraft:potion' to 'fml:handshake' sequence 8
[16Feb2026 17:36:35.495] [Server thread/DEBUG] [net.minecraftforge.network.HandshakeHandler/FMLHANDSHAKE]: Sending ticking packet info 'Registry minecraft:painting_variant' to 'fml:handshake' sequence 9
[16Feb2026 17:36:35.547] [Server thread/DEBUG] [net.minecraftforge.network.HandshakeHandler/FMLHANDSHAKE]: Sending ticking packet info 'Registry forge:fluid_type' to 'fml:handshake' sequence 10
[16Feb2026 17:36:35.596] [Server thread/DEBUG] [net.minecraftforge.network.HandshakeHandler/FMLHANDSHAKE]: Sending ticking packet info 'Registry minecraft:block_entity_type' to 'fml:handshake' sequence 11
[16Feb2026 17:36:35.647] [Server thread/DEBUG] [net.minecraftforge.network.HandshakeHandler/FMLHANDSHAKE]: Sending ticking packet info 'Registry forge:display_contexts' to 'fml:handshake' sequence 12
[16Feb2026 17:36:35.696] [Server thread/DEBUG] [net.minecraftforge.network.HandshakeHandler/FMLHANDSHAKE]: Sending ticking packet info 'Registry minecraft:block' to 'fml:handshake' sequence 13
[16Feb2026 17:36:35.745] [Netty Epoll Server IO #7/DEBUG] [net.minecraftforge.network.LoginWrapper/FMLHANDSHAKE]: Recieved login wrapper packet event for channel fml:handshake with index 7
[16Feb2026 17:36:35.746] [Netty Epoll Server IO #7/DEBUG] [net.minecraftforge.network.HandshakeHandler/FMLHANDSHAKE]: Received client indexed reply 7 of type net.minecraftforge.network.HandshakeMessages$C2SAcknowledge
[16Feb2026 17:36:35.746] [Netty Epoll Server IO #7/DEBUG] [net.minecraftforge.network.HandshakeHandler/FMLHANDSHAKE]: Received acknowledgement from client
[16Feb2026 17:36:35.746] [Netty Epoll Server IO #7/DEBUG] [net.minecraftforge.network.LoginWrapper/FMLHANDSHAKE]: Recieved login wrapper packet event for channel fml:handshake with index 8
[16Feb2026 17:36:35.746] [Netty Epoll Server IO #7/DEBUG] [net.minecraftforge.network.HandshakeHandler/FMLHANDSHAKE]: Received client indexed reply 8 of type net.minecraftforge.network.HandshakeMessages$C2SAcknowledge
[16Feb2026 17:36:35.746] [Netty Epoll Server IO #7/DEBUG] [net.minecraftforge.network.HandshakeHandler/FMLHANDSHAKE]: Received acknowledgement from client
[16Feb2026 17:36:35.746] [Netty Epoll Server IO #7/DEBUG] [net.minecraftforge.network.LoginWrapper/FMLHANDSHAKE]: Recieved login wrapper packet event for channel fml:handshake with index 9
[16Feb2026 17:36:35.746] [Netty Epoll Server IO #7/DEBUG] [net.minecraftforge.network.HandshakeHandler/FMLHANDSHAKE]: Received client indexed reply 9 of type net.minecraftforge.network.HandshakeMessages$C2SAcknowledge
[16Feb2026 17:36:35.746] [Netty Epoll Server IO #7/DEBUG] [net.minecraftforge.network.HandshakeHandler/FMLHANDSHAKE]: Received acknowledgement from client
[16Feb2026 17:36:35.746] [Netty Epoll Server IO #7/DEBUG] [net.minecraftforge.network.LoginWrapper/FMLHANDSHAKE]: Recieved login wrapper packet event for channel fml:handshake with index 10
[16Feb2026 17:36:35.747] [Netty Epoll Server IO #7/DEBUG] [net.minecraftforge.network.HandshakeHandler/FMLHANDSHAKE]: Received client indexed reply 10 of type net.minecraftforge.network.HandshakeMessages$C2SAcknowledge
[16Feb2026 17:36:35.747] [Netty Epoll Server IO #7/DEBUG] [net.minecraftforge.network.HandshakeHandler/FMLHANDSHAKE]: Received acknowledgement from client
[16Feb2026 17:36:35.747] [Netty Epoll Server IO #7/DEBUG] [net.minecraftforge.network.LoginWrapper/FMLHANDSHAKE]: Recieved login wrapper packet event for channel fml:handshake with index 11
[16Feb2026 17:36:35.747] [Netty Epoll Server IO #7/DEBUG] [net.minecraftforge.network.HandshakeHandler/FMLHANDSHAKE]: Received client indexed reply 11 of type net.minecraftforge.network.HandshakeMessages$C2SAcknowledge
[16Feb2026 17:36:35.747] [Netty Epoll Server IO #7/DEBUG] [net.minecraftforge.network.HandshakeHandler/FMLHANDSHAKE]: Received acknowledgement from client
[16Feb2026 17:36:35.747] [Netty Epoll Server IO #7/DEBUG] [net.minecraftforge.network.LoginWrapper/FMLHANDSHAKE]: Recieved login wrapper packet event for channel fml:handshake with index 12
[16Feb2026 17:36:35.747] [Netty Epoll Server IO #7/DEBUG] [net.minecraftforge.network.HandshakeHandler/FMLHANDSHAKE]: Received client indexed reply 12 of type net.minecraftforge.network.HandshakeMessages$C2SAcknowledge
[16Feb2026 17:36:35.747] [Netty Epoll Server IO #7/DEBUG] [net.minecraftforge.network.HandshakeHandler/FMLHANDSHAKE]: Received acknowledgement from client
[16Feb2026 17:36:35.748] [Server thread/DEBUG] [net.minecraftforge.network.HandshakeHandler/FMLHANDSHAKE]: Sending ticking packet info 'Registry forge:entity_data_serializers' to 'fml:handshake' sequence 14
[16Feb2026 17:36:35.796] [Server thread/DEBUG] [net.minecraftforge.network.HandshakeHandler/FMLHANDSHAKE]: Sending ticking packet info 'Registry minecraft:mob_effect' to 'fml:handshake' sequence 15
[16Feb2026 17:36:35.845] [Server thread/DEBUG] [net.minecraftforge.network.HandshakeHandler/FMLHANDSHAKE]: Sending ticking packet info 'Registry minecraft:stat_type' to 'fml:handshake' sequence 16
[16Feb2026 17:36:35.897] [Server thread/DEBUG] [net.minecraftforge.network.HandshakeHandler/FMLHANDSHAKE]: Sending ticking packet info 'Registry minecraft:menu' to 'fml:handshake' sequence 17
[16Feb2026 17:36:35.915] [Netty Epoll Server IO #7/DEBUG] [net.minecraftforge.network.LoginWrapper/FMLHANDSHAKE]: Recieved login wrapper packet event for channel fml:handshake with index 13
[16Feb2026 17:36:35.915] [Netty Epoll Server IO #7/DEBUG] [net.minecraftforge.network.HandshakeHandler/FMLHANDSHAKE]: Received client indexed reply 13 of type net.minecraftforge.network.HandshakeMessages$C2SAcknowledge
[16Feb2026 17:36:35.915] [Netty Epoll Server IO #7/DEBUG] [net.minecraftforge.network.HandshakeHandler/FMLHANDSHAKE]: Received acknowledgement from client
[16Feb2026 17:36:35.915] [Netty Epoll Server IO #7/DEBUG] [net.minecraftforge.network.LoginWrapper/FMLHANDSHAKE]: Recieved login wrapper packet event for channel fml:handshake with index 14
[16Feb2026 17:36:35.915] [Netty Epoll Server IO #7/DEBUG] [net.minecraftforge.network.HandshakeHandler/FMLHANDSHAKE]: Received client indexed reply 14 of type net.minecraftforge.network.HandshakeMessages$C2SAcknowledge
[16Feb2026 17:36:35.915] [Netty Epoll Server IO #7/DEBUG] [net.minecraftforge.network.HandshakeHandler/FMLHANDSHAKE]: Received acknowledgement from client
[16Feb2026 17:36:35.915] [Netty Epoll Server IO #7/DEBUG] [net.minecraftforge.network.LoginWrapper/FMLHANDSHAKE]: Recieved login wrapper packet event for channel fml:handshake with index 15
[16Feb2026 17:36:35.915] [Netty Epoll Server IO #7/DEBUG] [net.minecraftforge.network.HandshakeHandler/FMLHANDSHAKE]: Received client indexed reply 15 of type net.minecraftforge.network.HandshakeMessages$C2SAcknowledge
[16Feb2026 17:36:35.915] [Netty Epoll Server IO #7/DEBUG] [net.minecraftforge.network.HandshakeHandler/FMLHANDSHAKE]: Received acknowledgement from client
[16Feb2026 17:36:35.930] [Netty Epoll Server IO #7/DEBUG] [net.minecraftforge.network.LoginWrapper/FMLHANDSHAKE]: Recieved login wrapper packet event for channel fml:handshake with index 16
[16Feb2026 17:36:35.930] [Netty Epoll Server IO #7/DEBUG] [net.minecraftforge.network.HandshakeHandler/FMLHANDSHAKE]: Received client indexed reply 16 of type net.minecraftforge.network.HandshakeMessages$C2SAcknowledge
[16Feb2026 17:36:35.930] [Netty Epoll Server IO #7/DEBUG] [net.minecraftforge.network.HandshakeHandler/FMLHANDSHAKE]: Received acknowledgement from client
[16Feb2026 17:36:35.949] [Server thread/DEBUG] [net.minecraftforge.network.HandshakeHandler/FMLHANDSHAKE]: Sending ticking packet info 'Registry minecraft:enchantment' to 'fml:handshake' sequence 18
[16Feb2026 17:36:35.982] [Netty Epoll Server IO #7/DEBUG] [net.minecraftforge.network.LoginWrapper/FMLHANDSHAKE]: Recieved login wrapper packet event for channel fml:handshake with index 17
[16Feb2026 17:36:35.982] [Netty Epoll Server IO #7/DEBUG] [net.minecraftforge.network.HandshakeHandler/FMLHANDSHAKE]: Received client indexed reply 17 of type net.minecraftforge.network.HandshakeMessages$C2SAcknowledge
[16Feb2026 17:36:35.982] [Netty Epoll Server IO #7/DEBUG] [net.minecraftforge.network.HandshakeHandler/FMLHANDSHAKE]: Received acknowledgement from client
[16Feb2026 17:36:36.001] [Server thread/DEBUG] [net.minecraftforge.network.HandshakeHandler/FMLHANDSHAKE]: Sending ticking packet info 'Registry minecraft:fluid' to 'fml:handshake' sequence 19
[16Feb2026 17:36:36.034] [Netty Epoll Server IO #7/DEBUG] [net.minecraftforge.network.LoginWrapper/FMLHANDSHAKE]: Recieved login wrapper packet event for channel fml:handshake with index 18
[16Feb2026 17:36:36.034] [Netty Epoll Server IO #7/DEBUG] [net.minecraftforge.network.HandshakeHandler/FMLHANDSHAKE]: Received client indexed reply 18 of type net.minecraftforge.network.HandshakeMessages$C2SAcknowledge
[16Feb2026 17:36:36.034] [Netty Epoll Server IO #7/DEBUG] [net.minecraftforge.network.HandshakeHandler/FMLHANDSHAKE]: Received acknowledgement from client
[16Feb2026 17:36:36.046] [Server thread/DEBUG] [net.minecraftforge.network.HandshakeHandler/FMLHANDSHAKE]: Sending ticking packet info 'Registry minecraft:entity_type' to 'fml:handshake' sequence 20
[16Feb2026 17:36:36.086] [Netty Epoll Server IO #7/DEBUG] [net.minecraftforge.network.LoginWrapper/FMLHANDSHAKE]: Recieved login wrapper packet event for channel fml:handshake with index 19
[16Feb2026 17:36:36.086] [Netty Epoll Server IO #7/DEBUG] [net.minecraftforge.network.HandshakeHandler/FMLHANDSHAKE]: Received client indexed reply 19 of type net.minecraftforge.network.HandshakeMessages$C2SAcknowledge
[16Feb2026 17:36:36.086] [Netty Epoll Server IO #7/DEBUG] [net.minecraftforge.network.HandshakeHandler/FMLHANDSHAKE]: Received acknowledgement from client
[16Feb2026 17:36:36.096] [Server thread/DEBUG] [net.minecraftforge.network.HandshakeHandler/FMLHANDSHAKE]: Sending ticking packet info 'Config journeymap-server.toml' to 'fml:handshake' sequence 21
[16Feb2026 17:36:36.145] [Server thread/DEBUG] [net.minecraftforge.network.HandshakeHandler/FMLHANDSHAKE]: Sending ticking packet info 'Config curios-server.toml' to 'fml:handshake' sequence 22
[16Feb2026 17:36:36.197] [Server thread/DEBUG] [net.minecraftforge.network.HandshakeHandler/FMLHANDSHAKE]: Sending ticking packet info 'Config jei-server.toml' to 'fml:handshake' sequence 23
[16Feb2026 17:36:36.246] [Server thread/DEBUG] [net.minecraftforge.network.HandshakeHandler/FMLHANDSHAKE]: Sending ticking packet info 'Config beautify-server.toml' to 'fml:handshake' sequence 24
[16Feb2026 17:36:36.296] [Server thread/DEBUG] [net.minecraftforge.network.HandshakeHandler/FMLHANDSHAKE]: Sending ticking packet info 'Config forge-server.toml' to 'fml:handshake' sequence 25
[16Feb2026 17:36:36.630] [Netty Epoll Server IO #7/DEBUG] [net.minecraftforge.network.LoginWrapper/FMLHANDSHAKE]: Recieved login wrapper packet event for channel fml:handshake with index 20
[16Feb2026 17:36:36.630] [Netty Epoll Server IO #7/DEBUG] [net.minecraftforge.network.HandshakeHandler/FMLHANDSHAKE]: Received client indexed reply 20 of type net.minecraftforge.network.HandshakeMessages$C2SAcknowledge
[16Feb2026 17:36:36.630] [Netty Epoll Server IO #7/DEBUG] [net.minecraftforge.network.HandshakeHandler/FMLHANDSHAKE]: Received acknowledgement from client
[16Feb2026 17:36:36.630] [Netty Epoll Server IO #7/DEBUG] [net.minecraftforge.network.LoginWrapper/FMLHANDSHAKE]: Recieved login wrapper packet event for channel fml:handshake with index 21
[16Feb2026 17:36:36.630] [Netty Epoll Server IO #7/DEBUG] [net.minecraftforge.network.HandshakeHandler/FMLHANDSHAKE]: Received client indexed reply 21 of type net.minecraftforge.network.HandshakeMessages$C2SAcknowledge
[16Feb2026 17:36:36.630] [Netty Epoll Server IO #7/DEBUG] [net.minecraftforge.network.HandshakeHandler/FMLHANDSHAKE]: Received acknowledgement from client
[16Feb2026 17:36:36.630] [Netty Epoll Server IO #7/DEBUG] [net.minecraftforge.network.LoginWrapper/FMLHANDSHAKE]: Recieved login wrapper packet event for channel fml:handshake with index 22
[16Feb2026 17:36:36.630] [Netty Epoll Server IO #7/DEBUG] [net.minecraftforge.network.HandshakeHandler/FMLHANDSHAKE]: Received client indexed reply 22 of type net.minecraftforge.network.HandshakeMessages$C2SAcknowledge
[16Feb2026 17:36:36.630] [Netty Epoll Server IO #7/DEBUG] [net.minecraftforge.network.HandshakeHandler/FMLHANDSHAKE]: Received acknowledgement from client
[16Feb2026 17:36:36.630] [Netty Epoll Server IO #7/DEBUG] [net.minecraftforge.network.LoginWrapper/FMLHANDSHAKE]: Recieved login wrapper packet event for channel fml:handshake with index 23
[16Feb2026 17:36:36.630] [Netty Epoll Server IO #7/DEBUG] [net.minecraftforge.network.HandshakeHandler/FMLHANDSHAKE]: Received client indexed reply 23 of type net.minecraftforge.network.HandshakeMessages$C2SAcknowledge
[16Feb2026 17:36:36.630] [Netty Epoll Server IO #7/DEBUG] [net.minecraftforge.network.HandshakeHandler/FMLHANDSHAKE]: Received acknowledgement from client
[16Feb2026 17:36:36.630] [Netty Epoll Server IO #7/DEBUG] [net.minecraftforge.network.LoginWrapper/FMLHANDSHAKE]: Recieved login wrapper packet event for channel fml:handshake with index 24
[16Feb2026 17:36:36.630] [Netty Epoll Server IO #7/DEBUG] [net.minecraftforge.network.HandshakeHandler/FMLHANDSHAKE]: Received client indexed reply 24 of type net.minecraftforge.network.HandshakeMessages$C2SAcknowledge
[16Feb2026 17:36:36.631] [Netty Epoll Server IO #7/DEBUG] [net.minecraftforge.network.HandshakeHandler/FMLHANDSHAKE]: Received acknowledgement from client
[16Feb2026 17:36:36.631] [Netty Epoll Server IO #7/DEBUG] [net.minecraftforge.network.LoginWrapper/FMLHANDSHAKE]: Recieved login wrapper packet event for channel fml:handshake with index 25
[16Feb2026 17:36:36.631] [Netty Epoll Server IO #7/DEBUG] [net.minecraftforge.network.HandshakeHandler/FMLHANDSHAKE]: Received client indexed reply 25 of type net.minecraftforge.network.HandshakeMessages$C2SAcknowledge
[16Feb2026 17:36:36.631] [Netty Epoll Server IO #7/DEBUG] [net.minecraftforge.network.HandshakeHandler/FMLHANDSHAKE]: Received acknowledgement from client
[16Feb2026 17:36:36.644] [Server thread/DEBUG] [net.minecraftforge.network.HandshakeHandler/FMLHANDSHAKE]: Handshake complete!
[16Feb2026 17:36:36.704] [Server thread/INFO] [net.minecraft.server.players.PlayerList/]: Amorger2[/10.147.18.56:65324] logged in with entity id 8199 at (2359.0066744719443, 62.073264324665075, -3840.8545099777907)
[16Feb2026 17:36:36.705] [Server thread/DEBUG] [net.minecraftforge.network.filters.NetworkFilters/]: Injected net.minecraftforge.network.filters.ForgeConnectionNetworkFilter@7fe468e1 into net.minecraft.network.Connection@16c2c8ef
[16Feb2026 17:36:36.744] [Server thread/INFO] [net.minecraft.server.MinecraftServer/]: Amorger2 joined the game
[16Feb2026 17:36:37.223] [Server thread/DEBUG] [FTB Teams/]: player f4d898ac-81ff-3a5f-8dfd-7b46bc2b0971 logged in, player team = Amorger2#f4d898ac
[16Feb2026 17:36:37.223] [Server thread/DEBUG] [FTB Teams/]: syncing player team data, all = false
[16Feb2026 17:36:37.232] [Server thread/DEBUG] [FTB Teams/]: updating team presence
[16Feb2026 17:36:37.232] [Server thread/DEBUG] [FTB Teams/]: sending team login event for f4d898ac-81ff-3a5f-8dfd-7b46bc2b0971...
[16Feb2026 17:36:37.232] [Server thread/DEBUG] [FTB Quests/]: Wrote 585 bytes, 0 objects
[16Feb2026 17:36:37.232] [Server thread/DEBUG] [FTB Teams/]: team login event for f4d898ac-81ff-3a5f-8dfd-7b46bc2b0971 sent
[16Feb2026 17:36:37.234] [Server thread/INFO] [Jade/]: Syncing config to Amorger2 (f4d898ac-81ff-3a5f-8dfd-7b46bc2b0971)
[16Feb2026 17:37:00.890] [Server thread/DEBUG] [com.cobblemon.mod.common.Cobblemon/]: Serializing 1 Pokémon stores.
[16Feb2026 17:37:00.890] [Server thread/DEBUG] [com.cobblemon.mod.common.Cobblemon/]: Queueing save.
[16Feb2026 17:37:00.891] [pool-4-thread-1/DEBUG] [com.cobblemon.mod.common.Cobblemon/]: Saved 1 Pokémon stores.
[16Feb2026 17:37:30.940] [Server thread/DEBUG] [com.cobblemon.mod.common.Cobblemon/]: Serializing 1 Pokémon stores.
[16Feb2026 17:37:30.940] [Server thread/DEBUG] [com.cobblemon.mod.common.Cobblemon/]: Queueing save.
[16Feb2026 17:37:30.941] [pool-4-thread-1/DEBUG] [com.cobblemon.mod.common.Cobblemon/]: Saved 1 Pokémon stores.
[16Feb2026 17:38:00.990] [Server thread/DEBUG] [com.cobblemon.mod.common.Cobblemon/]: Serializing 1 Pokémon stores.
[16Feb2026 17:38:00.990] [Server thread/DEBUG] [com.cobblemon.mod.common.Cobblemon/]: Queueing save.
[16Feb2026 17:38:00.992] [pool-4-thread-1/DEBUG] [com.cobblemon.mod.common.Cobblemon/]: Saved 1 Pokémon stores.
[16Feb2026 17:38:27.076] [Server thread/DEBUG] [net.minecraftforge.common.ForgeHooks/WP]: Gathering id map for writing to world save world
[16Feb2026 17:38:27.085] [Server thread/DEBUG] [net.minecraftforge.common.ForgeHooks/WP]: ID Map collection complete world
[16Feb2026 17:38:31.040] [Server thread/DEBUG] [com.cobblemon.mod.common.Cobblemon/]: Serializing 0 Pokémon stores.
[16Feb2026 17:38:31.040] [Server thread/DEBUG] [com.cobblemon.mod.common.Cobblemon/]: Queueing save.
[16Feb2026 17:38:31.040] [pool-4-thread-1/DEBUG] [com.cobblemon.mod.common.Cobblemon/]: Saved 0 Pokémon stores.
[16Feb2026 17:39:01.090] [Server thread/DEBUG] [com.cobblemon.mod.common.Cobblemon/]: Serializing 0 Pokémon stores.
[16Feb2026 17:39:01.090] [Server thread/DEBUG] [com.cobblemon.mod.common.Cobblemon/]: Queueing save.
[16Feb2026 17:39:01.090] [pool-4-thread-1/DEBUG] [com.cobblemon.mod.common.Cobblemon/]: Saved 0 Pokémon stores.
[16Feb2026 17:39:02.853] [Server thread/WARN] [net.minecraft.world.level.chunk.LevelChunk/]: Tried to load a block entity for block Block{cobblemon:pc}[facing=south,on=false,part=top,waterlogged=false] but failed at location BlockPos{x=2428, y=64, z=-4402}
[16Feb2026 17:39:31.140] [Server thread/DEBUG] [com.cobblemon.mod.common.Cobblemon/]: Serializing 0 Pokémon stores.
[16Feb2026 17:39:31.140] [Server thread/DEBUG] [com.cobblemon.mod.common.Cobblemon/]: Queueing save.
[16Feb2026 17:39:31.140] [pool-4-thread-1/DEBUG] [com.cobblemon.mod.common.Cobblemon/]: Saved 0 Pokémon stores.
[16Feb2026 17:40:01.190] [Server thread/DEBUG] [com.cobblemon.mod.common.Cobblemon/]: Serializing 0 Pokémon stores.
[16Feb2026 17:40:01.190] [Server thread/DEBUG] [com.cobblemon.mod.common.Cobblemon/]: Queueing save.
[16Feb2026 17:40:01.190] [pool-4-thread-1/DEBUG] [com.cobblemon.mod.common.Cobblemon/]: Saved 0 Pokémon stores.
[16Feb2026 17:40:31.240] [Server thread/DEBUG] [com.cobblemon.mod.common.Cobblemon/]: Serializing 0 Pokémon stores.
[16Feb2026 17:40:31.240] [Server thread/DEBUG] [com.cobblemon.mod.common.Cobblemon/]: Queueing save.
[16Feb2026 17:40:31.240] [pool-4-thread-1/DEBUG] [com.cobblemon.mod.common.Cobblemon/]: Saved 0 Pokémon stores.
[16Feb2026 17:41:01.290] [Server thread/DEBUG] [com.cobblemon.mod.common.Cobblemon/]: Serializing 0 Pokémon stores.
[16Feb2026 17:41:01.290] [Server thread/DEBUG] [com.cobblemon.mod.common.Cobblemon/]: Queueing save.
[16Feb2026 17:41:01.290] [pool-4-thread-1/DEBUG] [com.cobblemon.mod.common.Cobblemon/]: Saved 0 Pokémon stores.
[16Feb2026 17:41:04.119] [Server thread/WARN] [net.minecraft.server.network.ServerGamePacketListenerImpl/]: Boat (vehicle of Amorger2) moved too quickly! 9.42859137182586,0.0,-3.916370758071025
[16Feb2026 17:41:04.119] [Server thread/WARN] [net.minecraft.server.network.ServerGamePacketListenerImpl/]: Boat (vehicle of Amorger2) moved too quickly! 9.818108982251943,0.0,-3.9600712541978282
[16Feb2026 17:41:04.120] [Server thread/WARN] [net.minecraft.server.network.ServerGamePacketListenerImpl/]: Boat (vehicle of Amorger2) moved too quickly! 10.208509720313941,0.0,-3.995774987771256
[16Feb2026 17:41:04.121] [Server thread/WARN] [net.minecraft.server.network.ServerGamePacketListenerImpl/]: Boat (vehicle of Amorger2) moved too quickly! 10.59966477187072,0.0,-4.023861737510742
[16Feb2026 17:41:04.122] [Server thread/WARN] [net.minecraft.server.network.ServerGamePacketListenerImpl/]: Boat (vehicle of Amorger2) moved too quickly! 10.991458468694873,0.0,-4.044715677337081
[16Feb2026 17:41:04.123] [Server thread/WARN] [net.minecraft.server.network.ServerGamePacketListenerImpl/]: Boat (vehicle of Amorger2) moved too quickly! 11.383864847347468,0.0,-4.059414722080874
[16Feb2026 17:41:04.123] [Server thread/WARN] [net.minecraft.server.network.ServerGamePacketListenerImpl/]: Boat (vehicle of Amorger2) moved too quickly! 11.776913566516669,0.0,-4.069590378679095
[16Feb2026 17:41:04.124] [Server thread/WARN] [net.minecraft.server.network.ServerGamePacketListenerImpl/]: Boat (vehicle of Amorger2) moved too quickly! 12.170631278042947,0.0,-4.0773068397720635
[16Feb2026 17:41:31.340] [Server thread/DEBUG] [com.cobblemon.mod.common.Cobblemon/]: Serializing 0 Pokémon stores.
[16Feb2026 17:41:31.340] [Server thread/DEBUG] [com.cobblemon.mod.common.Cobblemon/]: Queueing save.
[16Feb2026 17:41:31.340] [pool-4-thread-1/DEBUG] [com.cobblemon.mod.common.Cobblemon/]: Saved 0 Pokémon stores.
[16Feb2026 17:42:01.390] [Server thread/DEBUG] [com.cobblemon.mod.common.Cobblemon/]: Serializing 0 Pokémon stores.
[16Feb2026 17:42:01.390] [Server thread/DEBUG] [com.cobblemon.mod.common.Cobblemon/]: Queueing save.
[16Feb2026 17:42:01.390] [pool-4-thread-1/DEBUG] [com.cobblemon.mod.common.Cobblemon/]: Saved 0 Pokémon stores.
[16Feb2026 17:42:31.440] [Server thread/DEBUG] [com.cobblemon.mod.common.Cobblemon/]: Serializing 0 Pokémon stores.
[16Feb2026 17:42:31.440] [Server thread/DEBUG] [com.cobblemon.mod.common.Cobblemon/]: Queueing save.
[16Feb2026 17:42:31.440] [pool-4-thread-1/DEBUG] [com.cobblemon.mod.common.Cobblemon/]: Saved 0 Pokémon stores.
[16Feb2026 17:43:01.490] [Server thread/DEBUG] [com.cobblemon.mod.common.Cobblemon/]: Serializing 2 Pokémon stores.
[16Feb2026 17:43:01.491] [Server thread/DEBUG] [com.cobblemon.mod.common.Cobblemon/]: Queueing save.
[16Feb2026 17:43:01.496] [pool-4-thread-1/DEBUG] [com.cobblemon.mod.common.Cobblemon/]: Saved 2 Pokémon stores.
[16Feb2026 17:43:27.067] [Server thread/DEBUG] [net.minecraftforge.common.ForgeHooks/WP]: Gathering id map for writing to world save world
[16Feb2026 17:43:27.076] [Server thread/DEBUG] [net.minecraftforge.common.ForgeHooks/WP]: ID Map collection complete world
[16Feb2026 17:43:31.540] [Server thread/DEBUG] [com.cobblemon.mod.common.Cobblemon/]: Serializing 1 Pokémon stores.
[16Feb2026 17:43:31.540] [Server thread/DEBUG] [com.cobblemon.mod.common.Cobblemon/]: Queueing save.
[16Feb2026 17:43:31.541] [pool-4-thread-1/DEBUG] [com.cobblemon.mod.common.Cobblemon/]: Saved 1 Pokémon stores.
[16Feb2026 17:44:01.590] [Server thread/DEBUG] [com.cobblemon.mod.common.Cobblemon/]: Serializing 1 Pokémon stores.
[16Feb2026 17:44:01.590] [Server thread/DEBUG] [com.cobblemon.mod.common.Cobblemon/]: Queueing save.
[16Feb2026 17:44:01.593] [pool-4-thread-1/DEBUG] [com.cobblemon.mod.common.Cobblemon/]: Saved 1 Pokémon stores.
[16Feb2026 17:44:19.053] [Server thread/DEBUG] [Cobbledex/]: Saving 68 entries to /workspaces/RPG_minecraft/servidor_minecraft/./world/./cobbledex-coop.json
[16Feb2026 17:44:31.640] [Server thread/DEBUG] [com.cobblemon.mod.common.Cobblemon/]: Serializing 2 Pokémon stores.
[16Feb2026 17:44:31.641] [Server thread/DEBUG] [com.cobblemon.mod.common.Cobblemon/]: Queueing save.
[16Feb2026 17:44:31.643] [pool-4-thread-1/DEBUG] [com.cobblemon.mod.common.Cobblemon/]: Saved 2 Pokémon stores.
[16Feb2026 17:45:01.690] [Server thread/DEBUG] [com.cobblemon.mod.common.Cobblemon/]: Serializing 1 Pokémon stores.
[16Feb2026 17:45:01.690] [Server thread/DEBUG] [com.cobblemon.mod.common.Cobblemon/]: Queueing save.
[16Feb2026 17:45:01.691] [pool-4-thread-1/DEBUG] [com.cobblemon.mod.common.Cobblemon/]: Saved 1 Pokémon stores.
[16Feb2026 17:45:31.740] [Server thread/DEBUG] [com.cobblemon.mod.common.Cobblemon/]: Serializing 1 Pokémon stores.
[16Feb2026 17:45:31.740] [Server thread/DEBUG] [com.cobblemon.mod.common.Cobblemon/]: Queueing save.
[16Feb2026 17:45:31.741] [pool-4-thread-1/DEBUG] [com.cobblemon.mod.common.Cobblemon/]: Saved 1 Pokémon stores.
[16Feb2026 17:46:01.790] [Server thread/DEBUG] [com.cobblemon.mod.common.Cobblemon/]: Serializing 1 Pokémon stores.
[16Feb2026 17:46:01.790] [Server thread/DEBUG] [com.cobblemon.mod.common.Cobblemon/]: Queueing save.
[16Feb2026 17:46:01.791] [pool-4-thread-1/DEBUG] [com.cobblemon.mod.common.Cobblemon/]: Saved 1 Pokémon stores.
[16Feb2026 17:46:31.840] [Server thread/DEBUG] [com.cobblemon.mod.common.Cobblemon/]: Serializing 1 Pokémon stores.
[16Feb2026 17:46:31.840] [Server thread/DEBUG] [com.cobblemon.mod.common.Cobblemon/]: Queueing save.
[16Feb2026 17:46:31.841] [pool-4-thread-1/DEBUG] [com.cobblemon.mod.common.Cobblemon/]: Saved 1 Pokémon stores.
[16Feb2026 17:47:01.890] [Server thread/DEBUG] [com.cobblemon.mod.common.Cobblemon/]: Serializing 1 Pokémon stores.
[16Feb2026 17:47:01.890] [Server thread/DEBUG] [com.cobblemon.mod.common.Cobblemon/]: Queueing save.
[16Feb2026 17:47:01.891] [pool-4-thread-1/DEBUG] [com.cobblemon.mod.common.Cobblemon/]: Saved 1 Pokémon stores.
[16Feb2026 17:47:31.940] [Server thread/DEBUG] [com.cobblemon.mod.common.Cobblemon/]: Serializing 1 Pokémon stores.
[16Feb2026 17:47:31.940] [Server thread/DEBUG] [com.cobblemon.mod.common.Cobblemon/]: Queueing save.
[16Feb2026 17:47:31.941] [pool-4-thread-1/DEBUG] [com.cobblemon.mod.common.Cobblemon/]: Saved 1 Pokémon stores.
[16Feb2026 17:48:01.990] [Server thread/DEBUG] [com.cobblemon.mod.common.Cobblemon/]: Serializing 1 Pokémon stores.
[16Feb2026 17:48:01.990] [Server thread/DEBUG] [com.cobblemon.mod.common.Cobblemon/]: Queueing save.
[16Feb2026 17:48:01.991] [pool-4-thread-1/DEBUG] [com.cobblemon.mod.common.Cobblemon/]: Saved 1 Pokémon stores.
[16Feb2026 17:48:27.079] [Server thread/DEBUG] [net.minecraftforge.common.ForgeHooks/WP]: Gathering id map for writing to world save world
[16Feb2026 17:48:27.085] [Server thread/DEBUG] [net.minecraftforge.common.ForgeHooks/WP]: ID Map collection complete world
[16Feb2026 17:48:32.040] [Server thread/DEBUG] [com.cobblemon.mod.common.Cobblemon/]: Serializing 2 Pokémon stores.
[16Feb2026 17:48:32.040] [Server thread/DEBUG] [com.cobblemon.mod.common.Cobblemon/]: Queueing save.
[16Feb2026 17:48:32.042] [pool-4-thread-1/DEBUG] [com.cobblemon.mod.common.Cobblemon/]: Saved 2 Pokémon stores.
[16Feb2026 17:48:57.250] [Server thread/WARN] [net.minecraft.world.level.chunk.LevelChunk/]: Tried to load a block entity for block Block{cobblemon:pc}[facing=west,on=false,part=top,waterlogged=false] but failed at location BlockPos{x=2002, y=64, z=-5140}
[16Feb2026 17:49:02.090] [Server thread/DEBUG] [com.cobblemon.mod.common.Cobblemon/]: Serializing 1 Pokémon stores.
[16Feb2026 17:49:02.090] [Server thread/DEBUG] [com.cobblemon.mod.common.Cobblemon/]: Queueing save.
[16Feb2026 17:49:02.091] [pool-4-thread-1/DEBUG] [com.cobblemon.mod.common.Cobblemon/]: Saved 1 Pokémon stores.
[16Feb2026 17:49:32.140] [Server thread/DEBUG] [com.cobblemon.mod.common.Cobblemon/]: Serializing 1 Pokémon stores.
[16Feb2026 17:49:32.140] [Server thread/DEBUG] [com.cobblemon.mod.common.Cobblemon/]: Queueing save.
[16Feb2026 17:49:32.141] [pool-4-thread-1/DEBUG] [com.cobblemon.mod.common.Cobblemon/]: Saved 1 Pokémon stores.
[16Feb2026 17:50:02.190] [Server thread/DEBUG] [com.cobblemon.mod.common.Cobblemon/]: Serializing 1 Pokémon stores.
[16Feb2026 17:50:02.190] [Server thread/DEBUG] [com.cobblemon.mod.common.Cobblemon/]: Queueing save.
[16Feb2026 17:50:02.191] [pool-4-thread-1/DEBUG] [com.cobblemon.mod.common.Cobblemon/]: Saved 1 Pokémon stores.
[16Feb2026 17:50:32.240] [Server thread/DEBUG] [com.cobblemon.mod.common.Cobblemon/]: Serializing 1 Pokémon stores.
[16Feb2026 17:50:32.240] [Server thread/DEBUG] [com.cobblemon.mod.common.Cobblemon/]: Queueing save.
[16Feb2026 17:50:32.241] [pool-4-thread-1/DEBUG] [com.cobblemon.mod.common.Cobblemon/]: Saved 1 Pokémon stores.
[16Feb2026 17:51:02.290] [Server thread/DEBUG] [com.cobblemon.mod.common.Cobblemon/]: Serializing 1 Pokémon stores.
[16Feb2026 17:51:02.290] [Server thread/DEBUG] [com.cobblemon.mod.common.Cobblemon/]: Queueing save.
[16Feb2026 17:51:02.291] [pool-4-thread-1/DEBUG] [com.cobblemon.mod.common.Cobblemon/]: Saved 1 Pokémon stores.
[16Feb2026 17:51:10.303] [Server thread/INFO] [net.minecraft.server.MinecraftServer/]: Dortodoloncio fell from a high place
[16Feb2026 17:51:32.340] [Server thread/DEBUG] [com.cobblemon.mod.common.Cobblemon/]: Serializing 1 Pokémon stores.
[16Feb2026 17:51:32.340] [Server thread/DEBUG] [com.cobblemon.mod.common.Cobblemon/]: Queueing save.
[16Feb2026 17:51:32.341] [pool-4-thread-1/DEBUG] [com.cobblemon.mod.common.Cobblemon/]: Saved 1 Pokémon stores.
[16Feb2026 17:52:02.390] [Server thread/DEBUG] [com.cobblemon.mod.common.Cobblemon/]: Serializing 1 Pokémon stores.
[16Feb2026 17:52:02.390] [Server thread/DEBUG] [com.cobblemon.mod.common.Cobblemon/]: Queueing save.
[16Feb2026 17:52:02.391] [pool-4-thread-1/DEBUG] [com.cobblemon.mod.common.Cobblemon/]: Saved 1 Pokémon stores.
[16Feb2026 17:52:32.440] [Server thread/DEBUG] [com.cobblemon.mod.common.Cobblemon/]: Serializing 1 Pokémon stores.
[16Feb2026 17:52:32.441] [Server thread/DEBUG] [com.cobblemon.mod.common.Cobblemon/]: Queueing save.
[16Feb2026 17:52:32.442] [pool-4-thread-1/DEBUG] [com.cobblemon.mod.common.Cobblemon/]: Saved 1 Pokémon stores.
[16Feb2026 17:52:38.351] [Server thread/INFO] [net.minecraft.server.network.ServerGamePacketListenerImpl/]: Amorger2 lost connection: Timed out
[16Feb2026 17:52:38.351] [Server thread/INFO] [net.minecraft.server.MinecraftServer/]: Amorger2 left the game
[16Feb2026 17:52:42.612] [Netty Epoll Server IO #0/DEBUG] [net.minecraftforge.network.HandshakeHandler/FMLHANDSHAKE]: Starting new modded impl connection. Found 26 messages to dispatch.
[16Feb2026 17:52:42.651] [Server thread/DEBUG] [net.minecraftforge.network.HandshakeHandler/FMLHANDSHAKE]: Sending ticking packet info 'net.minecraftforge.network.HandshakeMessages$S2CModData' to 'fml:handshake' sequence 0
[16Feb2026 17:52:42.696] [Server thread/DEBUG] [net.minecraftforge.network.HandshakeHandler/FMLHANDSHAKE]: Sending ticking packet info 'net.minecraftforge.network.HandshakeMessages$S2CModList' to 'fml:handshake' sequence 1
[16Feb2026 17:52:42.751] [Server thread/DEBUG] [net.minecraftforge.network.HandshakeHandler/FMLHANDSHAKE]: Sending ticking packet info 'Registry minecraft:command_argument_type' to 'fml:handshake' sequence 2
[16Feb2026 17:52:42.780] [Netty Epoll Server IO #0/DEBUG] [net.minecraftforge.network.LoginWrapper/FMLHANDSHAKE]: Recieved login wrapper packet event for channel fml:handshake with index 1
[16Feb2026 17:52:42.780] [Netty Epoll Server IO #0/DEBUG] [net.minecraftforge.network.HandshakeHandler/FMLHANDSHAKE]: Received client indexed reply 1 of type net.minecraftforge.network.HandshakeMessages$C2SModListReply
[16Feb2026 17:52:42.780] [Netty Epoll Server IO #0/DEBUG] [net.minecraftforge.network.HandshakeHandler/FMLHANDSHAKE]: Received client connection with modlist [fossiltweaks, beautify, jei, cobblemon_quests, cobbled_counter, journeymap, citadel, tmtcop, glitchcore, cobblemonoutbreaks, midnightlib, spawn_notification, unimplemented_items, gravels_extended_battles, cameraoverhaul, cloth_config, forge, athena, cobblemon_alatia, minecraft, simple_cobblemon_kit, terrablender, betterbeds, cobblemonintegrations, cobblemontrainers, simpletms, biomesoplenty, jade, mr_eggs_cobblemonaddon, kotlinforforge, curios, patchouli, capture_xp, megamons, cobblemon, cobbledex, cobblepedia, fightorflight, architectury, cobgyms, ftblibrary, ftbteams, ftbquests, cobblemore_lib, cobblemon_poke_labs, cobblemon_simple_center, cobblemonmegas, cobblemonrider, mythsandlegends, betterf3, unchained, cobbledollars]
[16Feb2026 17:52:42.780] [Netty Epoll Server IO #0/DEBUG] [net.minecraftforge.network.NetworkRegistry/NETREGISTRY]: Channel 'cobbledex:main' : Version test of '1' from client : ACCEPTED
[16Feb2026 17:52:42.781] [Netty Epoll Server IO #0/DEBUG] [net.minecraftforge.network.NetworkRegistry/NETREGISTRY]: Channel 'architectury:network' : Version test of '1' from client : ACCEPTED
[16Feb2026 17:52:42.781] [Netty Epoll Server IO #0/DEBUG] [net.minecraftforge.network.NetworkRegistry/NETREGISTRY]: Channel 'jei:channel' : Version test of '1.0.0' from client : ACCEPTED
[16Feb2026 17:52:42.781] [Netty Epoll Server IO #0/DEBUG] [net.minecraftforge.network.NetworkRegistry/NETREGISTRY]: Channel 'minecraft:unregister' : Version test of 'FML3' from client : ACCEPTED
[16Feb2026 17:52:42.781] [Netty Epoll Server IO #0/DEBUG] [net.minecraftforge.network.NetworkRegistry/NETREGISTRY]: Channel 'citadel:main_channel' : Version test of '1' from client : ACCEPTED
[16Feb2026 17:52:42.781] [Netty Epoll Server IO #0/DEBUG] [net.minecraftforge.network.NetworkRegistry/NETREGISTRY]: Channel 'cobblemonrider:network' : Version test of '1.0' from client : ACCEPTED
[16Feb2026 17:52:42.781] [Netty Epoll Server IO #0/DEBUG] [net.minecraftforge.network.NetworkRegistry/NETREGISTRY]: Channel 'journeymap:version' : Version test of '1' from client : ACCEPTED
[16Feb2026 17:52:42.781] [Netty Epoll Server IO #0/DEBUG] [net.minecraftforge.network.NetworkRegistry/NETREGISTRY]: Channel 'simple_cobblemon_kit:simple_cobblemon_kit' : Version test of '1' from client : ACCEPTED
[16Feb2026 17:52:42.781] [Netty Epoll Server IO #0/DEBUG] [net.minecraftforge.network.NetworkRegistry/NETREGISTRY]: Channel 'curios:main' : Version test of '1' from client : ACCEPTED
[16Feb2026 17:52:42.781] [Netty Epoll Server IO #0/DEBUG] [net.minecraftforge.network.NetworkRegistry/NETREGISTRY]: Channel 'worldinfo:world_id' : Version test of '1' from client : ACCEPTED
[16Feb2026 17:52:42.781] [Netty Epoll Server IO #0/DEBUG] [net.minecraftforge.network.NetworkRegistry/NETREGISTRY]: Channel 'journeymap:admin_req' : Version test of '1' from client : ACCEPTED
[16Feb2026 17:52:42.781] [Netty Epoll Server IO #0/DEBUG] [net.minecraftforge.network.NetworkRegistry/NETREGISTRY]: Channel 'journeymap:mp_options_req' : Version test of '1' from client : ACCEPTED
[16Feb2026 17:52:42.781] [Netty Epoll Server IO #0/DEBUG] [net.minecraftforge.network.NetworkRegistry/NETREGISTRY]: Channel 'journeymap:waypoint' : Version test of '1' from client : ACCEPTED
[16Feb2026 17:52:42.781] [Netty Epoll Server IO #0/DEBUG] [net.minecraftforge.network.NetworkRegistry/NETREGISTRY]: Channel 'fml:loginwrapper' : Version test of 'FML3' from client : ACCEPTED
[16Feb2026 17:52:42.781] [Netty Epoll Server IO #0/DEBUG] [net.minecraftforge.network.NetworkRegistry/NETREGISTRY]: Channel 'forge:tier_sorting' : Version test of '1.0' from client : ACCEPTED
[16Feb2026 17:52:42.781] [Netty Epoll Server IO #0/DEBUG] [net.minecraftforge.network.NetworkRegistry/NETREGISTRY]: Channel 'fml:play' : Version test of 'FML3' from client : ACCEPTED
[16Feb2026 17:52:42.781] [Netty Epoll Server IO #0/DEBUG] [net.minecraftforge.network.NetworkRegistry/NETREGISTRY]: Channel 'tmtcop:tmtcop' : Version test of '1' from client : ACCEPTED
[16Feb2026 17:52:42.781] [Netty Epoll Server IO #0/DEBUG] [net.minecraftforge.network.NetworkRegistry/NETREGISTRY]: Channel 'journeymap:player_loc' : Version test of '1' from client : ACCEPTED
[16Feb2026 17:52:42.781] [Netty Epoll Server IO #0/DEBUG] [net.minecraftforge.network.NetworkRegistry/NETREGISTRY]: Channel 'journeymap:admin_save' : Version test of '1' from client : ACCEPTED
[16Feb2026 17:52:42.781] [Netty Epoll Server IO #0/DEBUG] [net.minecraftforge.network.NetworkRegistry/NETREGISTRY]: Channel 'patchouli:main' : Version test of '1' from client : ACCEPTED
[16Feb2026 17:52:42.781] [Netty Epoll Server IO #0/DEBUG] [net.minecraftforge.network.NetworkRegistry/NETREGISTRY]: Channel 'journeymap:teleport_req' : Version test of '1' from client : ACCEPTED
[16Feb2026 17:52:42.781] [Netty Epoll Server IO #0/DEBUG] [net.minecraftforge.network.NetworkRegistry/NETREGISTRY]: Channel 'fml:handshake' : Version test of 'FML3' from client : ACCEPTED
[16Feb2026 17:52:42.781] [Netty Epoll Server IO #0/DEBUG] [net.minecraftforge.network.NetworkRegistry/NETREGISTRY]: Channel 'journeymap:common' : Version test of '1' from client : ACCEPTED
[16Feb2026 17:52:42.781] [Netty Epoll Server IO #0/DEBUG] [net.minecraftforge.network.NetworkRegistry/NETREGISTRY]: Channel 'cobblemonintegrations:main' : Version test of '1' from client : ACCEPTED
[16Feb2026 17:52:42.781] [Netty Epoll Server IO #0/DEBUG] [net.minecraftforge.network.NetworkRegistry/NETREGISTRY]: Channel 'minecraft:register' : Version test of 'FML3' from client : ACCEPTED
[16Feb2026 17:52:42.781] [Netty Epoll Server IO #0/DEBUG] [net.minecraftforge.network.NetworkRegistry/NETREGISTRY]: Channel 'cobblemon:main' : Version test of '1' from client : ACCEPTED
[16Feb2026 17:52:42.781] [Netty Epoll Server IO #0/DEBUG] [net.minecraftforge.network.NetworkRegistry/NETREGISTRY]: Channel 'forge:split' : Version test of '1.1' from client : ACCEPTED
[16Feb2026 17:52:42.781] [Netty Epoll Server IO #0/DEBUG] [net.minecraftforge.network.NetworkRegistry/NETREGISTRY]: Channel 'journeymap:perm_req' : Version test of '1' from client : ACCEPTED
[16Feb2026 17:52:42.781] [Netty Epoll Server IO #0/DEBUG] [net.minecraftforge.network.NetworkRegistry/NETREGISTRY]: Channel 'simpletms:main' : Version test of '1' from client : ACCEPTED
[16Feb2026 17:52:42.781] [Netty Epoll Server IO #0/DEBUG] [net.minecraftforge.network.NetworkRegistry/NETREGISTRY]: Channel 'jade:networking' : Version test of '2' from client : ACCEPTED
[16Feb2026 17:52:42.781] [Netty Epoll Server IO #0/DEBUG] [net.minecraftforge.network.NetworkRegistry/NETREGISTRY]: Accepting channel list from client
[16Feb2026 17:52:42.781] [Netty Epoll Server IO #0/DEBUG] [net.minecraftforge.network.HandshakeHandler/FMLHANDSHAKE]: Accepted client connection mod list
[16Feb2026 17:52:42.801] [Server thread/DEBUG] [net.minecraftforge.network.HandshakeHandler/FMLHANDSHAKE]: Sending ticking packet info 'Registry minecraft:recipe_serializer' to 'fml:handshake' sequence 3
[16Feb2026 17:52:42.836] [Netty Epoll Server IO #0/DEBUG] [net.minecraftforge.network.LoginWrapper/FMLHANDSHAKE]: Recieved login wrapper packet event for channel fml:handshake with index 2
[16Feb2026 17:52:42.836] [Netty Epoll Server IO #0/DEBUG] [net.minecraftforge.network.HandshakeHandler/FMLHANDSHAKE]: Received client indexed reply 2 of type net.minecraftforge.network.HandshakeMessages$C2SAcknowledge
[16Feb2026 17:52:42.836] [Netty Epoll Server IO #0/DEBUG] [net.minecraftforge.network.HandshakeHandler/FMLHANDSHAKE]: Received acknowledgement from client
[16Feb2026 17:52:42.847] [Server thread/DEBUG] [net.minecraftforge.network.HandshakeHandler/FMLHANDSHAKE]: Sending ticking packet info 'Registry minecraft:sound_event' to 'fml:handshake' sequence 4
[16Feb2026 17:52:42.885] [Netty Epoll Server IO #0/DEBUG] [net.minecraftforge.network.LoginWrapper/FMLHANDSHAKE]: Recieved login wrapper packet event for channel fml:handshake with index 3
[16Feb2026 17:52:42.885] [Netty Epoll Server IO #0/DEBUG] [net.minecraftforge.network.HandshakeHandler/FMLHANDSHAKE]: Received client indexed reply 3 of type net.minecraftforge.network.HandshakeMessages$C2SAcknowledge
[16Feb2026 17:52:42.885] [Netty Epoll Server IO #0/DEBUG] [net.minecraftforge.network.HandshakeHandler/FMLHANDSHAKE]: Received acknowledgement from client
[16Feb2026 17:52:42.896] [Server thread/DEBUG] [net.minecraftforge.network.HandshakeHandler/FMLHANDSHAKE]: Sending ticking packet info 'Registry minecraft:particle_type' to 'fml:handshake' sequence 5
[16Feb2026 17:52:42.948] [Server thread/DEBUG] [net.minecraftforge.network.HandshakeHandler/FMLHANDSHAKE]: Sending ticking packet info 'Registry minecraft:villager_profession' to 'fml:handshake' sequence 6
[16Feb2026 17:52:42.998] [Server thread/DEBUG] [net.minecraftforge.network.HandshakeHandler/FMLHANDSHAKE]: Sending ticking packet info 'Registry minecraft:item' to 'fml:handshake' sequence 7
[16Feb2026 17:52:43.047] [Server thread/DEBUG] [net.minecraftforge.network.HandshakeHandler/FMLHANDSHAKE]: Sending ticking packet info 'Registry minecraft:potion' to 'fml:handshake' sequence 8
[16Feb2026 17:52:43.105] [Netty Epoll Server IO #0/DEBUG] [net.minecraftforge.network.LoginWrapper/FMLHANDSHAKE]: Recieved login wrapper packet event for channel fml:handshake with index 4
[16Feb2026 17:52:43.106] [Netty Epoll Server IO #0/DEBUG] [net.minecraftforge.network.HandshakeHandler/FMLHANDSHAKE]: Received client indexed reply 4 of type net.minecraftforge.network.HandshakeMessages$C2SAcknowledge
[16Feb2026 17:52:43.106] [Netty Epoll Server IO #0/DEBUG] [net.minecraftforge.network.HandshakeHandler/FMLHANDSHAKE]: Received acknowledgement from client
[16Feb2026 17:52:43.106] [Netty Epoll Server IO #0/DEBUG] [net.minecraftforge.network.LoginWrapper/FMLHANDSHAKE]: Recieved login wrapper packet event for channel fml:handshake with index 5
[16Feb2026 17:52:43.106] [Netty Epoll Server IO #0/DEBUG] [net.minecraftforge.network.HandshakeHandler/FMLHANDSHAKE]: Received client indexed reply 5 of type net.minecraftforge.network.HandshakeMessages$C2SAcknowledge
[16Feb2026 17:52:43.106] [Netty Epoll Server IO #0/DEBUG] [net.minecraftforge.network.HandshakeHandler/FMLHANDSHAKE]: Received acknowledgement from client
[16Feb2026 17:52:43.106] [Netty Epoll Server IO #0/DEBUG] [net.minecraftforge.network.LoginWrapper/FMLHANDSHAKE]: Recieved login wrapper packet event for channel fml:handshake with index 6
[16Feb2026 17:52:43.106] [Netty Epoll Server IO #0/DEBUG] [net.minecraftforge.network.HandshakeHandler/FMLHANDSHAKE]: Received client indexed reply 6 of type net.minecraftforge.network.HandshakeMessages$C2SAcknowledge
[16Feb2026 17:52:43.106] [Netty Epoll Server IO #0/DEBUG] [net.minecraftforge.network.HandshakeHandler/FMLHANDSHAKE]: Received acknowledgement from client
[16Feb2026 17:52:43.107] [Server thread/DEBUG] [net.minecraftforge.network.HandshakeHandler/FMLHANDSHAKE]: Sending ticking packet info 'Registry minecraft:painting_variant' to 'fml:handshake' sequence 9
[16Feb2026 17:52:43.149] [Server thread/DEBUG] [net.minecraftforge.network.HandshakeHandler/FMLHANDSHAKE]: Sending ticking packet info 'Registry forge:fluid_type' to 'fml:handshake' sequence 10
[16Feb2026 17:52:43.198] [Server thread/DEBUG] [net.minecraftforge.network.HandshakeHandler/FMLHANDSHAKE]: Sending ticking packet info 'Registry minecraft:block_entity_type' to 'fml:handshake' sequence 11
[16Feb2026 17:52:43.246] [Server thread/DEBUG] [net.minecraftforge.network.HandshakeHandler/FMLHANDSHAKE]: Sending ticking packet info 'Registry forge:display_contexts' to 'fml:handshake' sequence 12
[16Feb2026 17:52:43.299] [Server thread/DEBUG] [net.minecraftforge.network.HandshakeHandler/FMLHANDSHAKE]: Sending ticking packet info 'Registry minecraft:block' to 'fml:handshake' sequence 13
[16Feb2026 17:52:43.348] [Server thread/DEBUG] [net.minecraftforge.network.HandshakeHandler/FMLHANDSHAKE]: Sending ticking packet info 'Registry forge:entity_data_serializers' to 'fml:handshake' sequence 14
[16Feb2026 17:52:43.390] [Netty Epoll Server IO #0/DEBUG] [net.minecraftforge.network.LoginWrapper/FMLHANDSHAKE]: Recieved login wrapper packet event for channel fml:handshake with index 7
[16Feb2026 17:52:43.390] [Netty Epoll Server IO #0/DEBUG] [net.minecraftforge.network.HandshakeHandler/FMLHANDSHAKE]: Received client indexed reply 7 of type net.minecraftforge.network.HandshakeMessages$C2SAcknowledge
[16Feb2026 17:52:43.390] [Netty Epoll Server IO #0/DEBUG] [net.minecraftforge.network.HandshakeHandler/FMLHANDSHAKE]: Received acknowledgement from client
[16Feb2026 17:52:43.396] [Server thread/DEBUG] [net.minecraftforge.network.HandshakeHandler/FMLHANDSHAKE]: Sending ticking packet info 'Registry minecraft:mob_effect' to 'fml:handshake' sequence 15
[16Feb2026 17:52:43.437] [Netty Epoll Server IO #0/DEBUG] [net.minecraftforge.network.LoginWrapper/FMLHANDSHAKE]: Recieved login wrapper packet event for channel fml:handshake with index 8
[16Feb2026 17:52:43.437] [Netty Epoll Server IO #0/DEBUG] [net.minecraftforge.network.HandshakeHandler/FMLHANDSHAKE]: Received client indexed reply 8 of type net.minecraftforge.network.HandshakeMessages$C2SAcknowledge
[16Feb2026 17:52:43.437] [Netty Epoll Server IO #0/DEBUG] [net.minecraftforge.network.HandshakeHandler/FMLHANDSHAKE]: Received acknowledgement from client
[16Feb2026 17:52:43.437] [Netty Epoll Server IO #0/DEBUG] [net.minecraftforge.network.LoginWrapper/FMLHANDSHAKE]: Recieved login wrapper packet event for channel fml:handshake with index 9
[16Feb2026 17:52:43.437] [Netty Epoll Server IO #0/DEBUG] [net.minecraftforge.network.HandshakeHandler/FMLHANDSHAKE]: Received client indexed reply 9 of type net.minecraftforge.network.HandshakeMessages$C2SAcknowledge
[16Feb2026 17:52:43.437] [Netty Epoll Server IO #0/DEBUG] [net.minecraftforge.network.HandshakeHandler/FMLHANDSHAKE]: Received acknowledgement from client
[16Feb2026 17:52:43.437] [Netty Epoll Server IO #0/DEBUG] [net.minecraftforge.network.LoginWrapper/FMLHANDSHAKE]: Recieved login wrapper packet event for channel fml:handshake with index 10
[16Feb2026 17:52:43.437] [Netty Epoll Server IO #0/DEBUG] [net.minecraftforge.network.HandshakeHandler/FMLHANDSHAKE]: Received client indexed reply 10 of type net.minecraftforge.network.HandshakeMessages$C2SAcknowledge
[16Feb2026 17:52:43.437] [Netty Epoll Server IO #0/DEBUG] [net.minecraftforge.network.HandshakeHandler/FMLHANDSHAKE]: Received acknowledgement from client
[16Feb2026 17:52:43.438] [Netty Epoll Server IO #0/DEBUG] [net.minecraftforge.network.LoginWrapper/FMLHANDSHAKE]: Recieved login wrapper packet event for channel fml:handshake with index 11
[16Feb2026 17:52:43.438] [Netty Epoll Server IO #0/DEBUG] [net.minecraftforge.network.HandshakeHandler/FMLHANDSHAKE]: Received client indexed reply 11 of type net.minecraftforge.network.HandshakeMessages$C2SAcknowledge
[16Feb2026 17:52:43.438] [Netty Epoll Server IO #0/DEBUG] [net.minecraftforge.network.HandshakeHandler/FMLHANDSHAKE]: Received acknowledgement from client
[16Feb2026 17:52:43.438] [Netty Epoll Server IO #0/DEBUG] [net.minecraftforge.network.LoginWrapper/FMLHANDSHAKE]: Recieved login wrapper packet event for channel fml:handshake with index 12
[16Feb2026 17:52:43.438] [Netty Epoll Server IO #0/DEBUG] [net.minecraftforge.network.HandshakeHandler/FMLHANDSHAKE]: Received client indexed reply 12 of type net.minecraftforge.network.HandshakeMessages$C2SAcknowledge
[16Feb2026 17:52:43.438] [Netty Epoll Server IO #0/DEBUG] [net.minecraftforge.network.HandshakeHandler/FMLHANDSHAKE]: Received acknowledgement from client
[16Feb2026 17:52:43.451] [Server thread/DEBUG] [net.minecraftforge.network.HandshakeHandler/FMLHANDSHAKE]: Sending ticking packet info 'Registry minecraft:stat_type' to 'fml:handshake' sequence 16
[16Feb2026 17:52:43.496] [Server thread/DEBUG] [net.minecraftforge.network.HandshakeHandler/FMLHANDSHAKE]: Sending ticking packet info 'Registry minecraft:menu' to 'fml:handshake' sequence 17
[16Feb2026 17:52:43.570] [Server thread/DEBUG] [net.minecraftforge.network.HandshakeHandler/FMLHANDSHAKE]: Sending ticking packet info 'Registry minecraft:enchantment' to 'fml:handshake' sequence 18
[16Feb2026 17:52:43.596] [Server thread/DEBUG] [net.minecraftforge.network.HandshakeHandler/FMLHANDSHAKE]: Sending ticking packet info 'Registry minecraft:fluid' to 'fml:handshake' sequence 19
[16Feb2026 17:52:43.606] [Netty Epoll Server IO #0/DEBUG] [net.minecraftforge.network.LoginWrapper/FMLHANDSHAKE]: Recieved login wrapper packet event for channel fml:handshake with index 13
[16Feb2026 17:52:43.607] [Netty Epoll Server IO #0/DEBUG] [net.minecraftforge.network.HandshakeHandler/FMLHANDSHAKE]: Received client indexed reply 13 of type net.minecraftforge.network.HandshakeMessages$C2SAcknowledge
[16Feb2026 17:52:43.607] [Netty Epoll Server IO #0/DEBUG] [net.minecraftforge.network.HandshakeHandler/FMLHANDSHAKE]: Received acknowledgement from client
[16Feb2026 17:52:43.607] [Netty Epoll Server IO #0/DEBUG] [net.minecraftforge.network.LoginWrapper/FMLHANDSHAKE]: Recieved login wrapper packet event for channel fml:handshake with index 14
[16Feb2026 17:52:43.607] [Netty Epoll Server IO #0/DEBUG] [net.minecraftforge.network.HandshakeHandler/FMLHANDSHAKE]: Received client indexed reply 14 of type net.minecraftforge.network.HandshakeMessages$C2SAcknowledge
[16Feb2026 17:52:43.607] [Netty Epoll Server IO #0/DEBUG] [net.minecraftforge.network.HandshakeHandler/FMLHANDSHAKE]: Received acknowledgement from client
[16Feb2026 17:52:43.608] [Netty Epoll Server IO #0/DEBUG] [net.minecraftforge.network.LoginWrapper/FMLHANDSHAKE]: Recieved login wrapper packet event for channel fml:handshake with index 15
[16Feb2026 17:52:43.608] [Netty Epoll Server IO #0/DEBUG] [net.minecraftforge.network.HandshakeHandler/FMLHANDSHAKE]: Received client indexed reply 15 of type net.minecraftforge.network.HandshakeMessages$C2SAcknowledge
[16Feb2026 17:52:43.608] [Netty Epoll Server IO #0/DEBUG] [net.minecraftforge.network.HandshakeHandler/FMLHANDSHAKE]: Received acknowledgement from client
[16Feb2026 17:52:43.608] [Netty Epoll Server IO #0/DEBUG] [net.minecraftforge.network.LoginWrapper/FMLHANDSHAKE]: Recieved login wrapper packet event for channel fml:handshake with index 16
[16Feb2026 17:52:43.608] [Netty Epoll Server IO #0/DEBUG] [net.minecraftforge.network.HandshakeHandler/FMLHANDSHAKE]: Received client indexed reply 16 of type net.minecraftforge.network.HandshakeMessages$C2SAcknowledge
[16Feb2026 17:52:43.608] [Netty Epoll Server IO #0/DEBUG] [net.minecraftforge.network.HandshakeHandler/FMLHANDSHAKE]: Received acknowledgement from client
[16Feb2026 17:52:43.608] [Netty Epoll Server IO #0/DEBUG] [net.minecraftforge.network.LoginWrapper/FMLHANDSHAKE]: Recieved login wrapper packet event for channel fml:handshake with index 17
[16Feb2026 17:52:43.608] [Netty Epoll Server IO #0/DEBUG] [net.minecraftforge.network.HandshakeHandler/FMLHANDSHAKE]: Received client indexed reply 17 of type net.minecraftforge.network.HandshakeMessages$C2SAcknowledge
[16Feb2026 17:52:43.608] [Netty Epoll Server IO #0/DEBUG] [net.minecraftforge.network.HandshakeHandler/FMLHANDSHAKE]: Received acknowledgement from client
[16Feb2026 17:52:43.648] [Server thread/DEBUG] [net.minecraftforge.network.HandshakeHandler/FMLHANDSHAKE]: Sending ticking packet info 'Registry minecraft:entity_type' to 'fml:handshake' sequence 20
[16Feb2026 17:52:43.653] [Netty Epoll Server IO #0/DEBUG] [net.minecraftforge.network.LoginWrapper/FMLHANDSHAKE]: Recieved login wrapper packet event for channel fml:handshake with index 18
[16Feb2026 17:52:43.653] [Netty Epoll Server IO #0/DEBUG] [net.minecraftforge.network.HandshakeHandler/FMLHANDSHAKE]: Received client indexed reply 18 of type net.minecraftforge.network.HandshakeMessages$C2SAcknowledge
[16Feb2026 17:52:43.653] [Netty Epoll Server IO #0/DEBUG] [net.minecraftforge.network.HandshakeHandler/FMLHANDSHAKE]: Received acknowledgement from client
[16Feb2026 17:52:43.679] [Netty Epoll Server IO #0/DEBUG] [net.minecraftforge.network.LoginWrapper/FMLHANDSHAKE]: Recieved login wrapper packet event for channel fml:handshake with index 19
[16Feb2026 17:52:43.679] [Netty Epoll Server IO #0/DEBUG] [net.minecraftforge.network.HandshakeHandler/FMLHANDSHAKE]: Received client indexed reply 19 of type net.minecraftforge.network.HandshakeMessages$C2SAcknowledge
[16Feb2026 17:52:43.679] [Netty Epoll Server IO #0/DEBUG] [net.minecraftforge.network.HandshakeHandler/FMLHANDSHAKE]: Received acknowledgement from client
[16Feb2026 17:52:43.698] [Server thread/DEBUG] [net.minecraftforge.network.HandshakeHandler/FMLHANDSHAKE]: Sending ticking packet info 'Config journeymap-server.toml' to 'fml:handshake' sequence 21
[16Feb2026 17:52:43.750] [Server thread/DEBUG] [net.minecraftforge.network.HandshakeHandler/FMLHANDSHAKE]: Sending ticking packet info 'Config curios-server.toml' to 'fml:handshake' sequence 22
[16Feb2026 17:52:43.799] [Server thread/DEBUG] [net.minecraftforge.network.HandshakeHandler/FMLHANDSHAKE]: Sending ticking packet info 'Config jei-server.toml' to 'fml:handshake' sequence 23
[16Feb2026 17:52:43.848] [Server thread/DEBUG] [net.minecraftforge.network.HandshakeHandler/FMLHANDSHAKE]: Sending ticking packet info 'Config beautify-server.toml' to 'fml:handshake' sequence 24
[16Feb2026 17:52:43.898] [Server thread/DEBUG] [net.minecraftforge.network.HandshakeHandler/FMLHANDSHAKE]: Sending ticking packet info 'Config forge-server.toml' to 'fml:handshake' sequence 25
[16Feb2026 17:52:44.271] [Netty Epoll Server IO #0/DEBUG] [net.minecraftforge.network.LoginWrapper/FMLHANDSHAKE]: Recieved login wrapper packet event for channel fml:handshake with index 20
[16Feb2026 17:52:44.271] [Netty Epoll Server IO #0/DEBUG] [net.minecraftforge.network.HandshakeHandler/FMLHANDSHAKE]: Received client indexed reply 20 of type net.minecraftforge.network.HandshakeMessages$C2SAcknowledge
[16Feb2026 17:52:44.271] [Netty Epoll Server IO #0/DEBUG] [net.minecraftforge.network.HandshakeHandler/FMLHANDSHAKE]: Received acknowledgement from client
[16Feb2026 17:52:44.271] [Netty Epoll Server IO #0/DEBUG] [net.minecraftforge.network.LoginWrapper/FMLHANDSHAKE]: Recieved login wrapper packet event for channel fml:handshake with index 21
[16Feb2026 17:52:44.271] [Netty Epoll Server IO #0/DEBUG] [net.minecraftforge.network.HandshakeHandler/FMLHANDSHAKE]: Received client indexed reply 21 of type net.minecraftforge.network.HandshakeMessages$C2SAcknowledge
[16Feb2026 17:52:44.272] [Netty Epoll Server IO #0/DEBUG] [net.minecraftforge.network.HandshakeHandler/FMLHANDSHAKE]: Received acknowledgement from client
[16Feb2026 17:52:44.272] [Netty Epoll Server IO #0/DEBUG] [net.minecraftforge.network.LoginWrapper/FMLHANDSHAKE]: Recieved login wrapper packet event for channel fml:handshake with index 22
[16Feb2026 17:52:44.272] [Netty Epoll Server IO #0/DEBUG] [net.minecraftforge.network.HandshakeHandler/FMLHANDSHAKE]: Received client indexed reply 22 of type net.minecraftforge.network.HandshakeMessages$C2SAcknowledge
[16Feb2026 17:52:44.272] [Netty Epoll Server IO #0/DEBUG] [net.minecraftforge.network.HandshakeHandler/FMLHANDSHAKE]: Received acknowledgement from client
[16Feb2026 17:52:44.272] [Netty Epoll Server IO #0/DEBUG] [net.minecraftforge.network.LoginWrapper/FMLHANDSHAKE]: Recieved login wrapper packet event for channel fml:handshake with index 23
[16Feb2026 17:52:44.272] [Netty Epoll Server IO #0/DEBUG] [net.minecraftforge.network.HandshakeHandler/FMLHANDSHAKE]: Received client indexed reply 23 of type net.minecraftforge.network.HandshakeMessages$C2SAcknowledge
[16Feb2026 17:52:44.272] [Netty Epoll Server IO #0/DEBUG] [net.minecraftforge.network.HandshakeHandler/FMLHANDSHAKE]: Received acknowledgement from client
[16Feb2026 17:52:44.272] [Netty Epoll Server IO #0/DEBUG] [net.minecraftforge.network.LoginWrapper/FMLHANDSHAKE]: Recieved login wrapper packet event for channel fml:handshake with index 24
[16Feb2026 17:52:44.272] [Netty Epoll Server IO #0/DEBUG] [net.minecraftforge.network.HandshakeHandler/FMLHANDSHAKE]: Received client indexed reply 24 of type net.minecraftforge.network.HandshakeMessages$C2SAcknowledge
[16Feb2026 17:52:44.272] [Netty Epoll Server IO #0/DEBUG] [net.minecraftforge.network.HandshakeHandler/FMLHANDSHAKE]: Received acknowledgement from client
[16Feb2026 17:52:44.272] [Netty Epoll Server IO #0/DEBUG] [net.minecraftforge.network.LoginWrapper/FMLHANDSHAKE]: Recieved login wrapper packet event for channel fml:handshake with index 25
[16Feb2026 17:52:44.272] [Netty Epoll Server IO #0/DEBUG] [net.minecraftforge.network.HandshakeHandler/FMLHANDSHAKE]: Received client indexed reply 25 of type net.minecraftforge.network.HandshakeMessages$C2SAcknowledge
[16Feb2026 17:52:44.272] [Netty Epoll Server IO #0/DEBUG] [net.minecraftforge.network.HandshakeHandler/FMLHANDSHAKE]: Received acknowledgement from client
[16Feb2026 17:52:44.301] [Server thread/DEBUG] [net.minecraftforge.network.HandshakeHandler/FMLHANDSHAKE]: Handshake complete!
[16Feb2026 17:52:44.359] [Server thread/INFO] [net.minecraft.server.players.PlayerList/]: Amorger2[/10.147.18.56:58468] logged in with entity id 12148 at (1963.2018787879945, 176.0625, -4859.8368534533065)
[16Feb2026 17:52:44.359] [Server thread/DEBUG] [net.minecraftforge.network.filters.NetworkFilters/]: Injected net.minecraftforge.network.filters.ForgeConnectionNetworkFilter@195f2825 into net.minecraft.network.Connection@771bfcf1
[16Feb2026 17:52:44.400] [Server thread/INFO] [net.minecraft.server.MinecraftServer/]: Amorger2 joined the game
[16Feb2026 17:52:44.415] [Server thread/DEBUG] [FTB Teams/]: player f4d898ac-81ff-3a5f-8dfd-7b46bc2b0971 logged in, player team = Amorger2#f4d898ac
[16Feb2026 17:52:44.415] [Server thread/DEBUG] [FTB Teams/]: syncing player team data, all = false
[16Feb2026 17:52:44.434] [Server thread/DEBUG] [FTB Teams/]: updating team presence
[16Feb2026 17:52:44.435] [Server thread/DEBUG] [FTB Teams/]: sending team login event for f4d898ac-81ff-3a5f-8dfd-7b46bc2b0971...
[16Feb2026 17:52:44.435] [Server thread/DEBUG] [FTB Quests/]: Wrote 585 bytes, 0 objects
[16Feb2026 17:52:44.435] [Server thread/DEBUG] [FTB Teams/]: team login event for f4d898ac-81ff-3a5f-8dfd-7b46bc2b0971 sent
[16Feb2026 17:52:44.439] [Server thread/INFO] [Jade/]: Syncing config to Amorger2 (f4d898ac-81ff-3a5f-8dfd-7b46bc2b0971)
[16Feb2026 17:53:02.490] [Server thread/DEBUG] [com.cobblemon.mod.common.Cobblemon/]: Serializing 2 Pokémon stores.
[16Feb2026 17:53:02.490] [Server thread/DEBUG] [com.cobblemon.mod.common.Cobblemon/]: Queueing save.
[16Feb2026 17:53:02.492] [pool-4-thread-1/DEBUG] [com.cobblemon.mod.common.Cobblemon/]: Saved 2 Pokémon stores.
[16Feb2026 17:53:27.076] [Server thread/DEBUG] [net.minecraftforge.common.ForgeHooks/WP]: Gathering id map for writing to world save world
[16Feb2026 17:53:27.084] [Server thread/DEBUG] [net.minecraftforge.common.ForgeHooks/WP]: ID Map collection complete world
[16Feb2026 17:53:32.540] [Server thread/DEBUG] [com.cobblemon.mod.common.Cobblemon/]: Serializing 1 Pokémon stores.
[16Feb2026 17:53:32.540] [Server thread/DEBUG] [com.cobblemon.mod.common.Cobblemon/]: Queueing save.
[16Feb2026 17:53:32.541] [pool-4-thread-1/DEBUG] [com.cobblemon.mod.common.Cobblemon/]: Saved 1 Pokémon stores.
[16Feb2026 17:54:02.590] [Server thread/DEBUG] [com.cobblemon.mod.common.Cobblemon/]: Serializing 2 Pokémon stores.
[16Feb2026 17:54:02.590] [Server thread/DEBUG] [com.cobblemon.mod.common.Cobblemon/]: Queueing save.
[16Feb2026 17:54:02.592] [pool-4-thread-1/DEBUG] [com.cobblemon.mod.common.Cobblemon/]: Saved 2 Pokémon stores.
[16Feb2026 17:54:29.655] [Server thread/DEBUG] [Cobbledex/]: Saving 69 entries to /workspaces/RPG_minecraft/servidor_minecraft/./world/./cobbledex-coop.json
[16Feb2026 17:54:32.640] [Server thread/DEBUG] [com.cobblemon.mod.common.Cobblemon/]: Serializing 2 Pokémon stores.
[16Feb2026 17:54:32.641] [Server thread/DEBUG] [com.cobblemon.mod.common.Cobblemon/]: Queueing save.
[16Feb2026 17:54:32.643] [pool-4-thread-1/DEBUG] [com.cobblemon.mod.common.Cobblemon/]: Saved 2 Pokémon stores.
[16Feb2026 17:55:02.690] [Server thread/DEBUG] [com.cobblemon.mod.common.Cobblemon/]: Serializing 1 Pokémon stores.
[16Feb2026 17:55:02.690] [Server thread/DEBUG] [com.cobblemon.mod.common.Cobblemon/]: Queueing save.
[16Feb2026 17:55:02.691] [pool-4-thread-1/DEBUG] [com.cobblemon.mod.common.Cobblemon/]: Saved 1 Pokémon stores.
[16Feb2026 17:55:32.740] [Server thread/DEBUG] [com.cobblemon.mod.common.Cobblemon/]: Serializing 1 Pokémon stores.
[16Feb2026 17:55:32.740] [Server thread/DEBUG] [com.cobblemon.mod.common.Cobblemon/]: Queueing save.
[16Feb2026 17:55:32.744] [pool-4-thread-1/DEBUG] [com.cobblemon.mod.common.Cobblemon/]: Saved 1 Pokémon stores.
[16Feb2026 17:55:40.349] [Server thread/INFO] [net.minecraft.server.network.ServerGamePacketListenerImpl/]: Amorger2 lost connection: Disconnected
[16Feb2026 17:55:40.349] [Server thread/INFO] [net.minecraft.server.MinecraftServer/]: Amorger2 left the game
[16Feb2026 17:56:02.790] [Server thread/DEBUG] [com.cobblemon.mod.common.Cobblemon/]: Serializing 0 Pokémon stores.
[16Feb2026 17:56:02.790] [Server thread/DEBUG] [com.cobblemon.mod.common.Cobblemon/]: Queueing save.
[16Feb2026 17:56:02.790] [pool-4-thread-1/DEBUG] [com.cobblemon.mod.common.Cobblemon/]: Saved 0 Pokémon stores.
[16Feb2026 17:56:32.840] [Server thread/DEBUG] [com.cobblemon.mod.common.Cobblemon/]: Serializing 0 Pokémon stores.
[16Feb2026 17:56:32.840] [Server thread/DEBUG] [com.cobblemon.mod.common.Cobblemon/]: Queueing save.
[16Feb2026 17:56:32.840] [pool-4-thread-1/DEBUG] [com.cobblemon.mod.common.Cobblemon/]: Saved 0 Pokémon stores.
[16Feb2026 17:56:53.496] [Netty Epoll Server IO #3/DEBUG] [net.minecraftforge.network.HandshakeHandler/FMLHANDSHAKE]: Starting new modded impl connection. Found 26 messages to dispatch.
[16Feb2026 17:56:53.497] [Server thread/DEBUG] [net.minecraftforge.network.HandshakeHandler/FMLHANDSHAKE]: Sending ticking packet info 'net.minecraftforge.network.HandshakeMessages$S2CModData' to 'fml:handshake' sequence 0
[16Feb2026 17:56:53.575] [Server thread/DEBUG] [net.minecraftforge.network.HandshakeHandler/FMLHANDSHAKE]: Sending ticking packet info 'net.minecraftforge.network.HandshakeMessages$S2CModList' to 'fml:handshake' sequence 1
[16Feb2026 17:56:53.598] [Server thread/DEBUG] [net.minecraftforge.network.HandshakeHandler/FMLHANDSHAKE]: Sending ticking packet info 'Registry minecraft:command_argument_type' to 'fml:handshake' sequence 2
[16Feb2026 17:56:53.648] [Server thread/DEBUG] [net.minecraftforge.network.HandshakeHandler/FMLHANDSHAKE]: Sending ticking packet info 'Registry minecraft:recipe_serializer' to 'fml:handshake' sequence 3
[16Feb2026 17:56:53.668] [Netty Epoll Server IO #3/DEBUG] [net.minecraftforge.network.LoginWrapper/FMLHANDSHAKE]: Recieved login wrapper packet event for channel fml:handshake with index 1
[16Feb2026 17:56:53.668] [Netty Epoll Server IO #3/DEBUG] [net.minecraftforge.network.HandshakeHandler/FMLHANDSHAKE]: Received client indexed reply 1 of type net.minecraftforge.network.HandshakeMessages$C2SModListReply
[16Feb2026 17:56:53.668] [Netty Epoll Server IO #3/DEBUG] [net.minecraftforge.network.HandshakeHandler/FMLHANDSHAKE]: Received client connection with modlist [fossiltweaks, beautify, jei, cobblemon_quests, cobbled_counter, journeymap, citadel, tmtcop, glitchcore, cobblemonoutbreaks, midnightlib, spawn_notification, unimplemented_items, gravels_extended_battles, cameraoverhaul, cloth_config, forge, athena, cobblemon_alatia, minecraft, simple_cobblemon_kit, terrablender, betterbeds, cobblemonintegrations, cobblemontrainers, simpletms, biomesoplenty, jade, mr_eggs_cobblemonaddon, kotlinforforge, curios, patchouli, capture_xp, megamons, cobblemon, cobbledex, cobblepedia, fightorflight, architectury, cobgyms, ftblibrary, ftbteams, ftbquests, cobblemore_lib, cobblemon_poke_labs, cobblemon_simple_center, cobblemonmegas, cobblemonrider, mythsandlegends, betterf3, unchained, cobbledollars]
[16Feb2026 17:56:53.668] [Netty Epoll Server IO #3/DEBUG] [net.minecraftforge.network.NetworkRegistry/NETREGISTRY]: Channel 'cobbledex:main' : Version test of '1' from client : ACCEPTED
[16Feb2026 17:56:53.668] [Netty Epoll Server IO #3/DEBUG] [net.minecraftforge.network.NetworkRegistry/NETREGISTRY]: Channel 'architectury:network' : Version test of '1' from client : ACCEPTED
[16Feb2026 17:56:53.668] [Netty Epoll Server IO #3/DEBUG] [net.minecraftforge.network.NetworkRegistry/NETREGISTRY]: Channel 'jei:channel' : Version test of '1.0.0' from client : ACCEPTED
[16Feb2026 17:56:53.668] [Netty Epoll Server IO #3/DEBUG] [net.minecraftforge.network.NetworkRegistry/NETREGISTRY]: Channel 'minecraft:unregister' : Version test of 'FML3' from client : ACCEPTED
[16Feb2026 17:56:53.668] [Netty Epoll Server IO #3/DEBUG] [net.minecraftforge.network.NetworkRegistry/NETREGISTRY]: Channel 'citadel:main_channel' : Version test of '1' from client : ACCEPTED
[16Feb2026 17:56:53.668] [Netty Epoll Server IO #3/DEBUG] [net.minecraftforge.network.NetworkRegistry/NETREGISTRY]: Channel 'cobblemonrider:network' : Version test of '1.0' from client : ACCEPTED
[16Feb2026 17:56:53.668] [Netty Epoll Server IO #3/DEBUG] [net.minecraftforge.network.NetworkRegistry/NETREGISTRY]: Channel 'journeymap:version' : Version test of '1' from client : ACCEPTED
[16Feb2026 17:56:53.668] [Netty Epoll Server IO #3/DEBUG] [net.minecraftforge.network.NetworkRegistry/NETREGISTRY]: Channel 'simple_cobblemon_kit:simple_cobblemon_kit' : Version test of '1' from client : ACCEPTED
[16Feb2026 17:56:53.668] [Netty Epoll Server IO #3/DEBUG] [net.minecraftforge.network.NetworkRegistry/NETREGISTRY]: Channel 'curios:main' : Version test of '1' from client : ACCEPTED
[16Feb2026 17:56:53.668] [Netty Epoll Server IO #3/DEBUG] [net.minecraftforge.network.NetworkRegistry/NETREGISTRY]: Channel 'worldinfo:world_id' : Version test of '1' from client : ACCEPTED
[16Feb2026 17:56:53.668] [Netty Epoll Server IO #3/DEBUG] [net.minecraftforge.network.NetworkRegistry/NETREGISTRY]: Channel 'journeymap:admin_req' : Version test of '1' from client : ACCEPTED
[16Feb2026 17:56:53.668] [Netty Epoll Server IO #3/DEBUG] [net.minecraftforge.network.NetworkRegistry/NETREGISTRY]: Channel 'journeymap:mp_options_req' : Version test of '1' from client : ACCEPTED
[16Feb2026 17:56:53.668] [Netty Epoll Server IO #3/DEBUG] [net.minecraftforge.network.NetworkRegistry/NETREGISTRY]: Channel 'journeymap:waypoint' : Version test of '1' from client : ACCEPTED
[16Feb2026 17:56:53.669] [Netty Epoll Server IO #3/DEBUG] [net.minecraftforge.network.NetworkRegistry/NETREGISTRY]: Channel 'fml:loginwrapper' : Version test of 'FML3' from client : ACCEPTED
[16Feb2026 17:56:53.669] [Netty Epoll Server IO #3/DEBUG] [net.minecraftforge.network.NetworkRegistry/NETREGISTRY]: Channel 'forge:tier_sorting' : Version test of '1.0' from client : ACCEPTED
[16Feb2026 17:56:53.669] [Netty Epoll Server IO #3/DEBUG] [net.minecraftforge.network.NetworkRegistry/NETREGISTRY]: Channel 'fml:play' : Version test of 'FML3' from client : ACCEPTED
[16Feb2026 17:56:53.669] [Netty Epoll Server IO #3/DEBUG] [net.minecraftforge.network.NetworkRegistry/NETREGISTRY]: Channel 'tmtcop:tmtcop' : Version test of '1' from client : ACCEPTED
[16Feb2026 17:56:53.669] [Netty Epoll Server IO #3/DEBUG] [net.minecraftforge.network.NetworkRegistry/NETREGISTRY]: Channel 'journeymap:player_loc' : Version test of '1' from client : ACCEPTED
[16Feb2026 17:56:53.669] [Netty Epoll Server IO #3/DEBUG] [net.minecraftforge.network.NetworkRegistry/NETREGISTRY]: Channel 'journeymap:admin_save' : Version test of '1' from client : ACCEPTED
[16Feb2026 17:56:53.669] [Netty Epoll Server IO #3/DEBUG] [net.minecraftforge.network.NetworkRegistry/NETREGISTRY]: Channel 'patchouli:main' : Version test of '1' from client : ACCEPTED
[16Feb2026 17:56:53.669] [Netty Epoll Server IO #3/DEBUG] [net.minecraftforge.network.NetworkRegistry/NETREGISTRY]: Channel 'journeymap:teleport_req' : Version test of '1' from client : ACCEPTED
[16Feb2026 17:56:53.669] [Netty Epoll Server IO #3/DEBUG] [net.minecraftforge.network.NetworkRegistry/NETREGISTRY]: Channel 'fml:handshake' : Version test of 'FML3' from client : ACCEPTED
[16Feb2026 17:56:53.669] [Netty Epoll Server IO #3/DEBUG] [net.minecraftforge.network.NetworkRegistry/NETREGISTRY]: Channel 'journeymap:common' : Version test of '1' from client : ACCEPTED
[16Feb2026 17:56:53.669] [Netty Epoll Server IO #3/DEBUG] [net.minecraftforge.network.NetworkRegistry/NETREGISTRY]: Channel 'cobblemonintegrations:main' : Version test of '1' from client : ACCEPTED
[16Feb2026 17:56:53.669] [Netty Epoll Server IO #3/DEBUG] [net.minecraftforge.network.NetworkRegistry/NETREGISTRY]: Channel 'minecraft:register' : Version test of 'FML3' from client : ACCEPTED
[16Feb2026 17:56:53.669] [Netty Epoll Server IO #3/DEBUG] [net.minecraftforge.network.NetworkRegistry/NETREGISTRY]: Channel 'cobblemon:main' : Version test of '1' from client : ACCEPTED
[16Feb2026 17:56:53.669] [Netty Epoll Server IO #3/DEBUG] [net.minecraftforge.network.NetworkRegistry/NETREGISTRY]: Channel 'forge:split' : Version test of '1.1' from client : ACCEPTED
[16Feb2026 17:56:53.669] [Netty Epoll Server IO #3/DEBUG] [net.minecraftforge.network.NetworkRegistry/NETREGISTRY]: Channel 'journeymap:perm_req' : Version test of '1' from client : ACCEPTED
[16Feb2026 17:56:53.669] [Netty Epoll Server IO #3/DEBUG] [net.minecraftforge.network.NetworkRegistry/NETREGISTRY]: Channel 'simpletms:main' : Version test of '1' from client : ACCEPTED
[16Feb2026 17:56:53.669] [Netty Epoll Server IO #3/DEBUG] [net.minecraftforge.network.NetworkRegistry/NETREGISTRY]: Channel 'jade:networking' : Version test of '2' from client : ACCEPTED
[16Feb2026 17:56:53.669] [Netty Epoll Server IO #3/DEBUG] [net.minecraftforge.network.NetworkRegistry/NETREGISTRY]: Accepting channel list from client
[16Feb2026 17:56:53.669] [Netty Epoll Server IO #3/DEBUG] [net.minecraftforge.network.HandshakeHandler/FMLHANDSHAKE]: Accepted client connection mod list
[16Feb2026 17:56:53.689] [Netty Epoll Server IO #3/DEBUG] [net.minecraftforge.network.LoginWrapper/FMLHANDSHAKE]: Recieved login wrapper packet event for channel fml:handshake with index 2
[16Feb2026 17:56:53.689] [Netty Epoll Server IO #3/DEBUG] [net.minecraftforge.network.HandshakeHandler/FMLHANDSHAKE]: Received client indexed reply 2 of type net.minecraftforge.network.HandshakeMessages$C2SAcknowledge
[16Feb2026 17:56:53.689] [Netty Epoll Server IO #3/DEBUG] [net.minecraftforge.network.HandshakeHandler/FMLHANDSHAKE]: Received acknowledgement from client
[16Feb2026 17:56:53.697] [Server thread/DEBUG] [net.minecraftforge.network.HandshakeHandler/FMLHANDSHAKE]: Sending ticking packet info 'Registry minecraft:sound_event' to 'fml:handshake' sequence 4
[16Feb2026 17:56:53.732] [Netty Epoll Server IO #3/DEBUG] [net.minecraftforge.network.LoginWrapper/FMLHANDSHAKE]: Recieved login wrapper packet event for channel fml:handshake with index 3
[16Feb2026 17:56:53.732] [Netty Epoll Server IO #3/DEBUG] [net.minecraftforge.network.HandshakeHandler/FMLHANDSHAKE]: Received client indexed reply 3 of type net.minecraftforge.network.HandshakeMessages$C2SAcknowledge
[16Feb2026 17:56:53.732] [Netty Epoll Server IO #3/DEBUG] [net.minecraftforge.network.HandshakeHandler/FMLHANDSHAKE]: Received acknowledgement from client
[16Feb2026 17:56:53.746] [Server thread/DEBUG] [net.minecraftforge.network.HandshakeHandler/FMLHANDSHAKE]: Sending ticking packet info 'Registry minecraft:particle_type' to 'fml:handshake' sequence 5
[16Feb2026 17:56:53.798] [Server thread/DEBUG] [net.minecraftforge.network.HandshakeHandler/FMLHANDSHAKE]: Sending ticking packet info 'Registry minecraft:villager_profession' to 'fml:handshake' sequence 6
[16Feb2026 17:56:53.848] [Server thread/DEBUG] [net.minecraftforge.network.HandshakeHandler/FMLHANDSHAKE]: Sending ticking packet info 'Registry minecraft:item' to 'fml:handshake' sequence 7
[16Feb2026 17:56:53.877] [Netty Epoll Server IO #3/DEBUG] [net.minecraftforge.network.LoginWrapper/FMLHANDSHAKE]: Recieved login wrapper packet event for channel fml:handshake with index 4
[16Feb2026 17:56:53.877] [Netty Epoll Server IO #3/DEBUG] [net.minecraftforge.network.HandshakeHandler/FMLHANDSHAKE]: Received client indexed reply 4 of type net.minecraftforge.network.HandshakeMessages$C2SAcknowledge
[16Feb2026 17:56:53.877] [Netty Epoll Server IO #3/DEBUG] [net.minecraftforge.network.HandshakeHandler/FMLHANDSHAKE]: Received acknowledgement from client
[16Feb2026 17:56:53.877] [Netty Epoll Server IO #3/DEBUG] [net.minecraftforge.network.LoginWrapper/FMLHANDSHAKE]: Recieved login wrapper packet event for channel fml:handshake with index 5
[16Feb2026 17:56:53.877] [Netty Epoll Server IO #3/DEBUG] [net.minecraftforge.network.HandshakeHandler/FMLHANDSHAKE]: Received client indexed reply 5 of type net.minecraftforge.network.HandshakeMessages$C2SAcknowledge
[16Feb2026 17:56:53.877] [Netty Epoll Server IO #3/DEBUG] [net.minecraftforge.network.HandshakeHandler/FMLHANDSHAKE]: Received acknowledgement from client
[16Feb2026 17:56:53.881] [Netty Epoll Server IO #3/DEBUG] [net.minecraftforge.network.LoginWrapper/FMLHANDSHAKE]: Recieved login wrapper packet event for channel fml:handshake with index 6
[16Feb2026 17:56:53.881] [Netty Epoll Server IO #3/DEBUG] [net.minecraftforge.network.HandshakeHandler/FMLHANDSHAKE]: Received client indexed reply 6 of type net.minecraftforge.network.HandshakeMessages$C2SAcknowledge
[16Feb2026 17:56:53.881] [Netty Epoll Server IO #3/DEBUG] [net.minecraftforge.network.HandshakeHandler/FMLHANDSHAKE]: Received acknowledgement from client
[16Feb2026 17:56:53.897] [Server thread/DEBUG] [net.minecraftforge.network.HandshakeHandler/FMLHANDSHAKE]: Sending ticking packet info 'Registry minecraft:potion' to 'fml:handshake' sequence 8
[16Feb2026 17:56:53.945] [Server thread/DEBUG] [net.minecraftforge.network.HandshakeHandler/FMLHANDSHAKE]: Sending ticking packet info 'Registry minecraft:painting_variant' to 'fml:handshake' sequence 9
[16Feb2026 17:56:53.997] [Server thread/DEBUG] [net.minecraftforge.network.HandshakeHandler/FMLHANDSHAKE]: Sending ticking packet info 'Registry forge:fluid_type' to 'fml:handshake' sequence 10
[16Feb2026 17:56:54.046] [Server thread/DEBUG] [net.minecraftforge.network.HandshakeHandler/FMLHANDSHAKE]: Sending ticking packet info 'Registry minecraft:block_entity_type' to 'fml:handshake' sequence 11
[16Feb2026 17:56:54.099] [Server thread/DEBUG] [net.minecraftforge.network.HandshakeHandler/FMLHANDSHAKE]: Sending ticking packet info 'Registry forge:display_contexts' to 'fml:handshake' sequence 12
[16Feb2026 17:56:54.115] [Netty Epoll Server IO #3/DEBUG] [net.minecraftforge.network.LoginWrapper/FMLHANDSHAKE]: Recieved login wrapper packet event for channel fml:handshake with index 7
[16Feb2026 17:56:54.115] [Netty Epoll Server IO #3/DEBUG] [net.minecraftforge.network.HandshakeHandler/FMLHANDSHAKE]: Received client indexed reply 7 of type net.minecraftforge.network.HandshakeMessages$C2SAcknowledge
[16Feb2026 17:56:54.115] [Netty Epoll Server IO #3/DEBUG] [net.minecraftforge.network.HandshakeHandler/FMLHANDSHAKE]: Received acknowledgement from client
[16Feb2026 17:56:54.115] [Netty Epoll Server IO #3/DEBUG] [net.minecraftforge.network.LoginWrapper/FMLHANDSHAKE]: Recieved login wrapper packet event for channel fml:handshake with index 8
[16Feb2026 17:56:54.115] [Netty Epoll Server IO #3/DEBUG] [net.minecraftforge.network.HandshakeHandler/FMLHANDSHAKE]: Received client indexed reply 8 of type net.minecraftforge.network.HandshakeMessages$C2SAcknowledge
[16Feb2026 17:56:54.115] [Netty Epoll Server IO #3/DEBUG] [net.minecraftforge.network.HandshakeHandler/FMLHANDSHAKE]: Received acknowledgement from client
[16Feb2026 17:56:54.116] [Netty Epoll Server IO #3/DEBUG] [net.minecraftforge.network.LoginWrapper/FMLHANDSHAKE]: Recieved login wrapper packet event for channel fml:handshake with index 9
[16Feb2026 17:56:54.116] [Netty Epoll Server IO #3/DEBUG] [net.minecraftforge.network.HandshakeHandler/FMLHANDSHAKE]: Received client indexed reply 9 of type net.minecraftforge.network.HandshakeMessages$C2SAcknowledge
[16Feb2026 17:56:54.116] [Netty Epoll Server IO #3/DEBUG] [net.minecraftforge.network.HandshakeHandler/FMLHANDSHAKE]: Received acknowledgement from client
[16Feb2026 17:56:54.116] [Netty Epoll Server IO #3/DEBUG] [net.minecraftforge.network.LoginWrapper/FMLHANDSHAKE]: Recieved login wrapper packet event for channel fml:handshake with index 10
[16Feb2026 17:56:54.116] [Netty Epoll Server IO #3/DEBUG] [net.minecraftforge.network.HandshakeHandler/FMLHANDSHAKE]: Received client indexed reply 10 of type net.minecraftforge.network.HandshakeMessages$C2SAcknowledge
[16Feb2026 17:56:54.116] [Netty Epoll Server IO #3/DEBUG] [net.minecraftforge.network.HandshakeHandler/FMLHANDSHAKE]: Received acknowledgement from client
[16Feb2026 17:56:54.130] [Netty Epoll Server IO #3/DEBUG] [net.minecraftforge.network.LoginWrapper/FMLHANDSHAKE]: Recieved login wrapper packet event for channel fml:handshake with index 11
[16Feb2026 17:56:54.130] [Netty Epoll Server IO #3/DEBUG] [net.minecraftforge.network.HandshakeHandler/FMLHANDSHAKE]: Received client indexed reply 11 of type net.minecraftforge.network.HandshakeMessages$C2SAcknowledge
[16Feb2026 17:56:54.130] [Netty Epoll Server IO #3/DEBUG] [net.minecraftforge.network.HandshakeHandler/FMLHANDSHAKE]: Received acknowledgement from client
[16Feb2026 17:56:54.150] [Server thread/DEBUG] [net.minecraftforge.network.HandshakeHandler/FMLHANDSHAKE]: Sending ticking packet info 'Registry minecraft:block' to 'fml:handshake' sequence 13
[16Feb2026 17:56:54.183] [Netty Epoll Server IO #3/DEBUG] [net.minecraftforge.network.LoginWrapper/FMLHANDSHAKE]: Recieved login wrapper packet event for channel fml:handshake with index 12
[16Feb2026 17:56:54.183] [Netty Epoll Server IO #3/DEBUG] [net.minecraftforge.network.HandshakeHandler/FMLHANDSHAKE]: Received client indexed reply 12 of type net.minecraftforge.network.HandshakeMessages$C2SAcknowledge
[16Feb2026 17:56:54.183] [Netty Epoll Server IO #3/DEBUG] [net.minecraftforge.network.HandshakeHandler/FMLHANDSHAKE]: Received acknowledgement from client
[16Feb2026 17:56:54.198] [Server thread/DEBUG] [net.minecraftforge.network.HandshakeHandler/FMLHANDSHAKE]: Sending ticking packet info 'Registry forge:entity_data_serializers' to 'fml:handshake' sequence 14
[16Feb2026 17:56:54.241] [Netty Epoll Server IO #3/DEBUG] [net.minecraftforge.network.LoginWrapper/FMLHANDSHAKE]: Recieved login wrapper packet event for channel fml:handshake with index 13
[16Feb2026 17:56:54.241] [Netty Epoll Server IO #3/DEBUG] [net.minecraftforge.network.HandshakeHandler/FMLHANDSHAKE]: Received client indexed reply 13 of type net.minecraftforge.network.HandshakeMessages$C2SAcknowledge
[16Feb2026 17:56:54.241] [Netty Epoll Server IO #3/DEBUG] [net.minecraftforge.network.HandshakeHandler/FMLHANDSHAKE]: Received acknowledgement from client
[16Feb2026 17:56:54.247] [Server thread/DEBUG] [net.minecraftforge.network.HandshakeHandler/FMLHANDSHAKE]: Sending ticking packet info 'Registry minecraft:mob_effect' to 'fml:handshake' sequence 15
[16Feb2026 17:56:54.282] [Netty Epoll Server IO #3/DEBUG] [net.minecraftforge.network.LoginWrapper/FMLHANDSHAKE]: Recieved login wrapper packet event for channel fml:handshake with index 14
[16Feb2026 17:56:54.282] [Netty Epoll Server IO #3/DEBUG] [net.minecraftforge.network.HandshakeHandler/FMLHANDSHAKE]: Received client indexed reply 14 of type net.minecraftforge.network.HandshakeMessages$C2SAcknowledge
[16Feb2026 17:56:54.282] [Netty Epoll Server IO #3/DEBUG] [net.minecraftforge.network.HandshakeHandler/FMLHANDSHAKE]: Received acknowledgement from client
[16Feb2026 17:56:54.296] [Server thread/DEBUG] [net.minecraftforge.network.HandshakeHandler/FMLHANDSHAKE]: Sending ticking packet info 'Registry minecraft:stat_type' to 'fml:handshake' sequence 16
[16Feb2026 17:56:54.333] [Netty Epoll Server IO #3/DEBUG] [net.minecraftforge.network.LoginWrapper/FMLHANDSHAKE]: Recieved login wrapper packet event for channel fml:handshake with index 15
[16Feb2026 17:56:54.333] [Netty Epoll Server IO #3/DEBUG] [net.minecraftforge.network.HandshakeHandler/FMLHANDSHAKE]: Received client indexed reply 15 of type net.minecraftforge.network.HandshakeMessages$C2SAcknowledge
[16Feb2026 17:56:54.333] [Netty Epoll Server IO #3/DEBUG] [net.minecraftforge.network.HandshakeHandler/FMLHANDSHAKE]: Received acknowledgement from client
[16Feb2026 17:56:54.346] [Server thread/DEBUG] [net.minecraftforge.network.HandshakeHandler/FMLHANDSHAKE]: Sending ticking packet info 'Registry minecraft:menu' to 'fml:handshake' sequence 17
[16Feb2026 17:56:54.380] [Netty Epoll Server IO #3/DEBUG] [net.minecraftforge.network.LoginWrapper/FMLHANDSHAKE]: Recieved login wrapper packet event for channel fml:handshake with index 16
[16Feb2026 17:56:54.380] [Netty Epoll Server IO #3/DEBUG] [net.minecraftforge.network.HandshakeHandler/FMLHANDSHAKE]: Received client indexed reply 16 of type net.minecraftforge.network.HandshakeMessages$C2SAcknowledge
[16Feb2026 17:56:54.380] [Netty Epoll Server IO #3/DEBUG] [net.minecraftforge.network.HandshakeHandler/FMLHANDSHAKE]: Received acknowledgement from client
[16Feb2026 17:56:54.398] [Server thread/DEBUG] [net.minecraftforge.network.HandshakeHandler/FMLHANDSHAKE]: Sending ticking packet info 'Registry minecraft:enchantment' to 'fml:handshake' sequence 18
[16Feb2026 17:56:54.430] [Netty Epoll Server IO #3/DEBUG] [net.minecraftforge.network.LoginWrapper/FMLHANDSHAKE]: Recieved login wrapper packet event for channel fml:handshake with index 17
[16Feb2026 17:56:54.430] [Netty Epoll Server IO #3/DEBUG] [net.minecraftforge.network.HandshakeHandler/FMLHANDSHAKE]: Received client indexed reply 17 of type net.minecraftforge.network.HandshakeMessages$C2SAcknowledge
[16Feb2026 17:56:54.430] [Netty Epoll Server IO #3/DEBUG] [net.minecraftforge.network.HandshakeHandler/FMLHANDSHAKE]: Received acknowledgement from client
[16Feb2026 17:56:54.446] [Server thread/DEBUG] [net.minecraftforge.network.HandshakeHandler/FMLHANDSHAKE]: Sending ticking packet info 'Registry minecraft:fluid' to 'fml:handshake' sequence 19
[16Feb2026 17:56:54.497] [Server thread/DEBUG] [net.minecraftforge.network.HandshakeHandler/FMLHANDSHAKE]: Sending ticking packet info 'Registry minecraft:entity_type' to 'fml:handshake' sequence 20
[16Feb2026 17:56:54.546] [Server thread/DEBUG] [net.minecraftforge.network.HandshakeHandler/FMLHANDSHAKE]: Sending ticking packet info 'Config journeymap-server.toml' to 'fml:handshake' sequence 21
[16Feb2026 17:56:54.596] [Server thread/DEBUG] [net.minecraftforge.network.HandshakeHandler/FMLHANDSHAKE]: Sending ticking packet info 'Config curios-server.toml' to 'fml:handshake' sequence 22
[16Feb2026 17:56:54.627] [Netty Epoll Server IO #3/DEBUG] [net.minecraftforge.network.LoginWrapper/FMLHANDSHAKE]: Recieved login wrapper packet event for channel fml:handshake with index 18
[16Feb2026 17:56:54.627] [Netty Epoll Server IO #3/DEBUG] [net.minecraftforge.network.HandshakeHandler/FMLHANDSHAKE]: Received client indexed reply 18 of type net.minecraftforge.network.HandshakeMessages$C2SAcknowledge
[16Feb2026 17:56:54.628] [Netty Epoll Server IO #3/DEBUG] [net.minecraftforge.network.HandshakeHandler/FMLHANDSHAKE]: Received acknowledgement from client
[16Feb2026 17:56:54.628] [Netty Epoll Server IO #3/DEBUG] [net.minecraftforge.network.LoginWrapper/FMLHANDSHAKE]: Recieved login wrapper packet event for channel fml:handshake with index 19
[16Feb2026 17:56:54.628] [Netty Epoll Server IO #3/DEBUG] [net.minecraftforge.network.HandshakeHandler/FMLHANDSHAKE]: Received client indexed reply 19 of type net.minecraftforge.network.HandshakeMessages$C2SAcknowledge
[16Feb2026 17:56:54.628] [Netty Epoll Server IO #3/DEBUG] [net.minecraftforge.network.HandshakeHandler/FMLHANDSHAKE]: Received acknowledgement from client
[16Feb2026 17:56:54.647] [Server thread/DEBUG] [net.minecraftforge.network.HandshakeHandler/FMLHANDSHAKE]: Sending ticking packet info 'Config jei-server.toml' to 'fml:handshake' sequence 23
[16Feb2026 17:56:54.696] [Server thread/DEBUG] [net.minecraftforge.network.HandshakeHandler/FMLHANDSHAKE]: Sending ticking packet info 'Config beautify-server.toml' to 'fml:handshake' sequence 24
[16Feb2026 17:56:54.747] [Server thread/DEBUG] [net.minecraftforge.network.HandshakeHandler/FMLHANDSHAKE]: Sending ticking packet info 'Config forge-server.toml' to 'fml:handshake' sequence 25
[16Feb2026 17:56:55.114] [Netty Epoll Server IO #3/DEBUG] [net.minecraftforge.network.LoginWrapper/FMLHANDSHAKE]: Recieved login wrapper packet event for channel fml:handshake with index 20
[16Feb2026 17:56:55.114] [Netty Epoll Server IO #3/DEBUG] [net.minecraftforge.network.HandshakeHandler/FMLHANDSHAKE]: Received client indexed reply 20 of type net.minecraftforge.network.HandshakeMessages$C2SAcknowledge
[16Feb2026 17:56:55.114] [Netty Epoll Server IO #3/DEBUG] [net.minecraftforge.network.HandshakeHandler/FMLHANDSHAKE]: Received acknowledgement from client
[16Feb2026 17:56:55.116] [Netty Epoll Server IO #3/DEBUG] [net.minecraftforge.network.LoginWrapper/FMLHANDSHAKE]: Recieved login wrapper packet event for channel fml:handshake with index 21
[16Feb2026 17:56:55.116] [Netty Epoll Server IO #3/DEBUG] [net.minecraftforge.network.HandshakeHandler/FMLHANDSHAKE]: Received client indexed reply 21 of type net.minecraftforge.network.HandshakeMessages$C2SAcknowledge
[16Feb2026 17:56:55.117] [Netty Epoll Server IO #3/DEBUG] [net.minecraftforge.network.HandshakeHandler/FMLHANDSHAKE]: Received acknowledgement from client
[16Feb2026 17:56:55.117] [Netty Epoll Server IO #3/DEBUG] [net.minecraftforge.network.LoginWrapper/FMLHANDSHAKE]: Recieved login wrapper packet event for channel fml:handshake with index 22
[16Feb2026 17:56:55.117] [Netty Epoll Server IO #3/DEBUG] [net.minecraftforge.network.HandshakeHandler/FMLHANDSHAKE]: Received client indexed reply 22 of type net.minecraftforge.network.HandshakeMessages$C2SAcknowledge
[16Feb2026 17:56:55.117] [Netty Epoll Server IO #3/DEBUG] [net.minecraftforge.network.HandshakeHandler/FMLHANDSHAKE]: Received acknowledgement from client
[16Feb2026 17:56:55.117] [Netty Epoll Server IO #3/DEBUG] [net.minecraftforge.network.LoginWrapper/FMLHANDSHAKE]: Recieved login wrapper packet event for channel fml:handshake with index 23
[16Feb2026 17:56:55.117] [Netty Epoll Server IO #3/DEBUG] [net.minecraftforge.network.HandshakeHandler/FMLHANDSHAKE]: Received client indexed reply 23 of type net.minecraftforge.network.HandshakeMessages$C2SAcknowledge
[16Feb2026 17:56:55.117] [Netty Epoll Server IO #3/DEBUG] [net.minecraftforge.network.HandshakeHandler/FMLHANDSHAKE]: Received acknowledgement from client
[16Feb2026 17:56:55.118] [Netty Epoll Server IO #3/DEBUG] [net.minecraftforge.network.LoginWrapper/FMLHANDSHAKE]: Recieved login wrapper packet event for channel fml:handshake with index 24
[16Feb2026 17:56:55.118] [Netty Epoll Server IO #3/DEBUG] [net.minecraftforge.network.HandshakeHandler/FMLHANDSHAKE]: Received client indexed reply 24 of type net.minecraftforge.network.HandshakeMessages$C2SAcknowledge
[16Feb2026 17:56:55.118] [Netty Epoll Server IO #3/DEBUG] [net.minecraftforge.network.HandshakeHandler/FMLHANDSHAKE]: Received acknowledgement from client
[16Feb2026 17:56:55.118] [Netty Epoll Server IO #3/DEBUG] [net.minecraftforge.network.LoginWrapper/FMLHANDSHAKE]: Recieved login wrapper packet event for channel fml:handshake with index 25
[16Feb2026 17:56:55.118] [Netty Epoll Server IO #3/DEBUG] [net.minecraftforge.network.HandshakeHandler/FMLHANDSHAKE]: Received client indexed reply 25 of type net.minecraftforge.network.HandshakeMessages$C2SAcknowledge
[16Feb2026 17:56:55.118] [Netty Epoll Server IO #3/DEBUG] [net.minecraftforge.network.HandshakeHandler/FMLHANDSHAKE]: Received acknowledgement from client
[16Feb2026 17:56:55.148] [Server thread/DEBUG] [net.minecraftforge.network.HandshakeHandler/FMLHANDSHAKE]: Handshake complete!
[16Feb2026 17:56:55.210] [Server thread/INFO] [net.minecraft.server.players.PlayerList/]: Amorger2[/10.147.18.56:64474] logged in with entity id 13569 at (1936.6247701494672, 175.0, -4859.754035266176)
[16Feb2026 17:56:55.210] [Server thread/DEBUG] [net.minecraftforge.network.filters.NetworkFilters/]: Injected net.minecraftforge.network.filters.ForgeConnectionNetworkFilter@51ee1654 into net.minecraft.network.Connection@7971e612
[16Feb2026 17:56:55.253] [Server thread/INFO] [net.minecraft.server.MinecraftServer/]: Amorger2 joined the game
[16Feb2026 17:56:55.258] [Server thread/DEBUG] [FTB Teams/]: player f4d898ac-81ff-3a5f-8dfd-7b46bc2b0971 logged in, player team = Amorger2#f4d898ac
[16Feb2026 17:56:55.258] [Server thread/DEBUG] [FTB Teams/]: syncing player team data, all = false
[16Feb2026 17:56:55.266] [Server thread/DEBUG] [FTB Teams/]: updating team presence
[16Feb2026 17:56:55.267] [Server thread/DEBUG] [FTB Teams/]: sending team login event for f4d898ac-81ff-3a5f-8dfd-7b46bc2b0971...
[16Feb2026 17:56:55.267] [Server thread/DEBUG] [FTB Quests/]: Wrote 585 bytes, 0 objects
[16Feb2026 17:56:55.267] [Server thread/DEBUG] [FTB Teams/]: team login event for f4d898ac-81ff-3a5f-8dfd-7b46bc2b0971 sent
[16Feb2026 17:56:55.268] [Server thread/INFO] [Jade/]: Syncing config to Amorger2 (f4d898ac-81ff-3a5f-8dfd-7b46bc2b0971)
[16Feb2026 17:57:02.890] [Server thread/DEBUG] [com.cobblemon.mod.common.Cobblemon/]: Serializing 2 Pokémon stores.
[16Feb2026 17:57:02.890] [Server thread/DEBUG] [com.cobblemon.mod.common.Cobblemon/]: Queueing save.
[16Feb2026 17:57:02.892] [pool-4-thread-1/DEBUG] [com.cobblemon.mod.common.Cobblemon/]: Saved 2 Pokémon stores.
[16Feb2026 17:57:32.940] [Server thread/DEBUG] [com.cobblemon.mod.common.Cobblemon/]: Serializing 1 Pokémon stores.
[16Feb2026 17:57:32.940] [Server thread/DEBUG] [com.cobblemon.mod.common.Cobblemon/]: Queueing save.
[16Feb2026 17:57:32.941] [pool-4-thread-1/DEBUG] [com.cobblemon.mod.common.Cobblemon/]: Saved 1 Pokémon stores.
[16Feb2026 17:58:02.990] [Server thread/DEBUG] [com.cobblemon.mod.common.Cobblemon/]: Serializing 1 Pokémon stores.
[16Feb2026 17:58:02.990] [Server thread/DEBUG] [com.cobblemon.mod.common.Cobblemon/]: Queueing save.
[16Feb2026 17:58:02.991] [pool-4-thread-1/DEBUG] [com.cobblemon.mod.common.Cobblemon/]: Saved 1 Pokémon stores.
[16Feb2026 17:58:16.051] [Server thread/INFO] [com.cobblemon.mod.common.Cobblemon/]: No battle could be found with the id: 665281ae-b97d-4dcb-b31e-0cdf297ba2ea
[16Feb2026 17:58:16.052] [Server thread/INFO] [com.cobblemon.mod.common.Cobblemon/]: No battle could be found with the id: 665281ae-b97d-4dcb-b31e-0cdf297ba2ea
[16Feb2026 17:58:27.070] [Server thread/DEBUG] [net.minecraftforge.common.ForgeHooks/WP]: Gathering id map for writing to world save world
[16Feb2026 17:58:27.077] [Server thread/DEBUG] [net.minecraftforge.common.ForgeHooks/WP]: ID Map collection complete world
[16Feb2026 17:58:33.040] [Server thread/DEBUG] [com.cobblemon.mod.common.Cobblemon/]: Serializing 2 Pokémon stores.
[16Feb2026 17:58:33.040] [Server thread/DEBUG] [com.cobblemon.mod.common.Cobblemon/]: Queueing save.
[16Feb2026 17:58:33.042] [pool-4-thread-1/DEBUG] [com.cobblemon.mod.common.Cobblemon/]: Saved 2 Pokémon stores.
[16Feb2026 17:59:03.090] [Server thread/DEBUG] [com.cobblemon.mod.common.Cobblemon/]: Serializing 2 Pokémon stores.
[16Feb2026 17:59:03.090] [Server thread/DEBUG] [com.cobblemon.mod.common.Cobblemon/]: Queueing save.
[16Feb2026 17:59:03.092] [pool-4-thread-1/DEBUG] [com.cobblemon.mod.common.Cobblemon/]: Saved 2 Pokémon stores.
[16Feb2026 17:59:33.140] [Server thread/DEBUG] [com.cobblemon.mod.common.Cobblemon/]: Serializing 2 Pokémon stores.
[16Feb2026 17:59:33.140] [Server thread/DEBUG] [com.cobblemon.mod.common.Cobblemon/]: Queueing save.
[16Feb2026 17:59:33.142] [pool-4-thread-1/DEBUG] [com.cobblemon.mod.common.Cobblemon/]: Saved 2 Pokémon stores.
[16Feb2026 18:00:03.190] [Server thread/DEBUG] [com.cobblemon.mod.common.Cobblemon/]: Serializing 2 Pokémon stores.
[16Feb2026 18:00:03.191] [Server thread/DEBUG] [com.cobblemon.mod.common.Cobblemon/]: Queueing save.
[16Feb2026 18:00:03.192] [pool-4-thread-1/DEBUG] [com.cobblemon.mod.common.Cobblemon/]: Saved 2 Pokémon stores.
[16Feb2026 18:00:33.240] [Server thread/DEBUG] [com.cobblemon.mod.common.Cobblemon/]: Serializing 2 Pokémon stores.
[16Feb2026 18:00:33.240] [Server thread/DEBUG] [com.cobblemon.mod.common.Cobblemon/]: Queueing save.
[16Feb2026 18:00:33.242] [pool-4-thread-1/DEBUG] [com.cobblemon.mod.common.Cobblemon/]: Saved 2 Pokémon stores.
[16Feb2026 18:00:53.851] [Server thread/INFO] [net.minecraft.server.commands.LocateCommand/]: Locating element #cobblemon:evolution/vivillon_tundra (biomesoplenty:coniferous_forest) took 2 ms
[16Feb2026 18:01:03.290] [Server thread/DEBUG] [com.cobblemon.mod.common.Cobblemon/]: Serializing 2 Pokémon stores.
[16Feb2026 18:01:03.290] [Server thread/DEBUG] [com.cobblemon.mod.common.Cobblemon/]: Queueing save.
[16Feb2026 18:01:03.292] [pool-4-thread-1/DEBUG] [com.cobblemon.mod.common.Cobblemon/]: Saved 2 Pokémon stores.
[16Feb2026 18:01:14.351] [Server thread/INFO] [com.cobblemon.mod.common.Cobblemon/]: No battle could be found with the id: 3fa0cb3c-ddca-40ab-b63c-aeec58f1c165
[16Feb2026 18:01:14.351] [Server thread/INFO] [com.cobblemon.mod.common.Cobblemon/]: No battle could be found with the id: 3fa0cb3c-ddca-40ab-b63c-aeec58f1c165
[16Feb2026 18:01:16.853] [Server thread/INFO] [net.minecraft.server.MinecraftServer/]: [Amorger2: Teleported Amorger2 to 1969.500000, 116.000000, -5023.500000]
[16Feb2026 18:01:22.640] [Server thread/INFO] [net.minecraft.server.MinecraftServer/]: [Dortodoloncio: Fully healed Dortodoloncio's party.]
[16Feb2026 18:01:33.340] [Server thread/DEBUG] [com.cobblemon.mod.common.Cobblemon/]: Serializing 2 Pokémon stores.
[16Feb2026 18:01:33.340] [Server thread/DEBUG] [com.cobblemon.mod.common.Cobblemon/]: Queueing save.
[16Feb2026 18:01:33.342] [pool-4-thread-1/DEBUG] [com.cobblemon.mod.common.Cobblemon/]: Saved 2 Pokémon stores.
[16Feb2026 18:01:57.746] [Server thread/INFO] [net.minecraft.server.commands.LocateCommand/]: Locating element minecraft:swamp took 408 ms
[16Feb2026 18:02:03.390] [Server thread/DEBUG] [com.cobblemon.mod.common.Cobblemon/]: Serializing 0 Pokémon stores.
[16Feb2026 18:02:03.390] [Server thread/DEBUG] [com.cobblemon.mod.common.Cobblemon/]: Queueing save.
[16Feb2026 18:02:03.390] [pool-4-thread-1/DEBUG] [com.cobblemon.mod.common.Cobblemon/]: Saved 0 Pokémon stores.
[16Feb2026 18:02:21.818] [Server thread/INFO] [net.minecraft.server.MinecraftServer/]: [Amorger2: Teleported Amorger2 to 814.500000, 63.000000, -6173.500000]
[16Feb2026 18:02:33.440] [Server thread/DEBUG] [com.cobblemon.mod.common.Cobblemon/]: Serializing 1 Pokémon stores.
[16Feb2026 18:02:33.440] [Server thread/DEBUG] [com.cobblemon.mod.common.Cobblemon/]: Queueing save.
[16Feb2026 18:02:33.444] [pool-4-thread-1/DEBUG] [com.cobblemon.mod.common.Cobblemon/]: Saved 1 Pokémon stores.
[16Feb2026 18:02:50.059] [Server thread/WARN] [net.minecraft.world.level.chunk.LevelChunk/]: Tried to load a block entity for block Block{cobblemon:pc}[facing=north,on=false,part=top,waterlogged=false] but failed at location BlockPos{x=852, y=65, z=-6366}
[16Feb2026 18:02:54.549] [Server thread/WARN] [net.minecraft.world.level.chunk.LevelChunk/]: Tried to load a block entity for block Block{cobblemon:pc}[facing=south,on=false,part=top,waterlogged=false] but failed at location BlockPos{x=876, y=96, z=-5986}
[16Feb2026 18:03:03.495] [Server thread/DEBUG] [com.cobblemon.mod.common.Cobblemon/]: Serializing 1 Pokémon stores.
[16Feb2026 18:03:03.495] [Server thread/DEBUG] [com.cobblemon.mod.common.Cobblemon/]: Queueing save.
[16Feb2026 18:03:03.497] [pool-4-thread-1/DEBUG] [com.cobblemon.mod.common.Cobblemon/]: Saved 1 Pokémon stores.
[16Feb2026 18:03:27.074] [Server thread/DEBUG] [net.minecraftforge.common.ForgeHooks/WP]: Gathering id map for writing to world save world
[16Feb2026 18:03:27.084] [Server thread/DEBUG] [net.minecraftforge.common.ForgeHooks/WP]: ID Map collection complete world
[16Feb2026 18:03:33.540] [Server thread/DEBUG] [com.cobblemon.mod.common.Cobblemon/]: Serializing 0 Pokémon stores.
[16Feb2026 18:03:33.540] [Server thread/DEBUG] [com.cobblemon.mod.common.Cobblemon/]: Queueing save.
[16Feb2026 18:03:33.540] [pool-4-thread-1/DEBUG] [com.cobblemon.mod.common.Cobblemon/]: Saved 0 Pokémon stores.
[16Feb2026 18:04:03.590] [Server thread/DEBUG] [com.cobblemon.mod.common.Cobblemon/]: Serializing 0 Pokémon stores.
[16Feb2026 18:04:03.590] [Server thread/DEBUG] [com.cobblemon.mod.common.Cobblemon/]: Queueing save.
[16Feb2026 18:04:03.591] [pool-4-thread-1/DEBUG] [com.cobblemon.mod.common.Cobblemon/]: Saved 0 Pokémon stores.
[16Feb2026 18:04:29.101] [Server thread/WARN] [net.minecraft.world.level.chunk.LevelChunk/]: Tried to load a block entity for block Block{cobblemon:pc}[facing=east,on=false,part=top,waterlogged=false] but failed at location BlockPos{x=1262, y=64, z=-6364}
[16Feb2026 18:04:33.640] [Server thread/DEBUG] [com.cobblemon.mod.common.Cobblemon/]: Serializing 0 Pokémon stores.
[16Feb2026 18:04:33.640] [Server thread/DEBUG] [com.cobblemon.mod.common.Cobblemon/]: Queueing save.
[16Feb2026 18:04:33.640] [pool-4-thread-1/DEBUG] [com.cobblemon.mod.common.Cobblemon/]: Saved 0 Pokémon stores.
[16Feb2026 18:04:59.826] [Server thread/INFO] [net.minecraft.server.commands.LocateCommand/]: Locating element minecraft:swamp took 0 ms
[16Feb2026 18:05:03.690] [Server thread/DEBUG] [com.cobblemon.mod.common.Cobblemon/]: Serializing 1 Pokémon stores.
[16Feb2026 18:05:03.690] [Server thread/DEBUG] [com.cobblemon.mod.common.Cobblemon/]: Queueing save.
[16Feb2026 18:05:03.691] [pool-4-thread-1/DEBUG] [com.cobblemon.mod.common.Cobblemon/]: Saved 1 Pokémon stores.
[16Feb2026 18:05:05.305] [Server thread/INFO] [net.minecraft.server.MinecraftServer/]: [Amorger2: Teleported Amorger2 to 1078.500000, 71.000000, -6277.500000]
[16Feb2026 18:05:33.740] [Server thread/DEBUG] [com.cobblemon.mod.common.Cobblemon/]: Serializing 0 Pokémon stores.
[16Feb2026 18:05:33.740] [Server thread/DEBUG] [com.cobblemon.mod.common.Cobblemon/]: Queueing save.
[16Feb2026 18:05:33.740] [pool-4-thread-1/DEBUG] [com.cobblemon.mod.common.Cobblemon/]: Saved 0 Pokémon stores.
[16Feb2026 18:05:39.414] [Server thread/DEBUG] [Cobbledex/]: Saving 70 entries to /workspaces/RPG_minecraft/servidor_minecraft/./world/./cobbledex-coop.json
[16Feb2026 18:06:03.790] [Server thread/DEBUG] [com.cobblemon.mod.common.Cobblemon/]: Serializing 2 Pokémon stores.
[16Feb2026 18:06:03.790] [Server thread/DEBUG] [com.cobblemon.mod.common.Cobblemon/]: Queueing save.
[16Feb2026 18:06:03.792] [pool-4-thread-1/DEBUG] [com.cobblemon.mod.common.Cobblemon/]: Saved 2 Pokémon stores.
[16Feb2026 18:06:09.261] [Server thread/INFO] [net.minecraft.server.commands.LocateCommand/]: Locating element minecraft:badlands took 2731 ms
[16Feb2026 18:06:09.261] [Server thread/WARN] [net.minecraft.server.MinecraftServer/]: Can't keep up! Is the server overloaded? Running 2721ms or 54 ticks behind
[16Feb2026 18:06:09.282] [Server thread/WARN] [net.minecraft.server.network.ServerGamePacketListenerImpl/]: Dortodoloncio moved too quickly! 9.8717079722378,-0.1621414210269876,-2.730843574557184
[16Feb2026 18:06:17.272] [Server thread/INFO] [net.minecraft.server.MinecraftServer/]: [Amorger2: Teleported Amorger2 to 4022.500000, 70.000000, -9286.500000]
[16Feb2026 18:06:31.151] [Server thread/WARN] [net.minecraft.world.level.chunk.LevelChunk/]: Tried to load a block entity for block Block{cobblemon:pc}[facing=north,on=false,part=top,waterlogged=false] but failed at location BlockPos{x=3988, y=68, z=-9182}
[16Feb2026 18:06:36.542] [Server thread/DEBUG] [com.cobblemon.mod.common.Cobblemon/]: Serializing 1 Pokémon stores.
[16Feb2026 18:06:36.546] [Server thread/DEBUG] [com.cobblemon.mod.common.Cobblemon/]: Queueing save.
[16Feb2026 18:06:36.548] [pool-4-thread-1/DEBUG] [com.cobblemon.mod.common.Cobblemon/]: Saved 1 Pokémon stores.
[16Feb2026 18:06:42.929] [Worker-Main-10/WARN] [net.minecraft.world.level.levelgen.structure.pools.JigsawPlacement/]: Empty or non-existent pool: minecraft:
[16Feb2026 18:07:06.590] [Server thread/DEBUG] [com.cobblemon.mod.common.Cobblemon/]: Serializing 0 Pokémon stores.
[16Feb2026 18:07:06.590] [Server thread/DEBUG] [com.cobblemon.mod.common.Cobblemon/]: Queueing save.
[16Feb2026 18:07:06.590] [pool-4-thread-1/DEBUG] [com.cobblemon.mod.common.Cobblemon/]: Saved 0 Pokémon stores.
[16Feb2026 18:07:32.295] [Server thread/WARN] [net.minecraft.world.level.chunk.LevelChunk/]: Tried to load a block entity for block Block{cobblemon:pc}[facing=south,on=false,part=top,waterlogged=false] but failed at location BlockPos{x=4012, y=81, z=-9554}
[16Feb2026 18:07:36.678] [Server thread/DEBUG] [com.cobblemon.mod.common.Cobblemon/]: Serializing 0 Pokémon stores.
[16Feb2026 18:07:36.678] [Server thread/DEBUG] [com.cobblemon.mod.common.Cobblemon/]: Queueing save.
[16Feb2026 18:07:36.769] [pool-4-thread-1/DEBUG] [com.cobblemon.mod.common.Cobblemon/]: Saved 0 Pokémon stores.
[16Feb2026 18:08:06.690] [Server thread/DEBUG] [com.cobblemon.mod.common.Cobblemon/]: Serializing 0 Pokémon stores.
[16Feb2026 18:08:06.690] [Server thread/DEBUG] [com.cobblemon.mod.common.Cobblemon/]: Queueing save.
[16Feb2026 18:08:06.690] [pool-4-thread-1/DEBUG] [com.cobblemon.mod.common.Cobblemon/]: Saved 0 Pokémon stores.
[16Feb2026 18:08:29.774] [Server thread/DEBUG] [net.minecraftforge.common.ForgeHooks/WP]: Gathering id map for writing to world save world
[16Feb2026 18:08:29.781] [Server thread/DEBUG] [net.minecraftforge.common.ForgeHooks/WP]: ID Map collection complete world
[16Feb2026 18:08:36.740] [Server thread/DEBUG] [com.cobblemon.mod.common.Cobblemon/]: Serializing 0 Pokémon stores.
[16Feb2026 18:08:36.740] [Server thread/DEBUG] [com.cobblemon.mod.common.Cobblemon/]: Queueing save.
[16Feb2026 18:08:36.740] [pool-4-thread-1/DEBUG] [com.cobblemon.mod.common.Cobblemon/]: Saved 0 Pokémon stores.
[16Feb2026 18:09:06.790] [Server thread/DEBUG] [com.cobblemon.mod.common.Cobblemon/]: Serializing 0 Pokémon stores.
[16Feb2026 18:09:06.790] [Server thread/DEBUG] [com.cobblemon.mod.common.Cobblemon/]: Queueing save.
[16Feb2026 18:09:06.790] [pool-4-thread-1/DEBUG] [com.cobblemon.mod.common.Cobblemon/]: Saved 0 Pokémon stores.
[16Feb2026 18:09:36.234] [Server thread/INFO] [net.minecraft.server.commands.LocateCommand/]: Locating element minecraft:swamp took 1751 ms
[16Feb2026 18:09:36.840] [Server thread/DEBUG] [com.cobblemon.mod.common.Cobblemon/]: Serializing 0 Pokémon stores.
[16Feb2026 18:09:36.840] [Server thread/DEBUG] [com.cobblemon.mod.common.Cobblemon/]: Queueing save.
[16Feb2026 18:09:36.840] [pool-4-thread-1/DEBUG] [com.cobblemon.mod.common.Cobblemon/]: Saved 0 Pokémon stores.
[16Feb2026 18:09:45.252] [Server thread/INFO] [net.minecraft.server.MinecraftServer/]: [Amorger2: Teleported Amorger2 to 1410.500000, 95.000000, -7488.500000]
[16Feb2026 18:09:45.252] [Server thread/WARN] [net.minecraft.server.MinecraftServer/]: Can't keep up! Is the server overloaded? Running 2662ms or 53 ticks behind
[16Feb2026 18:09:45.291] [Server thread/WARN] [net.minecraft.server.network.ServerGamePacketListenerImpl/]: Amorger2 moved too quickly! 0.0,-10.806526110008988,0.0
[16Feb2026 18:10:04.499] [Server thread/WARN] [net.minecraft.world.level.chunk.LevelChunk/]: Tried to load a block entity for block Block{cobblemon:pc}[facing=west,on=false,part=top,waterlogged=false] but failed at location BlockPos{x=1266, y=64, z=-7540}
[16Feb2026 18:10:09.565] [Server thread/DEBUG] [com.cobblemon.mod.common.Cobblemon/]: Serializing 0 Pokémon stores.
[16Feb2026 18:10:09.565] [Server thread/DEBUG] [com.cobblemon.mod.common.Cobblemon/]: Queueing save.
[16Feb2026 18:10:09.567] [pool-4-thread-1/DEBUG] [com.cobblemon.mod.common.Cobblemon/]: Saved 0 Pokémon stores.
[16Feb2026 18:10:36.202] [Server thread/WARN] [net.minecraft.server.MinecraftServer/]: Can't keep up! Is the server overloaded? Running 2412ms or 48 ticks behind
[16Feb2026 18:10:36.213] [Server thread/INFO] [net.minecraft.server.network.ServerGamePacketListenerImpl/]: Amorger2 lost connection: Disconnected
[16Feb2026 18:10:36.213] [Server thread/INFO] [net.minecraft.server.MinecraftServer/]: Amorger2 left the game
[16Feb2026 18:10:36.224] [Server thread/WARN] [net.minecraft.server.network.ServerGamePacketListenerImpl/]: Dortodoloncio moved too quickly! 5.467513251416904,0.32909161606769644,8.455602198944462
[16Feb2026 18:10:37.376] [Netty Epoll Server IO #4/DEBUG] [net.minecraftforge.network.HandshakeHandler/FMLHANDSHAKE]: Starting new modded impl connection. Found 26 messages to dispatch.
[16Feb2026 18:10:37.399] [Server thread/DEBUG] [net.minecraftforge.network.HandshakeHandler/FMLHANDSHAKE]: Sending ticking packet info 'net.minecraftforge.network.HandshakeMessages$S2CModData' to 'fml:handshake' sequence 0
[16Feb2026 18:10:37.448] [Server thread/DEBUG] [net.minecraftforge.network.HandshakeHandler/FMLHANDSHAKE]: Sending ticking packet info 'net.minecraftforge.network.HandshakeMessages$S2CModList' to 'fml:handshake' sequence 1
[16Feb2026 18:10:37.498] [Server thread/DEBUG] [net.minecraftforge.network.HandshakeHandler/FMLHANDSHAKE]: Sending ticking packet info 'Registry minecraft:command_argument_type' to 'fml:handshake' sequence 2
[16Feb2026 18:10:37.551] [Server thread/DEBUG] [net.minecraftforge.network.HandshakeHandler/FMLHANDSHAKE]: Sending ticking packet info 'Registry minecraft:recipe_serializer' to 'fml:handshake' sequence 3
[16Feb2026 18:10:37.599] [Server thread/DEBUG] [net.minecraftforge.network.HandshakeHandler/FMLHANDSHAKE]: Sending ticking packet info 'Registry minecraft:sound_event' to 'fml:handshake' sequence 4
[16Feb2026 18:10:37.649] [Server thread/DEBUG] [net.minecraftforge.network.HandshakeHandler/FMLHANDSHAKE]: Sending ticking packet info 'Registry minecraft:particle_type' to 'fml:handshake' sequence 5
[16Feb2026 18:10:37.699] [Server thread/DEBUG] [net.minecraftforge.network.HandshakeHandler/FMLHANDSHAKE]: Sending ticking packet info 'Registry minecraft:villager_profession' to 'fml:handshake' sequence 6
[16Feb2026 18:10:37.747] [Server thread/DEBUG] [net.minecraftforge.network.HandshakeHandler/FMLHANDSHAKE]: Sending ticking packet info 'Registry minecraft:item' to 'fml:handshake' sequence 7
[16Feb2026 18:10:37.798] [Server thread/DEBUG] [net.minecraftforge.network.HandshakeHandler/FMLHANDSHAKE]: Sending ticking packet info 'Registry minecraft:potion' to 'fml:handshake' sequence 8
[16Feb2026 18:10:37.850] [Server thread/DEBUG] [net.minecraftforge.network.HandshakeHandler/FMLHANDSHAKE]: Sending ticking packet info 'Registry minecraft:painting_variant' to 'fml:handshake' sequence 9
[16Feb2026 18:10:37.900] [Server thread/DEBUG] [net.minecraftforge.network.HandshakeHandler/FMLHANDSHAKE]: Sending ticking packet info 'Registry forge:fluid_type' to 'fml:handshake' sequence 10
[16Feb2026 18:10:37.947] [Server thread/DEBUG] [net.minecraftforge.network.HandshakeHandler/FMLHANDSHAKE]: Sending ticking packet info 'Registry minecraft:block_entity_type' to 'fml:handshake' sequence 11
[16Feb2026 18:10:37.999] [Server thread/DEBUG] [net.minecraftforge.network.HandshakeHandler/FMLHANDSHAKE]: Sending ticking packet info 'Registry forge:display_contexts' to 'fml:handshake' sequence 12
[16Feb2026 18:10:38.049] [Server thread/DEBUG] [net.minecraftforge.network.HandshakeHandler/FMLHANDSHAKE]: Sending ticking packet info 'Registry minecraft:block' to 'fml:handshake' sequence 13
[16Feb2026 18:10:38.098] [Server thread/DEBUG] [net.minecraftforge.network.HandshakeHandler/FMLHANDSHAKE]: Sending ticking packet info 'Registry forge:entity_data_serializers' to 'fml:handshake' sequence 14
[16Feb2026 18:10:38.148] [Server thread/DEBUG] [net.minecraftforge.network.HandshakeHandler/FMLHANDSHAKE]: Sending ticking packet info 'Registry minecraft:mob_effect' to 'fml:handshake' sequence 15
[16Feb2026 18:10:38.199] [Server thread/DEBUG] [net.minecraftforge.network.HandshakeHandler/FMLHANDSHAKE]: Sending ticking packet info 'Registry minecraft:stat_type' to 'fml:handshake' sequence 16
[16Feb2026 18:10:38.249] [Server thread/DEBUG] [net.minecraftforge.network.HandshakeHandler/FMLHANDSHAKE]: Sending ticking packet info 'Registry minecraft:menu' to 'fml:handshake' sequence 17
[16Feb2026 18:10:38.298] [Server thread/DEBUG] [net.minecraftforge.network.HandshakeHandler/FMLHANDSHAKE]: Sending ticking packet info 'Registry minecraft:enchantment' to 'fml:handshake' sequence 18
[16Feb2026 18:10:38.348] [Server thread/DEBUG] [net.minecraftforge.network.HandshakeHandler/FMLHANDSHAKE]: Sending ticking packet info 'Registry minecraft:fluid' to 'fml:handshake' sequence 19
[16Feb2026 18:10:38.399] [Server thread/DEBUG] [net.minecraftforge.network.HandshakeHandler/FMLHANDSHAKE]: Sending ticking packet info 'Registry minecraft:entity_type' to 'fml:handshake' sequence 20
[16Feb2026 18:10:38.448] [Server thread/DEBUG] [net.minecraftforge.network.HandshakeHandler/FMLHANDSHAKE]: Sending ticking packet info 'Config journeymap-server.toml' to 'fml:handshake' sequence 21
[16Feb2026 18:10:38.499] [Server thread/DEBUG] [net.minecraftforge.network.HandshakeHandler/FMLHANDSHAKE]: Sending ticking packet info 'Config curios-server.toml' to 'fml:handshake' sequence 22
[16Feb2026 18:10:38.549] [Server thread/DEBUG] [net.minecraftforge.network.HandshakeHandler/FMLHANDSHAKE]: Sending ticking packet info 'Config jei-server.toml' to 'fml:handshake' sequence 23
[16Feb2026 18:10:38.598] [Server thread/DEBUG] [net.minecraftforge.network.HandshakeHandler/FMLHANDSHAKE]: Sending ticking packet info 'Config beautify-server.toml' to 'fml:handshake' sequence 24
[16Feb2026 18:10:38.647] [Server thread/DEBUG] [net.minecraftforge.network.HandshakeHandler/FMLHANDSHAKE]: Sending ticking packet info 'Config forge-server.toml' to 'fml:handshake' sequence 25
[16Feb2026 18:10:41.990] [Server thread/DEBUG] [com.cobblemon.mod.common.Cobblemon/]: Serializing 0 Pokémon stores.
[16Feb2026 18:10:41.990] [Server thread/DEBUG] [com.cobblemon.mod.common.Cobblemon/]: Queueing save.
[16Feb2026 18:10:41.990] [pool-4-thread-1/DEBUG] [com.cobblemon.mod.common.Cobblemon/]: Saved 0 Pokémon stores.
[16Feb2026 18:10:55.051] [Server thread/INFO] [net.minecraft.server.network.ServerLoginPacketListenerImpl/]: com.mojang.authlib.GameProfile@2659c1df[id=<null>,name=Amorger2,properties={},legacy=false] (/10.147.18.56:55824) lost connection: Disconnected
[16Feb2026 18:10:59.944] [Netty Epoll Server IO #7/DEBUG] [net.minecraftforge.network.HandshakeHandler/FMLHANDSHAKE]: Starting new modded impl connection. Found 26 messages to dispatch.
[16Feb2026 18:10:59.947] [Server thread/DEBUG] [net.minecraftforge.network.HandshakeHandler/FMLHANDSHAKE]: Sending ticking packet info 'net.minecraftforge.network.HandshakeMessages$S2CModData' to 'fml:handshake' sequence 0
[16Feb2026 18:10:59.998] [Server thread/DEBUG] [net.minecraftforge.network.HandshakeHandler/FMLHANDSHAKE]: Sending ticking packet info 'net.minecraftforge.network.HandshakeMessages$S2CModList' to 'fml:handshake' sequence 1
[16Feb2026 18:11:00.046] [Server thread/DEBUG] [net.minecraftforge.network.HandshakeHandler/FMLHANDSHAKE]: Sending ticking packet info 'Registry minecraft:command_argument_type' to 'fml:handshake' sequence 2
[16Feb2026 18:11:00.083] [Netty Epoll Server IO #7/DEBUG] [net.minecraftforge.network.LoginWrapper/FMLHANDSHAKE]: Recieved login wrapper packet event for channel fml:handshake with index 1
[16Feb2026 18:11:00.083] [Netty Epoll Server IO #7/DEBUG] [net.minecraftforge.network.HandshakeHandler/FMLHANDSHAKE]: Received client indexed reply 1 of type net.minecraftforge.network.HandshakeMessages$C2SModListReply
[16Feb2026 18:11:00.083] [Netty Epoll Server IO #7/DEBUG] [net.minecraftforge.network.HandshakeHandler/FMLHANDSHAKE]: Received client connection with modlist [fossiltweaks, beautify, jei, cobblemon_quests, cobbled_counter, journeymap, citadel, tmtcop, glitchcore, cobblemonoutbreaks, midnightlib, spawn_notification, unimplemented_items, gravels_extended_battles, cameraoverhaul, cloth_config, forge, athena, cobblemon_alatia, minecraft, simple_cobblemon_kit, terrablender, betterbeds, cobblemonintegrations, cobblemontrainers, simpletms, biomesoplenty, jade, mr_eggs_cobblemonaddon, kotlinforforge, curios, patchouli, capture_xp, megamons, cobblemon, cobbledex, cobblepedia, fightorflight, architectury, cobgyms, ftblibrary, ftbteams, ftbquests, cobblemore_lib, cobblemon_poke_labs, cobblemon_simple_center, cobblemonmegas, cobblemonrider, mythsandlegends, betterf3, unchained, cobbledollars]
[16Feb2026 18:11:00.083] [Netty Epoll Server IO #7/DEBUG] [net.minecraftforge.network.NetworkRegistry/NETREGISTRY]: Channel 'cobbledex:main' : Version test of '1' from client : ACCEPTED
[16Feb2026 18:11:00.083] [Netty Epoll Server IO #7/DEBUG] [net.minecraftforge.network.NetworkRegistry/NETREGISTRY]: Channel 'architectury:network' : Version test of '1' from client : ACCEPTED
[16Feb2026 18:11:00.083] [Netty Epoll Server IO #7/DEBUG] [net.minecraftforge.network.NetworkRegistry/NETREGISTRY]: Channel 'jei:channel' : Version test of '1.0.0' from client : ACCEPTED
[16Feb2026 18:11:00.083] [Netty Epoll Server IO #7/DEBUG] [net.minecraftforge.network.NetworkRegistry/NETREGISTRY]: Channel 'minecraft:unregister' : Version test of 'FML3' from client : ACCEPTED
[16Feb2026 18:11:00.083] [Netty Epoll Server IO #7/DEBUG] [net.minecraftforge.network.NetworkRegistry/NETREGISTRY]: Channel 'citadel:main_channel' : Version test of '1' from client : ACCEPTED
[16Feb2026 18:11:00.083] [Netty Epoll Server IO #7/DEBUG] [net.minecraftforge.network.NetworkRegistry/NETREGISTRY]: Channel 'cobblemonrider:network' : Version test of '1.0' from client : ACCEPTED
[16Feb2026 18:11:00.083] [Netty Epoll Server IO #7/DEBUG] [net.minecraftforge.network.NetworkRegistry/NETREGISTRY]: Channel 'journeymap:version' : Version test of '1' from client : ACCEPTED
[16Feb2026 18:11:00.083] [Netty Epoll Server IO #7/DEBUG] [net.minecraftforge.network.NetworkRegistry/NETREGISTRY]: Channel 'simple_cobblemon_kit:simple_cobblemon_kit' : Version test of '1' from client : ACCEPTED
[16Feb2026 18:11:00.084] [Netty Epoll Server IO #7/DEBUG] [net.minecraftforge.network.NetworkRegistry/NETREGISTRY]: Channel 'curios:main' : Version test of '1' from client : ACCEPTED
[16Feb2026 18:11:00.084] [Netty Epoll Server IO #7/DEBUG] [net.minecraftforge.network.NetworkRegistry/NETREGISTRY]: Channel 'worldinfo:world_id' : Version test of '1' from client : ACCEPTED
[16Feb2026 18:11:00.084] [Netty Epoll Server IO #7/DEBUG] [net.minecraftforge.network.NetworkRegistry/NETREGISTRY]: Channel 'journeymap:admin_req' : Version test of '1' from client : ACCEPTED
[16Feb2026 18:11:00.084] [Netty Epoll Server IO #7/DEBUG] [net.minecraftforge.network.NetworkRegistry/NETREGISTRY]: Channel 'journeymap:mp_options_req' : Version test of '1' from client : ACCEPTED
[16Feb2026 18:11:00.084] [Netty Epoll Server IO #7/DEBUG] [net.minecraftforge.network.NetworkRegistry/NETREGISTRY]: Channel 'journeymap:waypoint' : Version test of '1' from client : ACCEPTED
[16Feb2026 18:11:00.084] [Netty Epoll Server IO #7/DEBUG] [net.minecraftforge.network.NetworkRegistry/NETREGISTRY]: Channel 'fml:loginwrapper' : Version test of 'FML3' from client : ACCEPTED
[16Feb2026 18:11:00.084] [Netty Epoll Server IO #7/DEBUG] [net.minecraftforge.network.NetworkRegistry/NETREGISTRY]: Channel 'forge:tier_sorting' : Version test of '1.0' from client : ACCEPTED
[16Feb2026 18:11:00.084] [Netty Epoll Server IO #7/DEBUG] [net.minecraftforge.network.NetworkRegistry/NETREGISTRY]: Channel 'fml:play' : Version test of 'FML3' from client : ACCEPTED
[16Feb2026 18:11:00.084] [Netty Epoll Server IO #7/DEBUG] [net.minecraftforge.network.NetworkRegistry/NETREGISTRY]: Channel 'tmtcop:tmtcop' : Version test of '1' from client : ACCEPTED
[16Feb2026 18:11:00.084] [Netty Epoll Server IO #7/DEBUG] [net.minecraftforge.network.NetworkRegistry/NETREGISTRY]: Channel 'journeymap:player_loc' : Version test of '1' from client : ACCEPTED
[16Feb2026 18:11:00.084] [Netty Epoll Server IO #7/DEBUG] [net.minecraftforge.network.NetworkRegistry/NETREGISTRY]: Channel 'journeymap:admin_save' : Version test of '1' from client : ACCEPTED
[16Feb2026 18:11:00.084] [Netty Epoll Server IO #7/DEBUG] [net.minecraftforge.network.NetworkRegistry/NETREGISTRY]: Channel 'patchouli:main' : Version test of '1' from client : ACCEPTED
[16Feb2026 18:11:00.084] [Netty Epoll Server IO #7/DEBUG] [net.minecraftforge.network.NetworkRegistry/NETREGISTRY]: Channel 'journeymap:teleport_req' : Version test of '1' from client : ACCEPTED
[16Feb2026 18:11:00.084] [Netty Epoll Server IO #7/DEBUG] [net.minecraftforge.network.NetworkRegistry/NETREGISTRY]: Channel 'fml:handshake' : Version test of 'FML3' from client : ACCEPTED
[16Feb2026 18:11:00.084] [Netty Epoll Server IO #7/DEBUG] [net.minecraftforge.network.NetworkRegistry/NETREGISTRY]: Channel 'journeymap:common' : Version test of '1' from client : ACCEPTED
[16Feb2026 18:11:00.084] [Netty Epoll Server IO #7/DEBUG] [net.minecraftforge.network.NetworkRegistry/NETREGISTRY]: Channel 'cobblemonintegrations:main' : Version test of '1' from client : ACCEPTED
[16Feb2026 18:11:00.084] [Netty Epoll Server IO #7/DEBUG] [net.minecraftforge.network.NetworkRegistry/NETREGISTRY]: Channel 'minecraft:register' : Version test of 'FML3' from client : ACCEPTED
[16Feb2026 18:11:00.084] [Netty Epoll Server IO #7/DEBUG] [net.minecraftforge.network.NetworkRegistry/NETREGISTRY]: Channel 'cobblemon:main' : Version test of '1' from client : ACCEPTED
[16Feb2026 18:11:00.084] [Netty Epoll Server IO #7/DEBUG] [net.minecraftforge.network.NetworkRegistry/NETREGISTRY]: Channel 'forge:split' : Version test of '1.1' from client : ACCEPTED
[16Feb2026 18:11:00.084] [Netty Epoll Server IO #7/DEBUG] [net.minecraftforge.network.NetworkRegistry/NETREGISTRY]: Channel 'journeymap:perm_req' : Version test of '1' from client : ACCEPTED
[16Feb2026 18:11:00.084] [Netty Epoll Server IO #7/DEBUG] [net.minecraftforge.network.NetworkRegistry/NETREGISTRY]: Channel 'simpletms:main' : Version test of '1' from client : ACCEPTED
[16Feb2026 18:11:00.084] [Netty Epoll Server IO #7/DEBUG] [net.minecraftforge.network.NetworkRegistry/NETREGISTRY]: Channel 'jade:networking' : Version test of '2' from client : ACCEPTED
[16Feb2026 18:11:00.084] [Netty Epoll Server IO #7/DEBUG] [net.minecraftforge.network.NetworkRegistry/NETREGISTRY]: Accepting channel list from client
[16Feb2026 18:11:00.084] [Netty Epoll Server IO #7/DEBUG] [net.minecraftforge.network.HandshakeHandler/FMLHANDSHAKE]: Accepted client connection mod list
[16Feb2026 18:11:00.096] [Server thread/DEBUG] [net.minecraftforge.network.HandshakeHandler/FMLHANDSHAKE]: Sending ticking packet info 'Registry minecraft:recipe_serializer' to 'fml:handshake' sequence 3
[16Feb2026 18:11:00.129] [Netty Epoll Server IO #7/DEBUG] [net.minecraftforge.network.LoginWrapper/FMLHANDSHAKE]: Recieved login wrapper packet event for channel fml:handshake with index 2
[16Feb2026 18:11:00.129] [Netty Epoll Server IO #7/DEBUG] [net.minecraftforge.network.HandshakeHandler/FMLHANDSHAKE]: Received client indexed reply 2 of type net.minecraftforge.network.HandshakeMessages$C2SAcknowledge
[16Feb2026 18:11:00.129] [Netty Epoll Server IO #7/DEBUG] [net.minecraftforge.network.HandshakeHandler/FMLHANDSHAKE]: Received acknowledgement from client
[16Feb2026 18:11:00.146] [Server thread/DEBUG] [net.minecraftforge.network.HandshakeHandler/FMLHANDSHAKE]: Sending ticking packet info 'Registry minecraft:sound_event' to 'fml:handshake' sequence 4
[16Feb2026 18:11:00.180] [Netty Epoll Server IO #7/DEBUG] [net.minecraftforge.network.LoginWrapper/FMLHANDSHAKE]: Recieved login wrapper packet event for channel fml:handshake with index 3
[16Feb2026 18:11:00.180] [Netty Epoll Server IO #7/DEBUG] [net.minecraftforge.network.HandshakeHandler/FMLHANDSHAKE]: Received client indexed reply 3 of type net.minecraftforge.network.HandshakeMessages$C2SAcknowledge
[16Feb2026 18:11:00.180] [Netty Epoll Server IO #7/DEBUG] [net.minecraftforge.network.HandshakeHandler/FMLHANDSHAKE]: Received acknowledgement from client
[16Feb2026 18:11:00.196] [Server thread/DEBUG] [net.minecraftforge.network.HandshakeHandler/FMLHANDSHAKE]: Sending ticking packet info 'Registry minecraft:particle_type' to 'fml:handshake' sequence 5
[16Feb2026 18:11:00.254] [Server thread/DEBUG] [net.minecraftforge.network.HandshakeHandler/FMLHANDSHAKE]: Sending ticking packet info 'Registry minecraft:villager_profession' to 'fml:handshake' sequence 6
[16Feb2026 18:11:00.296] [Server thread/DEBUG] [net.minecraftforge.network.HandshakeHandler/FMLHANDSHAKE]: Sending ticking packet info 'Registry minecraft:item' to 'fml:handshake' sequence 7
[16Feb2026 18:11:00.345] [Server thread/DEBUG] [net.minecraftforge.network.HandshakeHandler/FMLHANDSHAKE]: Sending ticking packet info 'Registry minecraft:potion' to 'fml:handshake' sequence 8
[16Feb2026 18:11:00.397] [Server thread/DEBUG] [net.minecraftforge.network.HandshakeHandler/FMLHANDSHAKE]: Sending ticking packet info 'Registry minecraft:painting_variant' to 'fml:handshake' sequence 9
[16Feb2026 18:11:00.412] [Netty Epoll Server IO #7/DEBUG] [net.minecraftforge.network.LoginWrapper/FMLHANDSHAKE]: Recieved login wrapper packet event for channel fml:handshake with index 4
[16Feb2026 18:11:00.413] [Netty Epoll Server IO #7/DEBUG] [net.minecraftforge.network.HandshakeHandler/FMLHANDSHAKE]: Received client indexed reply 4 of type net.minecraftforge.network.HandshakeMessages$C2SAcknowledge
[16Feb2026 18:11:00.413] [Netty Epoll Server IO #7/DEBUG] [net.minecraftforge.network.HandshakeHandler/FMLHANDSHAKE]: Received acknowledgement from client
[16Feb2026 18:11:00.413] [Netty Epoll Server IO #7/DEBUG] [net.minecraftforge.network.LoginWrapper/FMLHANDSHAKE]: Recieved login wrapper packet event for channel fml:handshake with index 5
[16Feb2026 18:11:00.413] [Netty Epoll Server IO #7/DEBUG] [net.minecraftforge.network.HandshakeHandler/FMLHANDSHAKE]: Received client indexed reply 5 of type net.minecraftforge.network.HandshakeMessages$C2SAcknowledge
[16Feb2026 18:11:00.413] [Netty Epoll Server IO #7/DEBUG] [net.minecraftforge.network.HandshakeHandler/FMLHANDSHAKE]: Received acknowledgement from client
[16Feb2026 18:11:00.413] [Netty Epoll Server IO #7/DEBUG] [net.minecraftforge.network.LoginWrapper/FMLHANDSHAKE]: Recieved login wrapper packet event for channel fml:handshake with index 6
[16Feb2026 18:11:00.413] [Netty Epoll Server IO #7/DEBUG] [net.minecraftforge.network.HandshakeHandler/FMLHANDSHAKE]: Received client indexed reply 6 of type net.minecraftforge.network.HandshakeMessages$C2SAcknowledge
[16Feb2026 18:11:00.413] [Netty Epoll Server IO #7/DEBUG] [net.minecraftforge.network.HandshakeHandler/FMLHANDSHAKE]: Received acknowledgement from client
[16Feb2026 18:11:00.447] [Server thread/DEBUG] [net.minecraftforge.network.HandshakeHandler/FMLHANDSHAKE]: Sending ticking packet info 'Registry forge:fluid_type' to 'fml:handshake' sequence 10
[16Feb2026 18:11:00.495] [Server thread/DEBUG] [net.minecraftforge.network.HandshakeHandler/FMLHANDSHAKE]: Sending ticking packet info 'Registry minecraft:block_entity_type' to 'fml:handshake' sequence 11
[16Feb2026 18:11:00.544] [Server thread/DEBUG] [net.minecraftforge.network.HandshakeHandler/FMLHANDSHAKE]: Sending ticking packet info 'Registry forge:display_contexts' to 'fml:handshake' sequence 12
[16Feb2026 18:11:00.597] [Server thread/DEBUG] [net.minecraftforge.network.HandshakeHandler/FMLHANDSHAKE]: Sending ticking packet info 'Registry minecraft:block' to 'fml:handshake' sequence 13
[16Feb2026 18:11:00.645] [Server thread/DEBUG] [net.minecraftforge.network.HandshakeHandler/FMLHANDSHAKE]: Sending ticking packet info 'Registry forge:entity_data_serializers' to 'fml:handshake' sequence 14
[16Feb2026 18:11:00.671] [Netty Epoll Server IO #7/DEBUG] [net.minecraftforge.network.LoginWrapper/FMLHANDSHAKE]: Recieved login wrapper packet event for channel fml:handshake with index 7
[16Feb2026 18:11:00.671] [Netty Epoll Server IO #7/DEBUG] [net.minecraftforge.network.HandshakeHandler/FMLHANDSHAKE]: Received client indexed reply 7 of type net.minecraftforge.network.HandshakeMessages$C2SAcknowledge
[16Feb2026 18:11:00.671] [Netty Epoll Server IO #7/DEBUG] [net.minecraftforge.network.HandshakeHandler/FMLHANDSHAKE]: Received acknowledgement from client
[16Feb2026 18:11:00.672] [Netty Epoll Server IO #7/DEBUG] [net.minecraftforge.network.LoginWrapper/FMLHANDSHAKE]: Recieved login wrapper packet event for channel fml:handshake with index 8
[16Feb2026 18:11:00.672] [Netty Epoll Server IO #7/DEBUG] [net.minecraftforge.network.HandshakeHandler/FMLHANDSHAKE]: Received client indexed reply 8 of type net.minecraftforge.network.HandshakeMessages$C2SAcknowledge
[16Feb2026 18:11:00.672] [Netty Epoll Server IO #7/DEBUG] [net.minecraftforge.network.HandshakeHandler/FMLHANDSHAKE]: Received acknowledgement from client
[16Feb2026 18:11:00.672] [Netty Epoll Server IO #7/DEBUG] [net.minecraftforge.network.LoginWrapper/FMLHANDSHAKE]: Recieved login wrapper packet event for channel fml:handshake with index 9
[16Feb2026 18:11:00.672] [Netty Epoll Server IO #7/DEBUG] [net.minecraftforge.network.HandshakeHandler/FMLHANDSHAKE]: Received client indexed reply 9 of type net.minecraftforge.network.HandshakeMessages$C2SAcknowledge
[16Feb2026 18:11:00.672] [Netty Epoll Server IO #7/DEBUG] [net.minecraftforge.network.HandshakeHandler/FMLHANDSHAKE]: Received acknowledgement from client
[16Feb2026 18:11:00.672] [Netty Epoll Server IO #7/DEBUG] [net.minecraftforge.network.LoginWrapper/FMLHANDSHAKE]: Recieved login wrapper packet event for channel fml:handshake with index 10
[16Feb2026 18:11:00.672] [Netty Epoll Server IO #7/DEBUG] [net.minecraftforge.network.HandshakeHandler/FMLHANDSHAKE]: Received client indexed reply 10 of type net.minecraftforge.network.HandshakeMessages$C2SAcknowledge
[16Feb2026 18:11:00.672] [Netty Epoll Server IO #7/DEBUG] [net.minecraftforge.network.HandshakeHandler/FMLHANDSHAKE]: Received acknowledgement from client
[16Feb2026 18:11:00.673] [Netty Epoll Server IO #7/DEBUG] [net.minecraftforge.network.LoginWrapper/FMLHANDSHAKE]: Recieved login wrapper packet event for channel fml:handshake with index 11
[16Feb2026 18:11:00.673] [Netty Epoll Server IO #7/DEBUG] [net.minecraftforge.network.HandshakeHandler/FMLHANDSHAKE]: Received client indexed reply 11 of type net.minecraftforge.network.HandshakeMessages$C2SAcknowledge
[16Feb2026 18:11:00.673] [Netty Epoll Server IO #7/DEBUG] [net.minecraftforge.network.HandshakeHandler/FMLHANDSHAKE]: Received acknowledgement from client
[16Feb2026 18:11:00.673] [Netty Epoll Server IO #7/DEBUG] [net.minecraftforge.network.LoginWrapper/FMLHANDSHAKE]: Recieved login wrapper packet event for channel fml:handshake with index 12
[16Feb2026 18:11:00.673] [Netty Epoll Server IO #7/DEBUG] [net.minecraftforge.network.HandshakeHandler/FMLHANDSHAKE]: Received client indexed reply 12 of type net.minecraftforge.network.HandshakeMessages$C2SAcknowledge
[16Feb2026 18:11:00.673] [Netty Epoll Server IO #7/DEBUG] [net.minecraftforge.network.HandshakeHandler/FMLHANDSHAKE]: Received acknowledgement from client
[16Feb2026 18:11:00.699] [Server thread/DEBUG] [net.minecraftforge.network.HandshakeHandler/FMLHANDSHAKE]: Sending ticking packet info 'Registry minecraft:mob_effect' to 'fml:handshake' sequence 15
[16Feb2026 18:11:00.748] [Server thread/DEBUG] [net.minecraftforge.network.HandshakeHandler/FMLHANDSHAKE]: Sending ticking packet info 'Registry minecraft:stat_type' to 'fml:handshake' sequence 16
[16Feb2026 18:11:00.798] [Server thread/DEBUG] [net.minecraftforge.network.HandshakeHandler/FMLHANDSHAKE]: Sending ticking packet info 'Registry minecraft:menu' to 'fml:handshake' sequence 17
[16Feb2026 18:11:00.846] [Server thread/DEBUG] [net.minecraftforge.network.HandshakeHandler/FMLHANDSHAKE]: Sending ticking packet info 'Registry minecraft:enchantment' to 'fml:handshake' sequence 18
[16Feb2026 18:11:00.895] [Server thread/DEBUG] [net.minecraftforge.network.HandshakeHandler/FMLHANDSHAKE]: Sending ticking packet info 'Registry minecraft:fluid' to 'fml:handshake' sequence 19
[16Feb2026 18:11:00.939] [Netty Epoll Server IO #7/DEBUG] [net.minecraftforge.network.LoginWrapper/FMLHANDSHAKE]: Recieved login wrapper packet event for channel fml:handshake with index 13
[16Feb2026 18:11:00.939] [Netty Epoll Server IO #7/DEBUG] [net.minecraftforge.network.HandshakeHandler/FMLHANDSHAKE]: Received client indexed reply 13 of type net.minecraftforge.network.HandshakeMessages$C2SAcknowledge
[16Feb2026 18:11:00.939] [Netty Epoll Server IO #7/DEBUG] [net.minecraftforge.network.HandshakeHandler/FMLHANDSHAKE]: Received acknowledgement from client
[16Feb2026 18:11:00.939] [Netty Epoll Server IO #7/DEBUG] [net.minecraftforge.network.LoginWrapper/FMLHANDSHAKE]: Recieved login wrapper packet event for channel fml:handshake with index 14
[16Feb2026 18:11:00.939] [Netty Epoll Server IO #7/DEBUG] [net.minecraftforge.network.HandshakeHandler/FMLHANDSHAKE]: Received client indexed reply 14 of type net.minecraftforge.network.HandshakeMessages$C2SAcknowledge
[16Feb2026 18:11:00.939] [Netty Epoll Server IO #7/DEBUG] [net.minecraftforge.network.HandshakeHandler/FMLHANDSHAKE]: Received acknowledgement from client
[16Feb2026 18:11:00.939] [Netty Epoll Server IO #7/DEBUG] [net.minecraftforge.network.LoginWrapper/FMLHANDSHAKE]: Recieved login wrapper packet event for channel fml:handshake with index 15
[16Feb2026 18:11:00.939] [Netty Epoll Server IO #7/DEBUG] [net.minecraftforge.network.HandshakeHandler/FMLHANDSHAKE]: Received client indexed reply 15 of type net.minecraftforge.network.HandshakeMessages$C2SAcknowledge
[16Feb2026 18:11:00.939] [Netty Epoll Server IO #7/DEBUG] [net.minecraftforge.network.HandshakeHandler/FMLHANDSHAKE]: Received acknowledgement from client
[16Feb2026 18:11:00.939] [Netty Epoll Server IO #7/DEBUG] [net.minecraftforge.network.LoginWrapper/FMLHANDSHAKE]: Recieved login wrapper packet event for channel fml:handshake with index 16
[16Feb2026 18:11:00.939] [Netty Epoll Server IO #7/DEBUG] [net.minecraftforge.network.HandshakeHandler/FMLHANDSHAKE]: Received client indexed reply 16 of type net.minecraftforge.network.HandshakeMessages$C2SAcknowledge
[16Feb2026 18:11:00.939] [Netty Epoll Server IO #7/DEBUG] [net.minecraftforge.network.HandshakeHandler/FMLHANDSHAKE]: Received acknowledgement from client
[16Feb2026 18:11:00.939] [Netty Epoll Server IO #7/DEBUG] [net.minecraftforge.network.LoginWrapper/FMLHANDSHAKE]: Recieved login wrapper packet event for channel fml:handshake with index 17
[16Feb2026 18:11:00.939] [Netty Epoll Server IO #7/DEBUG] [net.minecraftforge.network.HandshakeHandler/FMLHANDSHAKE]: Received client indexed reply 17 of type net.minecraftforge.network.HandshakeMessages$C2SAcknowledge
[16Feb2026 18:11:00.939] [Netty Epoll Server IO #7/DEBUG] [net.minecraftforge.network.HandshakeHandler/FMLHANDSHAKE]: Received acknowledgement from client
[16Feb2026 18:11:00.945] [Server thread/DEBUG] [net.minecraftforge.network.HandshakeHandler/FMLHANDSHAKE]: Sending ticking packet info 'Registry minecraft:entity_type' to 'fml:handshake' sequence 20
[16Feb2026 18:11:00.980] [Netty Epoll Server IO #7/DEBUG] [net.minecraftforge.network.LoginWrapper/FMLHANDSHAKE]: Recieved login wrapper packet event for channel fml:handshake with index 18
[16Feb2026 18:11:00.980] [Netty Epoll Server IO #7/DEBUG] [net.minecraftforge.network.HandshakeHandler/FMLHANDSHAKE]: Received client indexed reply 18 of type net.minecraftforge.network.HandshakeMessages$C2SAcknowledge
[16Feb2026 18:11:00.980] [Netty Epoll Server IO #7/DEBUG] [net.minecraftforge.network.HandshakeHandler/FMLHANDSHAKE]: Received acknowledgement from client
[16Feb2026 18:11:00.995] [Server thread/DEBUG] [net.minecraftforge.network.HandshakeHandler/FMLHANDSHAKE]: Sending ticking packet info 'Config journeymap-server.toml' to 'fml:handshake' sequence 21
[16Feb2026 18:11:01.021] [Netty Epoll Server IO #7/DEBUG] [net.minecraftforge.network.LoginWrapper/FMLHANDSHAKE]: Recieved login wrapper packet event for channel fml:handshake with index 19
[16Feb2026 18:11:01.022] [Netty Epoll Server IO #7/DEBUG] [net.minecraftforge.network.HandshakeHandler/FMLHANDSHAKE]: Received client indexed reply 19 of type net.minecraftforge.network.HandshakeMessages$C2SAcknowledge
[16Feb2026 18:11:01.022] [Netty Epoll Server IO #7/DEBUG] [net.minecraftforge.network.HandshakeHandler/FMLHANDSHAKE]: Received acknowledgement from client
[16Feb2026 18:11:01.045] [Server thread/DEBUG] [net.minecraftforge.network.HandshakeHandler/FMLHANDSHAKE]: Sending ticking packet info 'Config curios-server.toml' to 'fml:handshake' sequence 22
[16Feb2026 18:11:01.095] [Server thread/DEBUG] [net.minecraftforge.network.HandshakeHandler/FMLHANDSHAKE]: Sending ticking packet info 'Config jei-server.toml' to 'fml:handshake' sequence 23
[16Feb2026 18:11:01.145] [Server thread/DEBUG] [net.minecraftforge.network.HandshakeHandler/FMLHANDSHAKE]: Sending ticking packet info 'Config beautify-server.toml' to 'fml:handshake' sequence 24
[16Feb2026 18:11:01.195] [Server thread/DEBUG] [net.minecraftforge.network.HandshakeHandler/FMLHANDSHAKE]: Sending ticking packet info 'Config forge-server.toml' to 'fml:handshake' sequence 25
[16Feb2026 18:11:01.548] [Netty Epoll Server IO #7/DEBUG] [net.minecraftforge.network.LoginWrapper/FMLHANDSHAKE]: Recieved login wrapper packet event for channel fml:handshake with index 20
[16Feb2026 18:11:01.549] [Netty Epoll Server IO #7/DEBUG] [net.minecraftforge.network.HandshakeHandler/FMLHANDSHAKE]: Received client indexed reply 20 of type net.minecraftforge.network.HandshakeMessages$C2SAcknowledge
[16Feb2026 18:11:01.549] [Netty Epoll Server IO #7/DEBUG] [net.minecraftforge.network.HandshakeHandler/FMLHANDSHAKE]: Received acknowledgement from client
[16Feb2026 18:11:01.551] [Netty Epoll Server IO #7/DEBUG] [net.minecraftforge.network.LoginWrapper/FMLHANDSHAKE]: Recieved login wrapper packet event for channel fml:handshake with index 21
[16Feb2026 18:11:01.551] [Netty Epoll Server IO #7/DEBUG] [net.minecraftforge.network.HandshakeHandler/FMLHANDSHAKE]: Received client indexed reply 21 of type net.minecraftforge.network.HandshakeMessages$C2SAcknowledge
[16Feb2026 18:11:01.551] [Netty Epoll Server IO #7/DEBUG] [net.minecraftforge.network.HandshakeHandler/FMLHANDSHAKE]: Received acknowledgement from client
[16Feb2026 18:11:01.552] [Netty Epoll Server IO #7/DEBUG] [net.minecraftforge.network.LoginWrapper/FMLHANDSHAKE]: Recieved login wrapper packet event for channel fml:handshake with index 22
[16Feb2026 18:11:01.552] [Netty Epoll Server IO #7/DEBUG] [net.minecraftforge.network.HandshakeHandler/FMLHANDSHAKE]: Received client indexed reply 22 of type net.minecraftforge.network.HandshakeMessages$C2SAcknowledge
[16Feb2026 18:11:01.552] [Netty Epoll Server IO #7/DEBUG] [net.minecraftforge.network.HandshakeHandler/FMLHANDSHAKE]: Received acknowledgement from client
[16Feb2026 18:11:01.552] [Netty Epoll Server IO #7/DEBUG] [net.minecraftforge.network.LoginWrapper/FMLHANDSHAKE]: Recieved login wrapper packet event for channel fml:handshake with index 23
[16Feb2026 18:11:01.552] [Netty Epoll Server IO #7/DEBUG] [net.minecraftforge.network.HandshakeHandler/FMLHANDSHAKE]: Received client indexed reply 23 of type net.minecraftforge.network.HandshakeMessages$C2SAcknowledge
[16Feb2026 18:11:01.552] [Netty Epoll Server IO #7/DEBUG] [net.minecraftforge.network.HandshakeHandler/FMLHANDSHAKE]: Received acknowledgement from client
[16Feb2026 18:11:01.552] [Netty Epoll Server IO #7/DEBUG] [net.minecraftforge.network.LoginWrapper/FMLHANDSHAKE]: Recieved login wrapper packet event for channel fml:handshake with index 24
[16Feb2026 18:11:01.553] [Netty Epoll Server IO #7/DEBUG] [net.minecraftforge.network.HandshakeHandler/FMLHANDSHAKE]: Received client indexed reply 24 of type net.minecraftforge.network.HandshakeMessages$C2SAcknowledge
[16Feb2026 18:11:01.553] [Netty Epoll Server IO #7/DEBUG] [net.minecraftforge.network.HandshakeHandler/FMLHANDSHAKE]: Received acknowledgement from client
[16Feb2026 18:11:01.553] [Netty Epoll Server IO #7/DEBUG] [net.minecraftforge.network.LoginWrapper/FMLHANDSHAKE]: Recieved login wrapper packet event for channel fml:handshake with index 25
[16Feb2026 18:11:01.553] [Netty Epoll Server IO #7/DEBUG] [net.minecraftforge.network.HandshakeHandler/FMLHANDSHAKE]: Received client indexed reply 25 of type net.minecraftforge.network.HandshakeMessages$C2SAcknowledge
[16Feb2026 18:11:01.553] [Netty Epoll Server IO #7/DEBUG] [net.minecraftforge.network.HandshakeHandler/FMLHANDSHAKE]: Received acknowledgement from client
[16Feb2026 18:11:01.596] [Server thread/DEBUG] [net.minecraftforge.network.HandshakeHandler/FMLHANDSHAKE]: Handshake complete!
[16Feb2026 18:11:01.654] [Server thread/INFO] [net.minecraft.server.players.PlayerList/]: Amorger2[/10.147.18.56:55853] logged in with entity id 17802 at (-10607.5, 64.0, -4110.5)
[16Feb2026 18:11:01.654] [Server thread/DEBUG] [net.minecraftforge.network.filters.NetworkFilters/]: Injected net.minecraftforge.network.filters.ForgeConnectionNetworkFilter@1afcbcaf into net.minecraft.network.Connection@6888d0dd
[16Feb2026 18:11:01.688] [Server thread/INFO] [net.minecraft.server.MinecraftServer/]: Amorger2 joined the game
[16Feb2026 18:11:01.692] [Server thread/DEBUG] [FTB Teams/]: player f4d898ac-81ff-3a5f-8dfd-7b46bc2b0971 logged in, player team = Amorger2#f4d898ac
[16Feb2026 18:11:01.692] [Server thread/DEBUG] [FTB Teams/]: syncing player team data, all = false
[16Feb2026 18:11:01.699] [Server thread/DEBUG] [FTB Teams/]: updating team presence
[16Feb2026 18:11:01.699] [Server thread/DEBUG] [FTB Teams/]: sending team login event for f4d898ac-81ff-3a5f-8dfd-7b46bc2b0971...
[16Feb2026 18:11:01.699] [Server thread/DEBUG] [FTB Quests/]: Wrote 585 bytes, 0 objects
[16Feb2026 18:11:01.699] [Server thread/DEBUG] [FTB Teams/]: team login event for f4d898ac-81ff-3a5f-8dfd-7b46bc2b0971 sent
[16Feb2026 18:11:01.700] [Server thread/INFO] [Jade/]: Syncing config to Amorger2 (f4d898ac-81ff-3a5f-8dfd-7b46bc2b0971)
[16Feb2026 18:11:12.040] [Server thread/DEBUG] [com.cobblemon.mod.common.Cobblemon/]: Serializing 1 Pokémon stores.
[16Feb2026 18:11:12.040] [Server thread/DEBUG] [com.cobblemon.mod.common.Cobblemon/]: Queueing save.
[16Feb2026 18:11:12.041] [pool-4-thread-1/DEBUG] [com.cobblemon.mod.common.Cobblemon/]: Saved 1 Pokémon stores.
[16Feb2026 18:11:27.600] [Server thread/WARN] [net.minecraft.world.level.chunk.LevelChunk/]: Tried to load a block entity for block Block{cobblemon:pc}[facing=east,on=false,part=top,waterlogged=false] but failed at location BlockPos{x=-10754, y=109, z=-3964}
[16Feb2026 18:11:28.778] [Server thread/DEBUG] [Cobbledex/]: Saving 71 entries to /workspaces/RPG_minecraft/servidor_minecraft/./world/./cobbledex-coop.json
[16Feb2026 18:11:41.781] [Server thread/INFO] [net.minecraft.server.MinecraftServer/]: [Amorger2: Fully healed Amorger2's party.]
[16Feb2026 18:11:42.090] [Server thread/DEBUG] [com.cobblemon.mod.common.Cobblemon/]: Serializing 2 Pokémon stores.
[16Feb2026 18:11:42.091] [Server thread/DEBUG] [com.cobblemon.mod.common.Cobblemon/]: Queueing save.
[16Feb2026 18:11:42.093] [pool-4-thread-1/DEBUG] [com.cobblemon.mod.common.Cobblemon/]: Saved 2 Pokémon stores.
[16Feb2026 18:12:12.140] [Server thread/DEBUG] [com.cobblemon.mod.common.Cobblemon/]: Serializing 1 Pokémon stores.
[16Feb2026 18:12:12.140] [Server thread/DEBUG] [com.cobblemon.mod.common.Cobblemon/]: Queueing save.
[16Feb2026 18:12:12.142] [pool-4-thread-1/DEBUG] [com.cobblemon.mod.common.Cobblemon/]: Saved 1 Pokémon stores.
[16Feb2026 18:12:42.190] [Server thread/DEBUG] [com.cobblemon.mod.common.Cobblemon/]: Serializing 1 Pokémon stores.
[16Feb2026 18:12:42.190] [Server thread/DEBUG] [com.cobblemon.mod.common.Cobblemon/]: Queueing save.
[16Feb2026 18:12:42.191] [pool-4-thread-1/DEBUG] [com.cobblemon.mod.common.Cobblemon/]: Saved 1 Pokémon stores.
[16Feb2026 18:13:12.240] [Server thread/DEBUG] [com.cobblemon.mod.common.Cobblemon/]: Serializing 1 Pokémon stores.
[16Feb2026 18:13:12.240] [Server thread/DEBUG] [com.cobblemon.mod.common.Cobblemon/]: Queueing save.
[16Feb2026 18:13:12.241] [pool-4-thread-1/DEBUG] [com.cobblemon.mod.common.Cobblemon/]: Saved 1 Pokémon stores.
[16Feb2026 18:13:14.153] [Server thread/WARN] [net.minecraft.world.level.chunk.LevelChunk/]: Tried to load a block entity for block Block{cobblemon:pc}[facing=south,on=false,part=top,waterlogged=false] but failed at location BlockPos{x=-10772, y=64, z=-4354}
[16Feb2026 18:13:16.457] [Server thread/WARN] [net.minecraft.server.network.ServerGamePacketListenerImpl/]: Amorger2 moved too quickly! 5.639485913943645,-1.1661092609382138,-8.481483132371068
[16Feb2026 18:13:29.341] [Worker-Main-3/WARN] [net.minecraft.world.level.levelgen.structure.pools.JigsawPlacement/]: Empty or non-existent pool: minecraft:ruins/forest_ruins_gate
[16Feb2026 18:13:29.376] [Worker-Main-3/WARN] [net.minecraft.world.level.levelgen.structure.pools.JigsawPlacement/]: Empty or non-existent pool: minecraft:ruins/forest_ruins_gate
[16Feb2026 18:13:29.379] [Worker-Main-3/WARN] [net.minecraft.world.level.levelgen.structure.pools.JigsawPlacement/]: Empty or non-existent pool: minecraft:ruins/forest_ruins_gate
[16Feb2026 18:13:34.838] [Server thread/DEBUG] [net.minecraftforge.common.ForgeHooks/WP]: Gathering id map for writing to world save world
[16Feb2026 18:13:34.853] [Server thread/DEBUG] [net.minecraftforge.common.ForgeHooks/WP]: ID Map collection complete world
[16Feb2026 18:13:42.290] [Server thread/DEBUG] [com.cobblemon.mod.common.Cobblemon/]: Serializing 0 Pokémon stores.
[16Feb2026 18:13:42.290] [Server thread/DEBUG] [com.cobblemon.mod.common.Cobblemon/]: Queueing save.
[16Feb2026 18:13:42.291] [pool-4-thread-1/DEBUG] [com.cobblemon.mod.common.Cobblemon/]: Saved 0 Pokémon stores.
[16Feb2026 18:13:50.602] [Server thread/WARN] [net.minecraft.server.network.ServerGamePacketListenerImpl/]: Amorger2 was kicked for floating too long!
[16Feb2026 18:13:50.655] [Server thread/WARN] [net.minecraft.server.network.ServerGamePacketListenerImpl/]: Amorger2 was kicked for floating too long!
[16Feb2026 18:13:50.725] [Server thread/WARN] [net.minecraft.server.network.ServerGamePacketListenerImpl/]: Amorger2 was kicked for floating too long!
[16Feb2026 18:13:50.754] [Server thread/WARN] [net.minecraft.server.network.ServerGamePacketListenerImpl/]: Amorger2 was kicked for floating too long!
[16Feb2026 18:13:50.804] [Server thread/WARN] [net.minecraft.server.network.ServerGamePacketListenerImpl/]: Amorger2 was kicked for floating too long!
[16Feb2026 18:13:50.856] [Server thread/WARN] [net.minecraft.server.network.ServerGamePacketListenerImpl/]: Amorger2 was kicked for floating too long!
[16Feb2026 18:13:50.903] [Server thread/WARN] [net.minecraft.server.network.ServerGamePacketListenerImpl/]: Amorger2 was kicked for floating too long!
[16Feb2026 18:13:50.958] [Server thread/WARN] [net.minecraft.server.network.ServerGamePacketListenerImpl/]: Amorger2 was kicked for floating too long!
[16Feb2026 18:13:51.002] [Server thread/WARN] [net.minecraft.server.network.ServerGamePacketListenerImpl/]: Amorger2 was kicked for floating too long!
[16Feb2026 18:13:51.053] [Server thread/WARN] [net.minecraft.server.network.ServerGamePacketListenerImpl/]: Amorger2 was kicked for floating too long!
[16Feb2026 18:13:51.102] [Server thread/WARN] [net.minecraft.server.network.ServerGamePacketListenerImpl/]: Amorger2 was kicked for floating too long!
[16Feb2026 18:13:51.154] [Server thread/WARN] [net.minecraft.server.network.ServerGamePacketListenerImpl/]: Amorger2 was kicked for floating too long!
[16Feb2026 18:13:51.204] [Server thread/WARN] [net.minecraft.server.network.ServerGamePacketListenerImpl/]: Amorger2 was kicked for floating too long!
[16Feb2026 18:13:51.254] [Server thread/WARN] [net.minecraft.server.network.ServerGamePacketListenerImpl/]: Amorger2 was kicked for floating too long!
[16Feb2026 18:13:51.305] [Server thread/WARN] [net.minecraft.server.network.ServerGamePacketListenerImpl/]: Amorger2 was kicked for floating too long!
[16Feb2026 18:13:51.351] [Server thread/WARN] [net.minecraft.server.network.ServerGamePacketListenerImpl/]: Amorger2 was kicked for floating too long!
[16Feb2026 18:13:51.403] [Server thread/WARN] [net.minecraft.server.network.ServerGamePacketListenerImpl/]: Amorger2 was kicked for floating too long!
[16Feb2026 18:13:51.454] [Server thread/WARN] [net.minecraft.server.network.ServerGamePacketListenerImpl/]: Amorger2 was kicked for floating too long!
[16Feb2026 18:13:51.502] [Server thread/WARN] [net.minecraft.server.network.ServerGamePacketListenerImpl/]: Amorger2 was kicked for floating too long!
[16Feb2026 18:13:51.559] [Server thread/WARN] [net.minecraft.server.network.ServerGamePacketListenerImpl/]: Amorger2 was kicked for floating too long!
[16Feb2026 18:13:51.628] [Server thread/WARN] [net.minecraft.server.network.ServerGamePacketListenerImpl/]: Amorger2 was kicked for floating too long!
[16Feb2026 18:13:51.656] [Server thread/WARN] [net.minecraft.server.network.ServerGamePacketListenerImpl/]: Amorger2 was kicked for floating too long!
[16Feb2026 18:13:51.704] [Server thread/WARN] [net.minecraft.server.network.ServerGamePacketListenerImpl/]: Amorger2 was kicked for floating too long!
[16Feb2026 18:13:51.754] [Server thread/WARN] [net.minecraft.server.network.ServerGamePacketListenerImpl/]: Amorger2 was kicked for floating too long!
[16Feb2026 18:13:51.815] [Server thread/WARN] [net.minecraft.server.network.ServerGamePacketListenerImpl/]: Amorger2 was kicked for floating too long!
[16Feb2026 18:13:51.853] [Server thread/WARN] [net.minecraft.server.network.ServerGamePacketListenerImpl/]: Amorger2 was kicked for floating too long!
[16Feb2026 18:13:51.908] [Server thread/WARN] [net.minecraft.server.network.ServerGamePacketListenerImpl/]: Amorger2 was kicked for floating too long!
[16Feb2026 18:13:51.956] [Server thread/WARN] [net.minecraft.server.network.ServerGamePacketListenerImpl/]: Amorger2 was kicked for floating too long!
[16Feb2026 18:13:52.005] [Server thread/WARN] [net.minecraft.server.network.ServerGamePacketListenerImpl/]: Amorger2 was kicked for floating too long!
[16Feb2026 18:13:52.057] [Server thread/WARN] [net.minecraft.server.network.ServerGamePacketListenerImpl/]: Amorger2 was kicked for floating too long!
[16Feb2026 18:13:52.105] [Server thread/WARN] [net.minecraft.server.network.ServerGamePacketListenerImpl/]: Amorger2 was kicked for floating too long!
[16Feb2026 18:13:52.158] [Server thread/WARN] [net.minecraft.server.network.ServerGamePacketListenerImpl/]: Amorger2 was kicked for floating too long!
[16Feb2026 18:13:52.203] [Server thread/WARN] [net.minecraft.server.network.ServerGamePacketListenerImpl/]: Amorger2 was kicked for floating too long!
[16Feb2026 18:13:52.254] [Server thread/WARN] [net.minecraft.server.network.ServerGamePacketListenerImpl/]: Amorger2 was kicked for floating too long!
[16Feb2026 18:13:52.305] [Server thread/WARN] [net.minecraft.server.network.ServerGamePacketListenerImpl/]: Amorger2 was kicked for floating too long!
[16Feb2026 18:13:52.356] [Server thread/WARN] [net.minecraft.server.network.ServerGamePacketListenerImpl/]: Amorger2 was kicked for floating too long!
[16Feb2026 18:13:52.405] [Server thread/WARN] [net.minecraft.server.network.ServerGamePacketListenerImpl/]: Amorger2 was kicked for floating too long!
[16Feb2026 18:13:52.460] [Server thread/WARN] [net.minecraft.server.network.ServerGamePacketListenerImpl/]: Amorger2 was kicked for floating too long!
[16Feb2026 18:13:52.507] [Server thread/WARN] [net.minecraft.server.network.ServerGamePacketListenerImpl/]: Amorger2 was kicked for floating too long!
[16Feb2026 18:13:52.558] [Server thread/WARN] [net.minecraft.server.network.ServerGamePacketListenerImpl/]: Amorger2 was kicked for floating too long!
[16Feb2026 18:13:52.602] [Server thread/WARN] [net.minecraft.server.network.ServerGamePacketListenerImpl/]: Amorger2 was kicked for floating too long!
[16Feb2026 18:13:52.656] [Server thread/WARN] [net.minecraft.server.network.ServerGamePacketListenerImpl/]: Amorger2 was kicked for floating too long!
[16Feb2026 18:13:52.702] [Server thread/WARN] [net.minecraft.server.network.ServerGamePacketListenerImpl/]: Amorger2 was kicked for floating too long!
[16Feb2026 18:13:52.752] [Server thread/WARN] [net.minecraft.server.network.ServerGamePacketListenerImpl/]: Amorger2 was kicked for floating too long!
[16Feb2026 18:13:52.804] [Server thread/WARN] [net.minecraft.server.network.ServerGamePacketListenerImpl/]: Amorger2 was kicked for floating too long!
[16Feb2026 18:13:52.855] [Server thread/WARN] [net.minecraft.server.network.ServerGamePacketListenerImpl/]: Amorger2 was kicked for floating too long!
[16Feb2026 18:13:52.909] [Server thread/WARN] [net.minecraft.server.network.ServerGamePacketListenerImpl/]: Amorger2 was kicked for floating too long!
[16Feb2026 18:13:52.955] [Server thread/WARN] [net.minecraft.server.network.ServerGamePacketListenerImpl/]: Amorger2 was kicked for floating too long!
[16Feb2026 18:13:53.012] [Server thread/WARN] [net.minecraft.server.network.ServerGamePacketListenerImpl/]: Amorger2 was kicked for floating too long!
[16Feb2026 18:13:53.057] [Server thread/WARN] [net.minecraft.server.network.ServerGamePacketListenerImpl/]: Amorger2 was kicked for floating too long!
[16Feb2026 18:13:53.104] [Server thread/WARN] [net.minecraft.server.network.ServerGamePacketListenerImpl/]: Amorger2 was kicked for floating too long!
[16Feb2026 18:13:53.152] [Server thread/WARN] [net.minecraft.server.network.ServerGamePacketListenerImpl/]: Amorger2 was kicked for floating too long!
[16Feb2026 18:13:53.205] [Server thread/WARN] [net.minecraft.server.network.ServerGamePacketListenerImpl/]: Amorger2 was kicked for floating too long!
[16Feb2026 18:13:53.254] [Server thread/WARN] [net.minecraft.server.network.ServerGamePacketListenerImpl/]: Amorger2 was kicked for floating too long!
[16Feb2026 18:13:53.302] [Server thread/WARN] [net.minecraft.server.network.ServerGamePacketListenerImpl/]: Amorger2 was kicked for floating too long!
[16Feb2026 18:13:53.353] [Server thread/WARN] [net.minecraft.server.network.ServerGamePacketListenerImpl/]: Amorger2 was kicked for floating too long!
[16Feb2026 18:13:53.403] [Server thread/WARN] [net.minecraft.server.network.ServerGamePacketListenerImpl/]: Amorger2 was kicked for floating too long!
[16Feb2026 18:13:53.452] [Server thread/WARN] [net.minecraft.server.network.ServerGamePacketListenerImpl/]: Amorger2 was kicked for floating too long!
[16Feb2026 18:13:53.512] [Server thread/WARN] [net.minecraft.server.network.ServerGamePacketListenerImpl/]: Amorger2 was kicked for floating too long!
[16Feb2026 18:13:53.555] [Server thread/WARN] [net.minecraft.server.network.ServerGamePacketListenerImpl/]: Amorger2 was kicked for floating too long!
[16Feb2026 18:13:53.605] [Server thread/WARN] [net.minecraft.server.network.ServerGamePacketListenerImpl/]: Amorger2 was kicked for floating too long!
[16Feb2026 18:13:53.652] [Server thread/INFO] [net.minecraft.server.network.ServerGamePacketListenerImpl/]: Amorger2 lost connection: Disconnected
[16Feb2026 18:13:53.652] [Server thread/INFO] [net.minecraft.server.MinecraftServer/]: Amorger2 left the game
[16Feb2026 18:13:56.308] [Netty Epoll Server IO #0/DEBUG] [net.minecraftforge.network.HandshakeHandler/FMLHANDSHAKE]: Starting new modded impl connection. Found 26 messages to dispatch.
[16Feb2026 18:13:56.349] [Server thread/DEBUG] [net.minecraftforge.network.HandshakeHandler/FMLHANDSHAKE]: Sending ticking packet info 'net.minecraftforge.network.HandshakeMessages$S2CModData' to 'fml:handshake' sequence 0
[16Feb2026 18:13:56.399] [Server thread/DEBUG] [net.minecraftforge.network.HandshakeHandler/FMLHANDSHAKE]: Sending ticking packet info 'net.minecraftforge.network.HandshakeMessages$S2CModList' to 'fml:handshake' sequence 1
[16Feb2026 18:13:56.449] [Server thread/DEBUG] [net.minecraftforge.network.HandshakeHandler/FMLHANDSHAKE]: Sending ticking packet info 'Registry minecraft:command_argument_type' to 'fml:handshake' sequence 2
[16Feb2026 18:13:56.484] [Netty Epoll Server IO #0/DEBUG] [net.minecraftforge.network.LoginWrapper/FMLHANDSHAKE]: Recieved login wrapper packet event for channel fml:handshake with index 1
[16Feb2026 18:13:56.484] [Netty Epoll Server IO #0/DEBUG] [net.minecraftforge.network.HandshakeHandler/FMLHANDSHAKE]: Received client indexed reply 1 of type net.minecraftforge.network.HandshakeMessages$C2SModListReply
[16Feb2026 18:13:56.484] [Netty Epoll Server IO #0/DEBUG] [net.minecraftforge.network.HandshakeHandler/FMLHANDSHAKE]: Received client connection with modlist [fossiltweaks, beautify, jei, cobblemon_quests, cobbled_counter, journeymap, citadel, tmtcop, glitchcore, cobblemonoutbreaks, midnightlib, spawn_notification, unimplemented_items, gravels_extended_battles, cameraoverhaul, cloth_config, forge, athena, cobblemon_alatia, minecraft, simple_cobblemon_kit, terrablender, betterbeds, cobblemonintegrations, cobblemontrainers, simpletms, biomesoplenty, jade, mr_eggs_cobblemonaddon, kotlinforforge, curios, patchouli, capture_xp, megamons, cobblemon, cobbledex, cobblepedia, fightorflight, architectury, cobgyms, ftblibrary, ftbteams, ftbquests, cobblemore_lib, cobblemon_poke_labs, cobblemon_simple_center, cobblemonmegas, cobblemonrider, mythsandlegends, betterf3, unchained, cobbledollars]
[16Feb2026 18:13:56.484] [Netty Epoll Server IO #0/DEBUG] [net.minecraftforge.network.NetworkRegistry/NETREGISTRY]: Channel 'cobbledex:main' : Version test of '1' from client : ACCEPTED
[16Feb2026 18:13:56.484] [Netty Epoll Server IO #0/DEBUG] [net.minecraftforge.network.NetworkRegistry/NETREGISTRY]: Channel 'architectury:network' : Version test of '1' from client : ACCEPTED
[16Feb2026 18:13:56.484] [Netty Epoll Server IO #0/DEBUG] [net.minecraftforge.network.NetworkRegistry/NETREGISTRY]: Channel 'jei:channel' : Version test of '1.0.0' from client : ACCEPTED
[16Feb2026 18:13:56.484] [Netty Epoll Server IO #0/DEBUG] [net.minecraftforge.network.NetworkRegistry/NETREGISTRY]: Channel 'minecraft:unregister' : Version test of 'FML3' from client : ACCEPTED
[16Feb2026 18:13:56.484] [Netty Epoll Server IO #0/DEBUG] [net.minecraftforge.network.NetworkRegistry/NETREGISTRY]: Channel 'citadel:main_channel' : Version test of '1' from client : ACCEPTED
[16Feb2026 18:13:56.484] [Netty Epoll Server IO #0/DEBUG] [net.minecraftforge.network.NetworkRegistry/NETREGISTRY]: Channel 'cobblemonrider:network' : Version test of '1.0' from client : ACCEPTED
[16Feb2026 18:13:56.484] [Netty Epoll Server IO #0/DEBUG] [net.minecraftforge.network.NetworkRegistry/NETREGISTRY]: Channel 'journeymap:version' : Version test of '1' from client : ACCEPTED
[16Feb2026 18:13:56.484] [Netty Epoll Server IO #0/DEBUG] [net.minecraftforge.network.NetworkRegistry/NETREGISTRY]: Channel 'simple_cobblemon_kit:simple_cobblemon_kit' : Version test of '1' from client : ACCEPTED
[16Feb2026 18:13:56.484] [Netty Epoll Server IO #0/DEBUG] [net.minecraftforge.network.NetworkRegistry/NETREGISTRY]: Channel 'curios:main' : Version test of '1' from client : ACCEPTED
[16Feb2026 18:13:56.484] [Netty Epoll Server IO #0/DEBUG] [net.minecraftforge.network.NetworkRegistry/NETREGISTRY]: Channel 'worldinfo:world_id' : Version test of '1' from client : ACCEPTED
[16Feb2026 18:13:56.484] [Netty Epoll Server IO #0/DEBUG] [net.minecraftforge.network.NetworkRegistry/NETREGISTRY]: Channel 'journeymap:admin_req' : Version test of '1' from client : ACCEPTED
[16Feb2026 18:13:56.484] [Netty Epoll Server IO #0/DEBUG] [net.minecraftforge.network.NetworkRegistry/NETREGISTRY]: Channel 'journeymap:mp_options_req' : Version test of '1' from client : ACCEPTED
[16Feb2026 18:13:56.484] [Netty Epoll Server IO #0/DEBUG] [net.minecraftforge.network.NetworkRegistry/NETREGISTRY]: Channel 'journeymap:waypoint' : Version test of '1' from client : ACCEPTED
[16Feb2026 18:13:56.484] [Netty Epoll Server IO #0/DEBUG] [net.minecraftforge.network.NetworkRegistry/NETREGISTRY]: Channel 'fml:loginwrapper' : Version test of 'FML3' from client : ACCEPTED
[16Feb2026 18:13:56.484] [Netty Epoll Server IO #0/DEBUG] [net.minecraftforge.network.NetworkRegistry/NETREGISTRY]: Channel 'forge:tier_sorting' : Version test of '1.0' from client : ACCEPTED
[16Feb2026 18:13:56.484] [Netty Epoll Server IO #0/DEBUG] [net.minecraftforge.network.NetworkRegistry/NETREGISTRY]: Channel 'fml:play' : Version test of 'FML3' from client : ACCEPTED
[16Feb2026 18:13:56.484] [Netty Epoll Server IO #0/DEBUG] [net.minecraftforge.network.NetworkRegistry/NETREGISTRY]: Channel 'tmtcop:tmtcop' : Version test of '1' from client : ACCEPTED
[16Feb2026 18:13:56.485] [Netty Epoll Server IO #0/DEBUG] [net.minecraftforge.network.NetworkRegistry/NETREGISTRY]: Channel 'journeymap:player_loc' : Version test of '1' from client : ACCEPTED
[16Feb2026 18:13:56.485] [Netty Epoll Server IO #0/DEBUG] [net.minecraftforge.network.NetworkRegistry/NETREGISTRY]: Channel 'journeymap:admin_save' : Version test of '1' from client : ACCEPTED
[16Feb2026 18:13:56.485] [Netty Epoll Server IO #0/DEBUG] [net.minecraftforge.network.NetworkRegistry/NETREGISTRY]: Channel 'patchouli:main' : Version test of '1' from client : ACCEPTED
[16Feb2026 18:13:56.485] [Netty Epoll Server IO #0/DEBUG] [net.minecraftforge.network.NetworkRegistry/NETREGISTRY]: Channel 'journeymap:teleport_req' : Version test of '1' from client : ACCEPTED
[16Feb2026 18:13:56.485] [Netty Epoll Server IO #0/DEBUG] [net.minecraftforge.network.NetworkRegistry/NETREGISTRY]: Channel 'fml:handshake' : Version test of 'FML3' from client : ACCEPTED
[16Feb2026 18:13:56.485] [Netty Epoll Server IO #0/DEBUG] [net.minecraftforge.network.NetworkRegistry/NETREGISTRY]: Channel 'journeymap:common' : Version test of '1' from client : ACCEPTED
[16Feb2026 18:13:56.485] [Netty Epoll Server IO #0/DEBUG] [net.minecraftforge.network.NetworkRegistry/NETREGISTRY]: Channel 'cobblemonintegrations:main' : Version test of '1' from client : ACCEPTED
[16Feb2026 18:13:56.485] [Netty Epoll Server IO #0/DEBUG] [net.minecraftforge.network.NetworkRegistry/NETREGISTRY]: Channel 'minecraft:register' : Version test of 'FML3' from client : ACCEPTED
[16Feb2026 18:13:56.485] [Netty Epoll Server IO #0/DEBUG] [net.minecraftforge.network.NetworkRegistry/NETREGISTRY]: Channel 'cobblemon:main' : Version test of '1' from client : ACCEPTED
[16Feb2026 18:13:56.485] [Netty Epoll Server IO #0/DEBUG] [net.minecraftforge.network.NetworkRegistry/NETREGISTRY]: Channel 'forge:split' : Version test of '1.1' from client : ACCEPTED
[16Feb2026 18:13:56.485] [Netty Epoll Server IO #0/DEBUG] [net.minecraftforge.network.NetworkRegistry/NETREGISTRY]: Channel 'journeymap:perm_req' : Version test of '1' from client : ACCEPTED
[16Feb2026 18:13:56.485] [Netty Epoll Server IO #0/DEBUG] [net.minecraftforge.network.NetworkRegistry/NETREGISTRY]: Channel 'simpletms:main' : Version test of '1' from client : ACCEPTED
[16Feb2026 18:13:56.485] [Netty Epoll Server IO #0/DEBUG] [net.minecraftforge.network.NetworkRegistry/NETREGISTRY]: Channel 'jade:networking' : Version test of '2' from client : ACCEPTED
[16Feb2026 18:13:56.485] [Netty Epoll Server IO #0/DEBUG] [net.minecraftforge.network.NetworkRegistry/NETREGISTRY]: Accepting channel list from client
[16Feb2026 18:13:56.485] [Netty Epoll Server IO #0/DEBUG] [net.minecraftforge.network.HandshakeHandler/FMLHANDSHAKE]: Accepted client connection mod list
[16Feb2026 18:13:56.498] [Server thread/DEBUG] [net.minecraftforge.network.HandshakeHandler/FMLHANDSHAKE]: Sending ticking packet info 'Registry minecraft:recipe_serializer' to 'fml:handshake' sequence 3
[16Feb2026 18:13:56.544] [Netty Epoll Server IO #0/DEBUG] [net.minecraftforge.network.LoginWrapper/FMLHANDSHAKE]: Recieved login wrapper packet event for channel fml:handshake with index 2
[16Feb2026 18:13:56.544] [Netty Epoll Server IO #0/DEBUG] [net.minecraftforge.network.HandshakeHandler/FMLHANDSHAKE]: Received client indexed reply 2 of type net.minecraftforge.network.HandshakeMessages$C2SAcknowledge
[16Feb2026 18:13:56.544] [Netty Epoll Server IO #0/DEBUG] [net.minecraftforge.network.HandshakeHandler/FMLHANDSHAKE]: Received acknowledgement from client
[16Feb2026 18:13:56.551] [Server thread/DEBUG] [net.minecraftforge.network.HandshakeHandler/FMLHANDSHAKE]: Sending ticking packet info 'Registry minecraft:sound_event' to 'fml:handshake' sequence 4
[16Feb2026 18:13:56.581] [Netty Epoll Server IO #0/DEBUG] [net.minecraftforge.network.LoginWrapper/FMLHANDSHAKE]: Recieved login wrapper packet event for channel fml:handshake with index 3
[16Feb2026 18:13:56.581] [Netty Epoll Server IO #0/DEBUG] [net.minecraftforge.network.HandshakeHandler/FMLHANDSHAKE]: Received client indexed reply 3 of type net.minecraftforge.network.HandshakeMessages$C2SAcknowledge
[16Feb2026 18:13:56.581] [Netty Epoll Server IO #0/DEBUG] [net.minecraftforge.network.HandshakeHandler/FMLHANDSHAKE]: Received acknowledgement from client
[16Feb2026 18:13:56.601] [Server thread/DEBUG] [net.minecraftforge.network.HandshakeHandler/FMLHANDSHAKE]: Sending ticking packet info 'Registry minecraft:particle_type' to 'fml:handshake' sequence 5
[16Feb2026 18:13:56.649] [Server thread/DEBUG] [net.minecraftforge.network.HandshakeHandler/FMLHANDSHAKE]: Sending ticking packet info 'Registry minecraft:villager_profession' to 'fml:handshake' sequence 6
[16Feb2026 18:13:56.699] [Server thread/DEBUG] [net.minecraftforge.network.HandshakeHandler/FMLHANDSHAKE]: Sending ticking packet info 'Registry minecraft:item' to 'fml:handshake' sequence 7
[16Feb2026 18:13:56.749] [Server thread/DEBUG] [net.minecraftforge.network.HandshakeHandler/FMLHANDSHAKE]: Sending ticking packet info 'Registry minecraft:potion' to 'fml:handshake' sequence 8
[16Feb2026 18:13:56.752] [Netty Epoll Server IO #0/DEBUG] [net.minecraftforge.network.LoginWrapper/FMLHANDSHAKE]: Recieved login wrapper packet event for channel fml:handshake with index 4
[16Feb2026 18:13:56.752] [Netty Epoll Server IO #0/DEBUG] [net.minecraftforge.network.HandshakeHandler/FMLHANDSHAKE]: Received client indexed reply 4 of type net.minecraftforge.network.HandshakeMessages$C2SAcknowledge
[16Feb2026 18:13:56.752] [Netty Epoll Server IO #0/DEBUG] [net.minecraftforge.network.HandshakeHandler/FMLHANDSHAKE]: Received acknowledgement from client
[16Feb2026 18:13:56.799] [Server thread/DEBUG] [net.minecraftforge.network.HandshakeHandler/FMLHANDSHAKE]: Sending ticking packet info 'Registry minecraft:painting_variant' to 'fml:handshake' sequence 9
[16Feb2026 18:13:56.805] [Netty Epoll Server IO #0/DEBUG] [net.minecraftforge.network.LoginWrapper/FMLHANDSHAKE]: Recieved login wrapper packet event for channel fml:handshake with index 5
[16Feb2026 18:13:56.805] [Netty Epoll Server IO #0/DEBUG] [net.minecraftforge.network.HandshakeHandler/FMLHANDSHAKE]: Received client indexed reply 5 of type net.minecraftforge.network.HandshakeMessages$C2SAcknowledge
[16Feb2026 18:13:56.805] [Netty Epoll Server IO #0/DEBUG] [net.minecraftforge.network.HandshakeHandler/FMLHANDSHAKE]: Received acknowledgement from client
[16Feb2026 18:13:56.805] [Netty Epoll Server IO #0/DEBUG] [net.minecraftforge.network.LoginWrapper/FMLHANDSHAKE]: Recieved login wrapper packet event for channel fml:handshake with index 6
[16Feb2026 18:13:56.805] [Netty Epoll Server IO #0/DEBUG] [net.minecraftforge.network.HandshakeHandler/FMLHANDSHAKE]: Received client indexed reply 6 of type net.minecraftforge.network.HandshakeMessages$C2SAcknowledge
[16Feb2026 18:13:56.805] [Netty Epoll Server IO #0/DEBUG] [net.minecraftforge.network.HandshakeHandler/FMLHANDSHAKE]: Received acknowledgement from client
[16Feb2026 18:13:56.850] [Server thread/DEBUG] [net.minecraftforge.network.HandshakeHandler/FMLHANDSHAKE]: Sending ticking packet info 'Registry forge:fluid_type' to 'fml:handshake' sequence 10
[16Feb2026 18:13:56.901] [Server thread/DEBUG] [net.minecraftforge.network.HandshakeHandler/FMLHANDSHAKE]: Sending ticking packet info 'Registry minecraft:block_entity_type' to 'fml:handshake' sequence 11
[16Feb2026 18:13:56.953] [Server thread/DEBUG] [net.minecraftforge.network.HandshakeHandler/FMLHANDSHAKE]: Sending ticking packet info 'Registry forge:display_contexts' to 'fml:handshake' sequence 12
[16Feb2026 18:13:57.001] [Server thread/DEBUG] [net.minecraftforge.network.HandshakeHandler/FMLHANDSHAKE]: Sending ticking packet info 'Registry minecraft:block' to 'fml:handshake' sequence 13
[16Feb2026 18:13:57.052] [Server thread/DEBUG] [net.minecraftforge.network.HandshakeHandler/FMLHANDSHAKE]: Sending ticking packet info 'Registry forge:entity_data_serializers' to 'fml:handshake' sequence 14
[16Feb2026 18:13:57.099] [Server thread/DEBUG] [net.minecraftforge.network.HandshakeHandler/FMLHANDSHAKE]: Sending ticking packet info 'Registry minecraft:mob_effect' to 'fml:handshake' sequence 15
[16Feb2026 18:13:57.150] [Server thread/DEBUG] [net.minecraftforge.network.HandshakeHandler/FMLHANDSHAKE]: Sending ticking packet info 'Registry minecraft:stat_type' to 'fml:handshake' sequence 16
[16Feb2026 18:13:57.200] [Server thread/DEBUG] [net.minecraftforge.network.HandshakeHandler/FMLHANDSHAKE]: Sending ticking packet info 'Registry minecraft:menu' to 'fml:handshake' sequence 17
[16Feb2026 18:13:57.248] [Server thread/DEBUG] [net.minecraftforge.network.HandshakeHandler/FMLHANDSHAKE]: Sending ticking packet info 'Registry minecraft:enchantment' to 'fml:handshake' sequence 18
[16Feb2026 18:13:57.257] [Netty Epoll Server IO #0/DEBUG] [net.minecraftforge.network.LoginWrapper/FMLHANDSHAKE]: Recieved login wrapper packet event for channel fml:handshake with index 7
[16Feb2026 18:13:57.257] [Netty Epoll Server IO #0/DEBUG] [net.minecraftforge.network.HandshakeHandler/FMLHANDSHAKE]: Received client indexed reply 7 of type net.minecraftforge.network.HandshakeMessages$C2SAcknowledge
[16Feb2026 18:13:57.257] [Netty Epoll Server IO #0/DEBUG] [net.minecraftforge.network.HandshakeHandler/FMLHANDSHAKE]: Received acknowledgement from client
[16Feb2026 18:13:57.257] [Netty Epoll Server IO #0/DEBUG] [net.minecraftforge.network.LoginWrapper/FMLHANDSHAKE]: Recieved login wrapper packet event for channel fml:handshake with index 8
[16Feb2026 18:13:57.257] [Netty Epoll Server IO #0/DEBUG] [net.minecraftforge.network.HandshakeHandler/FMLHANDSHAKE]: Received client indexed reply 8 of type net.minecraftforge.network.HandshakeMessages$C2SAcknowledge
[16Feb2026 18:13:57.257] [Netty Epoll Server IO #0/DEBUG] [net.minecraftforge.network.HandshakeHandler/FMLHANDSHAKE]: Received acknowledgement from client
[16Feb2026 18:13:57.258] [Netty Epoll Server IO #0/DEBUG] [net.minecraftforge.network.LoginWrapper/FMLHANDSHAKE]: Recieved login wrapper packet event for channel fml:handshake with index 9
[16Feb2026 18:13:57.258] [Netty Epoll Server IO #0/DEBUG] [net.minecraftforge.network.HandshakeHandler/FMLHANDSHAKE]: Received client indexed reply 9 of type net.minecraftforge.network.HandshakeMessages$C2SAcknowledge
[16Feb2026 18:13:57.258] [Netty Epoll Server IO #0/DEBUG] [net.minecraftforge.network.HandshakeHandler/FMLHANDSHAKE]: Received acknowledgement from client
[16Feb2026 18:13:57.258] [Netty Epoll Server IO #0/DEBUG] [net.minecraftforge.network.LoginWrapper/FMLHANDSHAKE]: Recieved login wrapper packet event for channel fml:handshake with index 10
[16Feb2026 18:13:57.258] [Netty Epoll Server IO #0/DEBUG] [net.minecraftforge.network.HandshakeHandler/FMLHANDSHAKE]: Received client indexed reply 10 of type net.minecraftforge.network.HandshakeMessages$C2SAcknowledge
[16Feb2026 18:13:57.258] [Netty Epoll Server IO #0/DEBUG] [net.minecraftforge.network.HandshakeHandler/FMLHANDSHAKE]: Received acknowledgement from client
[16Feb2026 18:13:57.258] [Netty Epoll Server IO #0/DEBUG] [net.minecraftforge.network.LoginWrapper/FMLHANDSHAKE]: Recieved login wrapper packet event for channel fml:handshake with index 11
[16Feb2026 18:13:57.258] [Netty Epoll Server IO #0/DEBUG] [net.minecraftforge.network.HandshakeHandler/FMLHANDSHAKE]: Received client indexed reply 11 of type net.minecraftforge.network.HandshakeMessages$C2SAcknowledge
[16Feb2026 18:13:57.258] [Netty Epoll Server IO #0/DEBUG] [net.minecraftforge.network.HandshakeHandler/FMLHANDSHAKE]: Received acknowledgement from client
[16Feb2026 18:13:57.258] [Netty Epoll Server IO #0/DEBUG] [net.minecraftforge.network.LoginWrapper/FMLHANDSHAKE]: Recieved login wrapper packet event for channel fml:handshake with index 12
[16Feb2026 18:13:57.258] [Netty Epoll Server IO #0/DEBUG] [net.minecraftforge.network.HandshakeHandler/FMLHANDSHAKE]: Received client indexed reply 12 of type net.minecraftforge.network.HandshakeMessages$C2SAcknowledge
[16Feb2026 18:13:57.258] [Netty Epoll Server IO #0/DEBUG] [net.minecraftforge.network.HandshakeHandler/FMLHANDSHAKE]: Received acknowledgement from client
[16Feb2026 18:13:57.299] [Server thread/DEBUG] [net.minecraftforge.network.HandshakeHandler/FMLHANDSHAKE]: Sending ticking packet info 'Registry minecraft:fluid' to 'fml:handshake' sequence 19
[16Feb2026 18:13:57.345] [Netty Epoll Server IO #0/DEBUG] [net.minecraftforge.network.LoginWrapper/FMLHANDSHAKE]: Recieved login wrapper packet event for channel fml:handshake with index 13
[16Feb2026 18:13:57.345] [Netty Epoll Server IO #0/DEBUG] [net.minecraftforge.network.HandshakeHandler/FMLHANDSHAKE]: Received client indexed reply 13 of type net.minecraftforge.network.HandshakeMessages$C2SAcknowledge
[16Feb2026 18:13:57.345] [Netty Epoll Server IO #0/DEBUG] [net.minecraftforge.network.HandshakeHandler/FMLHANDSHAKE]: Received acknowledgement from client
[16Feb2026 18:13:57.345] [Netty Epoll Server IO #0/DEBUG] [net.minecraftforge.network.LoginWrapper/FMLHANDSHAKE]: Recieved login wrapper packet event for channel fml:handshake with index 14
[16Feb2026 18:13:57.345] [Netty Epoll Server IO #0/DEBUG] [net.minecraftforge.network.HandshakeHandler/FMLHANDSHAKE]: Received client indexed reply 14 of type net.minecraftforge.network.HandshakeMessages$C2SAcknowledge
[16Feb2026 18:13:57.345] [Netty Epoll Server IO #0/DEBUG] [net.minecraftforge.network.HandshakeHandler/FMLHANDSHAKE]: Received acknowledgement from client
[16Feb2026 18:13:57.345] [Netty Epoll Server IO #0/DEBUG] [net.minecraftforge.network.LoginWrapper/FMLHANDSHAKE]: Recieved login wrapper packet event for channel fml:handshake with index 15
[16Feb2026 18:13:57.345] [Netty Epoll Server IO #0/DEBUG] [net.minecraftforge.network.HandshakeHandler/FMLHANDSHAKE]: Received client indexed reply 15 of type net.minecraftforge.network.HandshakeMessages$C2SAcknowledge
[16Feb2026 18:13:57.345] [Netty Epoll Server IO #0/DEBUG] [net.minecraftforge.network.HandshakeHandler/FMLHANDSHAKE]: Received acknowledgement from client
[16Feb2026 18:13:57.345] [Netty Epoll Server IO #0/DEBUG] [net.minecraftforge.network.LoginWrapper/FMLHANDSHAKE]: Recieved login wrapper packet event for channel fml:handshake with index 16
[16Feb2026 18:13:57.345] [Netty Epoll Server IO #0/DEBUG] [net.minecraftforge.network.HandshakeHandler/FMLHANDSHAKE]: Received client indexed reply 16 of type net.minecraftforge.network.HandshakeMessages$C2SAcknowledge
[16Feb2026 18:13:57.345] [Netty Epoll Server IO #0/DEBUG] [net.minecraftforge.network.HandshakeHandler/FMLHANDSHAKE]: Received acknowledgement from client
[16Feb2026 18:13:57.345] [Netty Epoll Server IO #0/DEBUG] [net.minecraftforge.network.LoginWrapper/FMLHANDSHAKE]: Recieved login wrapper packet event for channel fml:handshake with index 17
[16Feb2026 18:13:57.346] [Netty Epoll Server IO #0/DEBUG] [net.minecraftforge.network.HandshakeHandler/FMLHANDSHAKE]: Received client indexed reply 17 of type net.minecraftforge.network.HandshakeMessages$C2SAcknowledge
[16Feb2026 18:13:57.346] [Netty Epoll Server IO #0/DEBUG] [net.minecraftforge.network.HandshakeHandler/FMLHANDSHAKE]: Received acknowledgement from client
[16Feb2026 18:13:57.346] [Netty Epoll Server IO #0/DEBUG] [net.minecraftforge.network.LoginWrapper/FMLHANDSHAKE]: Recieved login wrapper packet event for channel fml:handshake with index 18
[16Feb2026 18:13:57.346] [Netty Epoll Server IO #0/DEBUG] [net.minecraftforge.network.HandshakeHandler/FMLHANDSHAKE]: Received client indexed reply 18 of type net.minecraftforge.network.HandshakeMessages$C2SAcknowledge
[16Feb2026 18:13:57.346] [Netty Epoll Server IO #0/DEBUG] [net.minecraftforge.network.HandshakeHandler/FMLHANDSHAKE]: Received acknowledgement from client
[16Feb2026 18:13:57.349] [Server thread/DEBUG] [net.minecraftforge.network.HandshakeHandler/FMLHANDSHAKE]: Sending ticking packet info 'Registry minecraft:entity_type' to 'fml:handshake' sequence 20
[16Feb2026 18:13:57.382] [Netty Epoll Server IO #0/DEBUG] [net.minecraftforge.network.LoginWrapper/FMLHANDSHAKE]: Recieved login wrapper packet event for channel fml:handshake with index 19
[16Feb2026 18:13:57.382] [Netty Epoll Server IO #0/DEBUG] [net.minecraftforge.network.HandshakeHandler/FMLHANDSHAKE]: Received client indexed reply 19 of type net.minecraftforge.network.HandshakeMessages$C2SAcknowledge
[16Feb2026 18:13:57.382] [Netty Epoll Server IO #0/DEBUG] [net.minecraftforge.network.HandshakeHandler/FMLHANDSHAKE]: Received acknowledgement from client
[16Feb2026 18:13:57.400] [Server thread/DEBUG] [net.minecraftforge.network.HandshakeHandler/FMLHANDSHAKE]: Sending ticking packet info 'Config journeymap-server.toml' to 'fml:handshake' sequence 21
[16Feb2026 18:13:57.448] [Server thread/DEBUG] [net.minecraftforge.network.HandshakeHandler/FMLHANDSHAKE]: Sending ticking packet info 'Config curios-server.toml' to 'fml:handshake' sequence 22
[16Feb2026 18:13:57.502] [Server thread/DEBUG] [net.minecraftforge.network.HandshakeHandler/FMLHANDSHAKE]: Sending ticking packet info 'Config jei-server.toml' to 'fml:handshake' sequence 23
[16Feb2026 18:13:57.550] [Server thread/DEBUG] [net.minecraftforge.network.HandshakeHandler/FMLHANDSHAKE]: Sending ticking packet info 'Config beautify-server.toml' to 'fml:handshake' sequence 24
[16Feb2026 18:13:57.599] [Server thread/DEBUG] [net.minecraftforge.network.HandshakeHandler/FMLHANDSHAKE]: Sending ticking packet info 'Config forge-server.toml' to 'fml:handshake' sequence 25
[16Feb2026 18:13:57.936] [Netty Epoll Server IO #0/DEBUG] [net.minecraftforge.network.LoginWrapper/FMLHANDSHAKE]: Recieved login wrapper packet event for channel fml:handshake with index 20
[16Feb2026 18:13:57.936] [Netty Epoll Server IO #0/DEBUG] [net.minecraftforge.network.HandshakeHandler/FMLHANDSHAKE]: Received client indexed reply 20 of type net.minecraftforge.network.HandshakeMessages$C2SAcknowledge
[16Feb2026 18:13:57.936] [Netty Epoll Server IO #0/DEBUG] [net.minecraftforge.network.HandshakeHandler/FMLHANDSHAKE]: Received acknowledgement from client
[16Feb2026 18:13:57.938] [Netty Epoll Server IO #0/DEBUG] [net.minecraftforge.network.LoginWrapper/FMLHANDSHAKE]: Recieved login wrapper packet event for channel fml:handshake with index 21
[16Feb2026 18:13:57.938] [Netty Epoll Server IO #0/DEBUG] [net.minecraftforge.network.HandshakeHandler/FMLHANDSHAKE]: Received client indexed reply 21 of type net.minecraftforge.network.HandshakeMessages$C2SAcknowledge
[16Feb2026 18:13:57.938] [Netty Epoll Server IO #0/DEBUG] [net.minecraftforge.network.HandshakeHandler/FMLHANDSHAKE]: Received acknowledgement from client
[16Feb2026 18:13:57.938] [Netty Epoll Server IO #0/DEBUG] [net.minecraftforge.network.LoginWrapper/FMLHANDSHAKE]: Recieved login wrapper packet event for channel fml:handshake with index 22
[16Feb2026 18:13:57.938] [Netty Epoll Server IO #0/DEBUG] [net.minecraftforge.network.HandshakeHandler/FMLHANDSHAKE]: Received client indexed reply 22 of type net.minecraftforge.network.HandshakeMessages$C2SAcknowledge
[16Feb2026 18:13:57.938] [Netty Epoll Server IO #0/DEBUG] [net.minecraftforge.network.HandshakeHandler/FMLHANDSHAKE]: Received acknowledgement from client
[16Feb2026 18:13:57.938] [Netty Epoll Server IO #0/DEBUG] [net.minecraftforge.network.LoginWrapper/FMLHANDSHAKE]: Recieved login wrapper packet event for channel fml:handshake with index 23
[16Feb2026 18:13:57.938] [Netty Epoll Server IO #0/DEBUG] [net.minecraftforge.network.HandshakeHandler/FMLHANDSHAKE]: Received client indexed reply 23 of type net.minecraftforge.network.HandshakeMessages$C2SAcknowledge
[16Feb2026 18:13:57.938] [Netty Epoll Server IO #0/DEBUG] [net.minecraftforge.network.HandshakeHandler/FMLHANDSHAKE]: Received acknowledgement from client
[16Feb2026 18:13:57.938] [Netty Epoll Server IO #0/DEBUG] [net.minecraftforge.network.LoginWrapper/FMLHANDSHAKE]: Recieved login wrapper packet event for channel fml:handshake with index 24
[16Feb2026 18:13:57.938] [Netty Epoll Server IO #0/DEBUG] [net.minecraftforge.network.HandshakeHandler/FMLHANDSHAKE]: Received client indexed reply 24 of type net.minecraftforge.network.HandshakeMessages$C2SAcknowledge
[16Feb2026 18:13:57.938] [Netty Epoll Server IO #0/DEBUG] [net.minecraftforge.network.HandshakeHandler/FMLHANDSHAKE]: Received acknowledgement from client
[16Feb2026 18:13:57.938] [Netty Epoll Server IO #0/DEBUG] [net.minecraftforge.network.LoginWrapper/FMLHANDSHAKE]: Recieved login wrapper packet event for channel fml:handshake with index 25
[16Feb2026 18:13:57.938] [Netty Epoll Server IO #0/DEBUG] [net.minecraftforge.network.HandshakeHandler/FMLHANDSHAKE]: Received client indexed reply 25 of type net.minecraftforge.network.HandshakeMessages$C2SAcknowledge
[16Feb2026 18:13:57.938] [Netty Epoll Server IO #0/DEBUG] [net.minecraftforge.network.HandshakeHandler/FMLHANDSHAKE]: Received acknowledgement from client
[16Feb2026 18:13:57.949] [Server thread/DEBUG] [net.minecraftforge.network.HandshakeHandler/FMLHANDSHAKE]: Handshake complete!
[16Feb2026 18:13:58.005] [Server thread/INFO] [net.minecraft.server.players.PlayerList/]: Amorger2[/10.147.18.56:58430] logged in with entity id 18949 at (-10630.286632971012, 70.49520087700593, -4305.214952509472)
[16Feb2026 18:13:58.006] [Server thread/DEBUG] [net.minecraftforge.network.filters.NetworkFilters/]: Injected net.minecraftforge.network.filters.ForgeConnectionNetworkFilter@60154177 into net.minecraft.network.Connection@792463e6
[16Feb2026 18:13:58.043] [Server thread/INFO] [net.minecraft.server.MinecraftServer/]: Amorger2 joined the game
[16Feb2026 18:13:58.050] [Server thread/DEBUG] [FTB Teams/]: player f4d898ac-81ff-3a5f-8dfd-7b46bc2b0971 logged in, player team = Amorger2#f4d898ac
[16Feb2026 18:13:58.050] [Server thread/DEBUG] [FTB Teams/]: syncing player team data, all = false
[16Feb2026 18:13:58.058] [Server thread/DEBUG] [FTB Teams/]: updating team presence
[16Feb2026 18:13:58.058] [Server thread/DEBUG] [FTB Teams/]: sending team login event for f4d898ac-81ff-3a5f-8dfd-7b46bc2b0971...
[16Feb2026 18:13:58.059] [Server thread/DEBUG] [FTB Quests/]: Wrote 585 bytes, 0 objects
[16Feb2026 18:13:58.059] [Server thread/DEBUG] [FTB Teams/]: team login event for f4d898ac-81ff-3a5f-8dfd-7b46bc2b0971 sent
[16Feb2026 18:13:58.060] [Server thread/INFO] [Jade/]: Syncing config to Amorger2 (f4d898ac-81ff-3a5f-8dfd-7b46bc2b0971)
[16Feb2026 18:14:12.375] [Server thread/DEBUG] [com.cobblemon.mod.common.Cobblemon/]: Serializing 2 Pokémon stores.
[16Feb2026 18:14:12.376] [Server thread/DEBUG] [com.cobblemon.mod.common.Cobblemon/]: Queueing save.
[16Feb2026 18:14:12.379] [pool-4-thread-1/DEBUG] [com.cobblemon.mod.common.Cobblemon/]: Saved 2 Pokémon stores.
[16Feb2026 18:14:42.390] [Server thread/DEBUG] [com.cobblemon.mod.common.Cobblemon/]: Serializing 1 Pokémon stores.
[16Feb2026 18:14:42.390] [Server thread/DEBUG] [com.cobblemon.mod.common.Cobblemon/]: Queueing save.
[16Feb2026 18:14:42.391] [pool-4-thread-1/DEBUG] [com.cobblemon.mod.common.Cobblemon/]: Saved 1 Pokémon stores.
[16Feb2026 18:15:12.440] [Server thread/DEBUG] [com.cobblemon.mod.common.Cobblemon/]: Serializing 1 Pokémon stores.
[16Feb2026 18:15:12.440] [Server thread/DEBUG] [com.cobblemon.mod.common.Cobblemon/]: Queueing save.
[16Feb2026 18:15:12.441] [pool-4-thread-1/DEBUG] [com.cobblemon.mod.common.Cobblemon/]: Saved 1 Pokémon stores.
[16Feb2026 18:15:42.490] [Server thread/DEBUG] [com.cobblemon.mod.common.Cobblemon/]: Serializing 1 Pokémon stores.
[16Feb2026 18:15:42.490] [Server thread/DEBUG] [com.cobblemon.mod.common.Cobblemon/]: Queueing save.
[16Feb2026 18:15:42.491] [pool-4-thread-1/DEBUG] [com.cobblemon.mod.common.Cobblemon/]: Saved 1 Pokémon stores.
[16Feb2026 18:16:12.540] [Server thread/DEBUG] [com.cobblemon.mod.common.Cobblemon/]: Serializing 1 Pokémon stores.
[16Feb2026 18:16:12.540] [Server thread/DEBUG] [com.cobblemon.mod.common.Cobblemon/]: Queueing save.
[16Feb2026 18:16:12.541] [pool-4-thread-1/DEBUG] [com.cobblemon.mod.common.Cobblemon/]: Saved 1 Pokémon stores.
[16Feb2026 18:16:42.590] [Server thread/DEBUG] [com.cobblemon.mod.common.Cobblemon/]: Serializing 1 Pokémon stores.
[16Feb2026 18:16:42.590] [Server thread/DEBUG] [com.cobblemon.mod.common.Cobblemon/]: Queueing save.
[16Feb2026 18:16:42.591] [pool-4-thread-1/DEBUG] [com.cobblemon.mod.common.Cobblemon/]: Saved 1 Pokémon stores.
[16Feb2026 18:17:12.640] [Server thread/DEBUG] [com.cobblemon.mod.common.Cobblemon/]: Serializing 1 Pokémon stores.
[16Feb2026 18:17:12.640] [Server thread/DEBUG] [com.cobblemon.mod.common.Cobblemon/]: Queueing save.
[16Feb2026 18:17:12.641] [pool-4-thread-1/DEBUG] [com.cobblemon.mod.common.Cobblemon/]: Saved 1 Pokémon stores.
[16Feb2026 18:17:14.106] [Server thread/DEBUG] [Cobbledex/]: Saving 72 entries to /workspaces/RPG_minecraft/servidor_minecraft/./world/./cobbledex-coop.json
[16Feb2026 18:17:19.678] [Server thread/INFO] [net.minecraft.server.MinecraftServer/]: [Amorger2: Fully healed Amorger2's party.]
[16Feb2026 18:17:42.690] [Server thread/DEBUG] [com.cobblemon.mod.common.Cobblemon/]: Serializing 2 Pokémon stores.
[16Feb2026 18:17:42.691] [Server thread/DEBUG] [com.cobblemon.mod.common.Cobblemon/]: Queueing save.
[16Feb2026 18:17:42.693] [pool-4-thread-1/DEBUG] [com.cobblemon.mod.common.Cobblemon/]: Saved 2 Pokémon stores.
[16Feb2026 18:18:12.740] [Server thread/DEBUG] [com.cobblemon.mod.common.Cobblemon/]: Serializing 1 Pokémon stores.
[16Feb2026 18:18:12.740] [Server thread/DEBUG] [com.cobblemon.mod.common.Cobblemon/]: Queueing save.
[16Feb2026 18:18:12.741] [pool-4-thread-1/DEBUG] [com.cobblemon.mod.common.Cobblemon/]: Saved 1 Pokémon stores.
[16Feb2026 18:18:34.824] [Server thread/DEBUG] [net.minecraftforge.common.ForgeHooks/WP]: Gathering id map for writing to world save world
[16Feb2026 18:18:34.831] [Server thread/DEBUG] [net.minecraftforge.common.ForgeHooks/WP]: ID Map collection complete world
[16Feb2026 18:18:42.790] [Server thread/DEBUG] [com.cobblemon.mod.common.Cobblemon/]: Serializing 0 Pokémon stores.
[16Feb2026 18:18:42.790] [Server thread/DEBUG] [com.cobblemon.mod.common.Cobblemon/]: Queueing save.
[16Feb2026 18:18:42.793] [pool-4-thread-1/DEBUG] [com.cobblemon.mod.common.Cobblemon/]: Saved 0 Pokémon stores.
[16Feb2026 18:19:02.871] [Server thread/INFO] [net.minecraft.server.network.ServerGamePacketListenerImpl/]: Amorger2 lost connection: Disconnected
[16Feb2026 18:19:02.871] [Server thread/INFO] [net.minecraft.server.MinecraftServer/]: Amorger2 left the game
[16Feb2026 18:19:04.957] [Netty Epoll Server IO #1/DEBUG] [net.minecraftforge.network.HandshakeHandler/FMLHANDSHAKE]: Starting new modded impl connection. Found 26 messages to dispatch.
[16Feb2026 18:19:04.998] [Server thread/DEBUG] [net.minecraftforge.network.HandshakeHandler/FMLHANDSHAKE]: Sending ticking packet info 'net.minecraftforge.network.HandshakeMessages$S2CModData' to 'fml:handshake' sequence 0
[16Feb2026 18:19:05.047] [Server thread/DEBUG] [net.minecraftforge.network.HandshakeHandler/FMLHANDSHAKE]: Sending ticking packet info 'net.minecraftforge.network.HandshakeMessages$S2CModList' to 'fml:handshake' sequence 1
[16Feb2026 18:19:05.098] [Server thread/DEBUG] [net.minecraftforge.network.HandshakeHandler/FMLHANDSHAKE]: Sending ticking packet info 'Registry minecraft:command_argument_type' to 'fml:handshake' sequence 2
[16Feb2026 18:19:05.151] [Server thread/DEBUG] [net.minecraftforge.network.HandshakeHandler/FMLHANDSHAKE]: Sending ticking packet info 'Registry minecraft:recipe_serializer' to 'fml:handshake' sequence 3
[16Feb2026 18:19:05.189] [Netty Epoll Server IO #1/DEBUG] [net.minecraftforge.network.LoginWrapper/FMLHANDSHAKE]: Recieved login wrapper packet event for channel fml:handshake with index 1
[16Feb2026 18:19:05.189] [Netty Epoll Server IO #1/DEBUG] [net.minecraftforge.network.HandshakeHandler/FMLHANDSHAKE]: Received client indexed reply 1 of type net.minecraftforge.network.HandshakeMessages$C2SModListReply
[16Feb2026 18:19:05.189] [Netty Epoll Server IO #1/DEBUG] [net.minecraftforge.network.HandshakeHandler/FMLHANDSHAKE]: Received client connection with modlist [fossiltweaks, beautify, jei, cobblemon_quests, cobbled_counter, journeymap, citadel, tmtcop, glitchcore, cobblemonoutbreaks, midnightlib, spawn_notification, unimplemented_items, gravels_extended_battles, cameraoverhaul, cloth_config, forge, athena, cobblemon_alatia, minecraft, simple_cobblemon_kit, terrablender, betterbeds, cobblemonintegrations, cobblemontrainers, simpletms, biomesoplenty, jade, mr_eggs_cobblemonaddon, kotlinforforge, curios, patchouli, capture_xp, megamons, cobblemon, cobbledex, cobblepedia, fightorflight, architectury, cobgyms, ftblibrary, ftbteams, ftbquests, cobblemore_lib, cobblemon_poke_labs, cobblemon_simple_center, cobblemonmegas, cobblemonrider, mythsandlegends, betterf3, unchained, cobbledollars]
[16Feb2026 18:19:05.189] [Netty Epoll Server IO #1/DEBUG] [net.minecraftforge.network.NetworkRegistry/NETREGISTRY]: Channel 'cobbledex:main' : Version test of '1' from client : ACCEPTED
[16Feb2026 18:19:05.189] [Netty Epoll Server IO #1/DEBUG] [net.minecraftforge.network.NetworkRegistry/NETREGISTRY]: Channel 'architectury:network' : Version test of '1' from client : ACCEPTED
[16Feb2026 18:19:05.189] [Netty Epoll Server IO #1/DEBUG] [net.minecraftforge.network.NetworkRegistry/NETREGISTRY]: Channel 'jei:channel' : Version test of '1.0.0' from client : ACCEPTED
[16Feb2026 18:19:05.189] [Netty Epoll Server IO #1/DEBUG] [net.minecraftforge.network.NetworkRegistry/NETREGISTRY]: Channel 'minecraft:unregister' : Version test of 'FML3' from client : ACCEPTED
[16Feb2026 18:19:05.189] [Netty Epoll Server IO #1/DEBUG] [net.minecraftforge.network.NetworkRegistry/NETREGISTRY]: Channel 'citadel:main_channel' : Version test of '1' from client : ACCEPTED
[16Feb2026 18:19:05.189] [Netty Epoll Server IO #1/DEBUG] [net.minecraftforge.network.NetworkRegistry/NETREGISTRY]: Channel 'cobblemonrider:network' : Version test of '1.0' from client : ACCEPTED
[16Feb2026 18:19:05.189] [Netty Epoll Server IO #1/DEBUG] [net.minecraftforge.network.NetworkRegistry/NETREGISTRY]: Channel 'journeymap:version' : Version test of '1' from client : ACCEPTED
[16Feb2026 18:19:05.189] [Netty Epoll Server IO #1/DEBUG] [net.minecraftforge.network.NetworkRegistry/NETREGISTRY]: Channel 'simple_cobblemon_kit:simple_cobblemon_kit' : Version test of '1' from client : ACCEPTED
[16Feb2026 18:19:05.189] [Netty Epoll Server IO #1/DEBUG] [net.minecraftforge.network.NetworkRegistry/NETREGISTRY]: Channel 'curios:main' : Version test of '1' from client : ACCEPTED
[16Feb2026 18:19:05.189] [Netty Epoll Server IO #1/DEBUG] [net.minecraftforge.network.NetworkRegistry/NETREGISTRY]: Channel 'worldinfo:world_id' : Version test of '1' from client : ACCEPTED
[16Feb2026 18:19:05.189] [Netty Epoll Server IO #1/DEBUG] [net.minecraftforge.network.NetworkRegistry/NETREGISTRY]: Channel 'journeymap:admin_req' : Version test of '1' from client : ACCEPTED
[16Feb2026 18:19:05.189] [Netty Epoll Server IO #1/DEBUG] [net.minecraftforge.network.NetworkRegistry/NETREGISTRY]: Channel 'journeymap:mp_options_req' : Version test of '1' from client : ACCEPTED
[16Feb2026 18:19:05.189] [Netty Epoll Server IO #1/DEBUG] [net.minecraftforge.network.NetworkRegistry/NETREGISTRY]: Channel 'journeymap:waypoint' : Version test of '1' from client : ACCEPTED
[16Feb2026 18:19:05.189] [Netty Epoll Server IO #1/DEBUG] [net.minecraftforge.network.NetworkRegistry/NETREGISTRY]: Channel 'fml:loginwrapper' : Version test of 'FML3' from client : ACCEPTED
[16Feb2026 18:19:05.190] [Netty Epoll Server IO #1/DEBUG] [net.minecraftforge.network.NetworkRegistry/NETREGISTRY]: Channel 'forge:tier_sorting' : Version test of '1.0' from client : ACCEPTED
[16Feb2026 18:19:05.190] [Netty Epoll Server IO #1/DEBUG] [net.minecraftforge.network.NetworkRegistry/NETREGISTRY]: Channel 'fml:play' : Version test of 'FML3' from client : ACCEPTED
[16Feb2026 18:19:05.190] [Netty Epoll Server IO #1/DEBUG] [net.minecraftforge.network.NetworkRegistry/NETREGISTRY]: Channel 'tmtcop:tmtcop' : Version test of '1' from client : ACCEPTED
[16Feb2026 18:19:05.190] [Netty Epoll Server IO #1/DEBUG] [net.minecraftforge.network.NetworkRegistry/NETREGISTRY]: Channel 'journeymap:player_loc' : Version test of '1' from client : ACCEPTED
[16Feb2026 18:19:05.190] [Netty Epoll Server IO #1/DEBUG] [net.minecraftforge.network.NetworkRegistry/NETREGISTRY]: Channel 'journeymap:admin_save' : Version test of '1' from client : ACCEPTED
[16Feb2026 18:19:05.190] [Netty Epoll Server IO #1/DEBUG] [net.minecraftforge.network.NetworkRegistry/NETREGISTRY]: Channel 'patchouli:main' : Version test of '1' from client : ACCEPTED
[16Feb2026 18:19:05.190] [Netty Epoll Server IO #1/DEBUG] [net.minecraftforge.network.NetworkRegistry/NETREGISTRY]: Channel 'journeymap:teleport_req' : Version test of '1' from client : ACCEPTED
[16Feb2026 18:19:05.190] [Netty Epoll Server IO #1/DEBUG] [net.minecraftforge.network.NetworkRegistry/NETREGISTRY]: Channel 'fml:handshake' : Version test of 'FML3' from client : ACCEPTED
[16Feb2026 18:19:05.190] [Netty Epoll Server IO #1/DEBUG] [net.minecraftforge.network.NetworkRegistry/NETREGISTRY]: Channel 'journeymap:common' : Version test of '1' from client : ACCEPTED
[16Feb2026 18:19:05.190] [Netty Epoll Server IO #1/DEBUG] [net.minecraftforge.network.NetworkRegistry/NETREGISTRY]: Channel 'cobblemonintegrations:main' : Version test of '1' from client : ACCEPTED
[16Feb2026 18:19:05.190] [Netty Epoll Server IO #1/DEBUG] [net.minecraftforge.network.NetworkRegistry/NETREGISTRY]: Channel 'minecraft:register' : Version test of 'FML3' from client : ACCEPTED
[16Feb2026 18:19:05.190] [Netty Epoll Server IO #1/DEBUG] [net.minecraftforge.network.NetworkRegistry/NETREGISTRY]: Channel 'cobblemon:main' : Version test of '1' from client : ACCEPTED
[16Feb2026 18:19:05.190] [Netty Epoll Server IO #1/DEBUG] [net.minecraftforge.network.NetworkRegistry/NETREGISTRY]: Channel 'forge:split' : Version test of '1.1' from client : ACCEPTED
[16Feb2026 18:19:05.190] [Netty Epoll Server IO #1/DEBUG] [net.minecraftforge.network.NetworkRegistry/NETREGISTRY]: Channel 'journeymap:perm_req' : Version test of '1' from client : ACCEPTED
[16Feb2026 18:19:05.190] [Netty Epoll Server IO #1/DEBUG] [net.minecraftforge.network.NetworkRegistry/NETREGISTRY]: Channel 'simpletms:main' : Version test of '1' from client : ACCEPTED
[16Feb2026 18:19:05.190] [Netty Epoll Server IO #1/DEBUG] [net.minecraftforge.network.NetworkRegistry/NETREGISTRY]: Channel 'jade:networking' : Version test of '2' from client : ACCEPTED
[16Feb2026 18:19:05.190] [Netty Epoll Server IO #1/DEBUG] [net.minecraftforge.network.NetworkRegistry/NETREGISTRY]: Accepting channel list from client
[16Feb2026 18:19:05.190] [Netty Epoll Server IO #1/DEBUG] [net.minecraftforge.network.HandshakeHandler/FMLHANDSHAKE]: Accepted client connection mod list
[16Feb2026 18:19:05.209] [Server thread/DEBUG] [net.minecraftforge.network.HandshakeHandler/FMLHANDSHAKE]: Sending ticking packet info 'Registry minecraft:sound_event' to 'fml:handshake' sequence 4
[16Feb2026 18:19:05.238] [Netty Epoll Server IO #1/DEBUG] [net.minecraftforge.network.LoginWrapper/FMLHANDSHAKE]: Recieved login wrapper packet event for channel fml:handshake with index 2
[16Feb2026 18:19:05.238] [Netty Epoll Server IO #1/DEBUG] [net.minecraftforge.network.HandshakeHandler/FMLHANDSHAKE]: Received client indexed reply 2 of type net.minecraftforge.network.HandshakeMessages$C2SAcknowledge
[16Feb2026 18:19:05.238] [Netty Epoll Server IO #1/DEBUG] [net.minecraftforge.network.HandshakeHandler/FMLHANDSHAKE]: Received acknowledgement from client
[16Feb2026 18:19:05.247] [Server thread/DEBUG] [net.minecraftforge.network.HandshakeHandler/FMLHANDSHAKE]: Sending ticking packet info 'Registry minecraft:particle_type' to 'fml:handshake' sequence 5
[16Feb2026 18:19:05.293] [Netty Epoll Server IO #1/DEBUG] [net.minecraftforge.network.LoginWrapper/FMLHANDSHAKE]: Recieved login wrapper packet event for channel fml:handshake with index 3
[16Feb2026 18:19:05.293] [Netty Epoll Server IO #1/DEBUG] [net.minecraftforge.network.HandshakeHandler/FMLHANDSHAKE]: Received client indexed reply 3 of type net.minecraftforge.network.HandshakeMessages$C2SAcknowledge
[16Feb2026 18:19:05.293] [Netty Epoll Server IO #1/DEBUG] [net.minecraftforge.network.HandshakeHandler/FMLHANDSHAKE]: Received acknowledgement from client
[16Feb2026 18:19:05.298] [Server thread/DEBUG] [net.minecraftforge.network.HandshakeHandler/FMLHANDSHAKE]: Sending ticking packet info 'Registry minecraft:villager_profession' to 'fml:handshake' sequence 6
[16Feb2026 18:19:05.348] [Server thread/DEBUG] [net.minecraftforge.network.HandshakeHandler/FMLHANDSHAKE]: Sending ticking packet info 'Registry minecraft:item' to 'fml:handshake' sequence 7
[16Feb2026 18:19:05.396] [Server thread/DEBUG] [net.minecraftforge.network.HandshakeHandler/FMLHANDSHAKE]: Sending ticking packet info 'Registry minecraft:potion' to 'fml:handshake' sequence 8
[16Feb2026 18:19:05.438] [Netty Epoll Server IO #1/DEBUG] [net.minecraftforge.network.LoginWrapper/FMLHANDSHAKE]: Recieved login wrapper packet event for channel fml:handshake with index 4
[16Feb2026 18:19:05.438] [Netty Epoll Server IO #1/DEBUG] [net.minecraftforge.network.HandshakeHandler/FMLHANDSHAKE]: Received client indexed reply 4 of type net.minecraftforge.network.HandshakeMessages$C2SAcknowledge
[16Feb2026 18:19:05.438] [Netty Epoll Server IO #1/DEBUG] [net.minecraftforge.network.HandshakeHandler/FMLHANDSHAKE]: Received acknowledgement from client
[16Feb2026 18:19:05.438] [Netty Epoll Server IO #1/DEBUG] [net.minecraftforge.network.LoginWrapper/FMLHANDSHAKE]: Recieved login wrapper packet event for channel fml:handshake with index 5
[16Feb2026 18:19:05.438] [Netty Epoll Server IO #1/DEBUG] [net.minecraftforge.network.HandshakeHandler/FMLHANDSHAKE]: Received client indexed reply 5 of type net.minecraftforge.network.HandshakeMessages$C2SAcknowledge
[16Feb2026 18:19:05.438] [Netty Epoll Server IO #1/DEBUG] [net.minecraftforge.network.HandshakeHandler/FMLHANDSHAKE]: Received acknowledgement from client
[16Feb2026 18:19:05.438] [Netty Epoll Server IO #1/DEBUG] [net.minecraftforge.network.LoginWrapper/FMLHANDSHAKE]: Recieved login wrapper packet event for channel fml:handshake with index 6
[16Feb2026 18:19:05.438] [Netty Epoll Server IO #1/DEBUG] [net.minecraftforge.network.HandshakeHandler/FMLHANDSHAKE]: Received client indexed reply 6 of type net.minecraftforge.network.HandshakeMessages$C2SAcknowledge
[16Feb2026 18:19:05.438] [Netty Epoll Server IO #1/DEBUG] [net.minecraftforge.network.HandshakeHandler/FMLHANDSHAKE]: Received acknowledgement from client
[16Feb2026 18:19:05.449] [Server thread/DEBUG] [net.minecraftforge.network.HandshakeHandler/FMLHANDSHAKE]: Sending ticking packet info 'Registry minecraft:painting_variant' to 'fml:handshake' sequence 9
[16Feb2026 18:19:05.497] [Server thread/DEBUG] [net.minecraftforge.network.HandshakeHandler/FMLHANDSHAKE]: Sending ticking packet info 'Registry forge:fluid_type' to 'fml:handshake' sequence 10
[16Feb2026 18:19:05.547] [Server thread/DEBUG] [net.minecraftforge.network.HandshakeHandler/FMLHANDSHAKE]: Sending ticking packet info 'Registry minecraft:block_entity_type' to 'fml:handshake' sequence 11
[16Feb2026 18:19:05.598] [Server thread/DEBUG] [net.minecraftforge.network.HandshakeHandler/FMLHANDSHAKE]: Sending ticking packet info 'Registry forge:display_contexts' to 'fml:handshake' sequence 12
[16Feb2026 18:19:05.610] [Netty Epoll Server IO #1/DEBUG] [net.minecraftforge.network.LoginWrapper/FMLHANDSHAKE]: Recieved login wrapper packet event for channel fml:handshake with index 7
[16Feb2026 18:19:05.610] [Netty Epoll Server IO #1/DEBUG] [net.minecraftforge.network.HandshakeHandler/FMLHANDSHAKE]: Received client indexed reply 7 of type net.minecraftforge.network.HandshakeMessages$C2SAcknowledge
[16Feb2026 18:19:05.610] [Netty Epoll Server IO #1/DEBUG] [net.minecraftforge.network.HandshakeHandler/FMLHANDSHAKE]: Received acknowledgement from client
[16Feb2026 18:19:05.610] [Netty Epoll Server IO #1/DEBUG] [net.minecraftforge.network.LoginWrapper/FMLHANDSHAKE]: Recieved login wrapper packet event for channel fml:handshake with index 8
[16Feb2026 18:19:05.610] [Netty Epoll Server IO #1/DEBUG] [net.minecraftforge.network.HandshakeHandler/FMLHANDSHAKE]: Received client indexed reply 8 of type net.minecraftforge.network.HandshakeMessages$C2SAcknowledge
[16Feb2026 18:19:05.610] [Netty Epoll Server IO #1/DEBUG] [net.minecraftforge.network.HandshakeHandler/FMLHANDSHAKE]: Received acknowledgement from client
[16Feb2026 18:19:05.610] [Netty Epoll Server IO #1/DEBUG] [net.minecraftforge.network.LoginWrapper/FMLHANDSHAKE]: Recieved login wrapper packet event for channel fml:handshake with index 9
[16Feb2026 18:19:05.610] [Netty Epoll Server IO #1/DEBUG] [net.minecraftforge.network.HandshakeHandler/FMLHANDSHAKE]: Received client indexed reply 9 of type net.minecraftforge.network.HandshakeMessages$C2SAcknowledge
[16Feb2026 18:19:05.610] [Netty Epoll Server IO #1/DEBUG] [net.minecraftforge.network.HandshakeHandler/FMLHANDSHAKE]: Received acknowledgement from client
[16Feb2026 18:19:05.610] [Netty Epoll Server IO #1/DEBUG] [net.minecraftforge.network.LoginWrapper/FMLHANDSHAKE]: Recieved login wrapper packet event for channel fml:handshake with index 10
[16Feb2026 18:19:05.610] [Netty Epoll Server IO #1/DEBUG] [net.minecraftforge.network.HandshakeHandler/FMLHANDSHAKE]: Received client indexed reply 10 of type net.minecraftforge.network.HandshakeMessages$C2SAcknowledge
[16Feb2026 18:19:05.610] [Netty Epoll Server IO #1/DEBUG] [net.minecraftforge.network.HandshakeHandler/FMLHANDSHAKE]: Received acknowledgement from client
[16Feb2026 18:19:05.630] [Netty Epoll Server IO #1/DEBUG] [net.minecraftforge.network.LoginWrapper/FMLHANDSHAKE]: Recieved login wrapper packet event for channel fml:handshake with index 11
[16Feb2026 18:19:05.630] [Netty Epoll Server IO #1/DEBUG] [net.minecraftforge.network.HandshakeHandler/FMLHANDSHAKE]: Received client indexed reply 11 of type net.minecraftforge.network.HandshakeMessages$C2SAcknowledge
[16Feb2026 18:19:05.630] [Netty Epoll Server IO #1/DEBUG] [net.minecraftforge.network.HandshakeHandler/FMLHANDSHAKE]: Received acknowledgement from client
[16Feb2026 18:19:05.646] [Server thread/DEBUG] [net.minecraftforge.network.HandshakeHandler/FMLHANDSHAKE]: Sending ticking packet info 'Registry minecraft:block' to 'fml:handshake' sequence 13
[16Feb2026 18:19:05.681] [Netty Epoll Server IO #1/DEBUG] [net.minecraftforge.network.LoginWrapper/FMLHANDSHAKE]: Recieved login wrapper packet event for channel fml:handshake with index 12
[16Feb2026 18:19:05.681] [Netty Epoll Server IO #1/DEBUG] [net.minecraftforge.network.HandshakeHandler/FMLHANDSHAKE]: Received client indexed reply 12 of type net.minecraftforge.network.HandshakeMessages$C2SAcknowledge
[16Feb2026 18:19:05.681] [Netty Epoll Server IO #1/DEBUG] [net.minecraftforge.network.HandshakeHandler/FMLHANDSHAKE]: Received acknowledgement from client
[16Feb2026 18:19:05.697] [Server thread/DEBUG] [net.minecraftforge.network.HandshakeHandler/FMLHANDSHAKE]: Sending ticking packet info 'Registry forge:entity_data_serializers' to 'fml:handshake' sequence 14
[16Feb2026 18:19:05.735] [Netty Epoll Server IO #1/DEBUG] [net.minecraftforge.network.LoginWrapper/FMLHANDSHAKE]: Recieved login wrapper packet event for channel fml:handshake with index 13
[16Feb2026 18:19:05.735] [Netty Epoll Server IO #1/DEBUG] [net.minecraftforge.network.HandshakeHandler/FMLHANDSHAKE]: Received client indexed reply 13 of type net.minecraftforge.network.HandshakeMessages$C2SAcknowledge
[16Feb2026 18:19:05.735] [Netty Epoll Server IO #1/DEBUG] [net.minecraftforge.network.HandshakeHandler/FMLHANDSHAKE]: Received acknowledgement from client
[16Feb2026 18:19:05.746] [Server thread/DEBUG] [net.minecraftforge.network.HandshakeHandler/FMLHANDSHAKE]: Sending ticking packet info 'Registry minecraft:mob_effect' to 'fml:handshake' sequence 15
[16Feb2026 18:19:05.780] [Netty Epoll Server IO #1/DEBUG] [net.minecraftforge.network.LoginWrapper/FMLHANDSHAKE]: Recieved login wrapper packet event for channel fml:handshake with index 14
[16Feb2026 18:19:05.780] [Netty Epoll Server IO #1/DEBUG] [net.minecraftforge.network.HandshakeHandler/FMLHANDSHAKE]: Received client indexed reply 14 of type net.minecraftforge.network.HandshakeMessages$C2SAcknowledge
[16Feb2026 18:19:05.780] [Netty Epoll Server IO #1/DEBUG] [net.minecraftforge.network.HandshakeHandler/FMLHANDSHAKE]: Received acknowledgement from client
[16Feb2026 18:19:05.796] [Server thread/DEBUG] [net.minecraftforge.network.HandshakeHandler/FMLHANDSHAKE]: Sending ticking packet info 'Registry minecraft:stat_type' to 'fml:handshake' sequence 16
[16Feb2026 18:19:05.829] [Netty Epoll Server IO #1/DEBUG] [net.minecraftforge.network.LoginWrapper/FMLHANDSHAKE]: Recieved login wrapper packet event for channel fml:handshake with index 15
[16Feb2026 18:19:05.829] [Netty Epoll Server IO #1/DEBUG] [net.minecraftforge.network.HandshakeHandler/FMLHANDSHAKE]: Received client indexed reply 15 of type net.minecraftforge.network.HandshakeMessages$C2SAcknowledge
[16Feb2026 18:19:05.829] [Netty Epoll Server IO #1/DEBUG] [net.minecraftforge.network.HandshakeHandler/FMLHANDSHAKE]: Received acknowledgement from client
[16Feb2026 18:19:05.845] [Server thread/DEBUG] [net.minecraftforge.network.HandshakeHandler/FMLHANDSHAKE]: Sending ticking packet info 'Registry minecraft:menu' to 'fml:handshake' sequence 17
[16Feb2026 18:19:05.879] [Netty Epoll Server IO #1/DEBUG] [net.minecraftforge.network.LoginWrapper/FMLHANDSHAKE]: Recieved login wrapper packet event for channel fml:handshake with index 16
[16Feb2026 18:19:05.879] [Netty Epoll Server IO #1/DEBUG] [net.minecraftforge.network.HandshakeHandler/FMLHANDSHAKE]: Received client indexed reply 16 of type net.minecraftforge.network.HandshakeMessages$C2SAcknowledge
[16Feb2026 18:19:05.879] [Netty Epoll Server IO #1/DEBUG] [net.minecraftforge.network.HandshakeHandler/FMLHANDSHAKE]: Received acknowledgement from client
[16Feb2026 18:19:05.894] [Server thread/DEBUG] [net.minecraftforge.network.HandshakeHandler/FMLHANDSHAKE]: Sending ticking packet info 'Registry minecraft:enchantment' to 'fml:handshake' sequence 18
[16Feb2026 18:19:05.929] [Netty Epoll Server IO #1/DEBUG] [net.minecraftforge.network.LoginWrapper/FMLHANDSHAKE]: Recieved login wrapper packet event for channel fml:handshake with index 17
[16Feb2026 18:19:05.929] [Netty Epoll Server IO #1/DEBUG] [net.minecraftforge.network.HandshakeHandler/FMLHANDSHAKE]: Received client indexed reply 17 of type net.minecraftforge.network.HandshakeMessages$C2SAcknowledge
[16Feb2026 18:19:05.929] [Netty Epoll Server IO #1/DEBUG] [net.minecraftforge.network.HandshakeHandler/FMLHANDSHAKE]: Received acknowledgement from client
[16Feb2026 18:19:05.945] [Server thread/DEBUG] [net.minecraftforge.network.HandshakeHandler/FMLHANDSHAKE]: Sending ticking packet info 'Registry minecraft:fluid' to 'fml:handshake' sequence 19
[16Feb2026 18:19:05.978] [Netty Epoll Server IO #1/DEBUG] [net.minecraftforge.network.LoginWrapper/FMLHANDSHAKE]: Recieved login wrapper packet event for channel fml:handshake with index 18
[16Feb2026 18:19:05.979] [Netty Epoll Server IO #1/DEBUG] [net.minecraftforge.network.HandshakeHandler/FMLHANDSHAKE]: Received client indexed reply 18 of type net.minecraftforge.network.HandshakeMessages$C2SAcknowledge
[16Feb2026 18:19:05.979] [Netty Epoll Server IO #1/DEBUG] [net.minecraftforge.network.HandshakeHandler/FMLHANDSHAKE]: Received acknowledgement from client
[16Feb2026 18:19:05.996] [Server thread/DEBUG] [net.minecraftforge.network.HandshakeHandler/FMLHANDSHAKE]: Sending ticking packet info 'Registry minecraft:entity_type' to 'fml:handshake' sequence 20
[16Feb2026 18:19:06.028] [Netty Epoll Server IO #1/DEBUG] [net.minecraftforge.network.LoginWrapper/FMLHANDSHAKE]: Recieved login wrapper packet event for channel fml:handshake with index 19
[16Feb2026 18:19:06.028] [Netty Epoll Server IO #1/DEBUG] [net.minecraftforge.network.HandshakeHandler/FMLHANDSHAKE]: Received client indexed reply 19 of type net.minecraftforge.network.HandshakeMessages$C2SAcknowledge
[16Feb2026 18:19:06.028] [Netty Epoll Server IO #1/DEBUG] [net.minecraftforge.network.HandshakeHandler/FMLHANDSHAKE]: Received acknowledgement from client
[16Feb2026 18:19:06.045] [Server thread/DEBUG] [net.minecraftforge.network.HandshakeHandler/FMLHANDSHAKE]: Sending ticking packet info 'Config journeymap-server.toml' to 'fml:handshake' sequence 21
[16Feb2026 18:19:06.096] [Server thread/DEBUG] [net.minecraftforge.network.HandshakeHandler/FMLHANDSHAKE]: Sending ticking packet info 'Config curios-server.toml' to 'fml:handshake' sequence 22
[16Feb2026 18:19:06.150] [Server thread/DEBUG] [net.minecraftforge.network.HandshakeHandler/FMLHANDSHAKE]: Sending ticking packet info 'Config jei-server.toml' to 'fml:handshake' sequence 23
[16Feb2026 18:19:06.197] [Server thread/DEBUG] [net.minecraftforge.network.HandshakeHandler/FMLHANDSHAKE]: Sending ticking packet info 'Config beautify-server.toml' to 'fml:handshake' sequence 24
[16Feb2026 18:19:06.248] [Server thread/DEBUG] [net.minecraftforge.network.HandshakeHandler/FMLHANDSHAKE]: Sending ticking packet info 'Config forge-server.toml' to 'fml:handshake' sequence 25
[16Feb2026 18:19:06.589] [Netty Epoll Server IO #1/DEBUG] [net.minecraftforge.network.LoginWrapper/FMLHANDSHAKE]: Recieved login wrapper packet event for channel fml:handshake with index 20
[16Feb2026 18:19:06.589] [Netty Epoll Server IO #1/DEBUG] [net.minecraftforge.network.HandshakeHandler/FMLHANDSHAKE]: Received client indexed reply 20 of type net.minecraftforge.network.HandshakeMessages$C2SAcknowledge
[16Feb2026 18:19:06.589] [Netty Epoll Server IO #1/DEBUG] [net.minecraftforge.network.HandshakeHandler/FMLHANDSHAKE]: Received acknowledgement from client
[16Feb2026 18:19:06.589] [Netty Epoll Server IO #1/DEBUG] [net.minecraftforge.network.LoginWrapper/FMLHANDSHAKE]: Recieved login wrapper packet event for channel fml:handshake with index 21
[16Feb2026 18:19:06.589] [Netty Epoll Server IO #1/DEBUG] [net.minecraftforge.network.HandshakeHandler/FMLHANDSHAKE]: Received client indexed reply 21 of type net.minecraftforge.network.HandshakeMessages$C2SAcknowledge
[16Feb2026 18:19:06.590] [Netty Epoll Server IO #1/DEBUG] [net.minecraftforge.network.HandshakeHandler/FMLHANDSHAKE]: Received acknowledgement from client
[16Feb2026 18:19:06.590] [Netty Epoll Server IO #1/DEBUG] [net.minecraftforge.network.LoginWrapper/FMLHANDSHAKE]: Recieved login wrapper packet event for channel fml:handshake with index 22
[16Feb2026 18:19:06.590] [Netty Epoll Server IO #1/DEBUG] [net.minecraftforge.network.HandshakeHandler/FMLHANDSHAKE]: Received client indexed reply 22 of type net.minecraftforge.network.HandshakeMessages$C2SAcknowledge
[16Feb2026 18:19:06.591] [Netty Epoll Server IO #1/DEBUG] [net.minecraftforge.network.HandshakeHandler/FMLHANDSHAKE]: Received acknowledgement from client
[16Feb2026 18:19:06.591] [Netty Epoll Server IO #1/DEBUG] [net.minecraftforge.network.LoginWrapper/FMLHANDSHAKE]: Recieved login wrapper packet event for channel fml:handshake with index 23
[16Feb2026 18:19:06.591] [Netty Epoll Server IO #1/DEBUG] [net.minecraftforge.network.HandshakeHandler/FMLHANDSHAKE]: Received client indexed reply 23 of type net.minecraftforge.network.HandshakeMessages$C2SAcknowledge
[16Feb2026 18:19:06.591] [Netty Epoll Server IO #1/DEBUG] [net.minecraftforge.network.HandshakeHandler/FMLHANDSHAKE]: Received acknowledgement from client
[16Feb2026 18:19:06.591] [Netty Epoll Server IO #1/DEBUG] [net.minecraftforge.network.LoginWrapper/FMLHANDSHAKE]: Recieved login wrapper packet event for channel fml:handshake with index 24
[16Feb2026 18:19:06.591] [Netty Epoll Server IO #1/DEBUG] [net.minecraftforge.network.HandshakeHandler/FMLHANDSHAKE]: Received client indexed reply 24 of type net.minecraftforge.network.HandshakeMessages$C2SAcknowledge
[16Feb2026 18:19:06.591] [Netty Epoll Server IO #1/DEBUG] [net.minecraftforge.network.HandshakeHandler/FMLHANDSHAKE]: Received acknowledgement from client
[16Feb2026 18:19:06.591] [Netty Epoll Server IO #1/DEBUG] [net.minecraftforge.network.LoginWrapper/FMLHANDSHAKE]: Recieved login wrapper packet event for channel fml:handshake with index 25
[16Feb2026 18:19:06.591] [Netty Epoll Server IO #1/DEBUG] [net.minecraftforge.network.HandshakeHandler/FMLHANDSHAKE]: Received client indexed reply 25 of type net.minecraftforge.network.HandshakeMessages$C2SAcknowledge
[16Feb2026 18:19:06.591] [Netty Epoll Server IO #1/DEBUG] [net.minecraftforge.network.HandshakeHandler/FMLHANDSHAKE]: Received acknowledgement from client
[16Feb2026 18:19:06.595] [Server thread/DEBUG] [net.minecraftforge.network.HandshakeHandler/FMLHANDSHAKE]: Handshake complete!
[16Feb2026 18:19:06.650] [Server thread/INFO] [net.minecraft.server.players.PlayerList/]: Amorger2[/10.147.18.56:58697] logged in with entity id 20510 at (-10887.546758535053, 73.67647087614428, -3974.208137126904)
[16Feb2026 18:19:06.651] [Server thread/DEBUG] [net.minecraftforge.network.filters.NetworkFilters/]: Injected net.minecraftforge.network.filters.ForgeConnectionNetworkFilter@bba4009 into net.minecraft.network.Connection@68598109
[16Feb2026 18:19:06.684] [Server thread/INFO] [net.minecraft.server.MinecraftServer/]: Amorger2 joined the game
[16Feb2026 18:19:06.688] [Server thread/DEBUG] [FTB Teams/]: player f4d898ac-81ff-3a5f-8dfd-7b46bc2b0971 logged in, player team = Amorger2#f4d898ac
[16Feb2026 18:19:06.688] [Server thread/DEBUG] [FTB Teams/]: syncing player team data, all = false
[16Feb2026 18:19:06.697] [Server thread/DEBUG] [FTB Teams/]: updating team presence
[16Feb2026 18:19:06.697] [Server thread/DEBUG] [FTB Teams/]: sending team login event for f4d898ac-81ff-3a5f-8dfd-7b46bc2b0971...
[16Feb2026 18:19:06.697] [Server thread/DEBUG] [FTB Quests/]: Wrote 585 bytes, 0 objects
[16Feb2026 18:19:06.697] [Server thread/DEBUG] [FTB Teams/]: team login event for f4d898ac-81ff-3a5f-8dfd-7b46bc2b0971 sent
[16Feb2026 18:19:06.698] [Server thread/INFO] [Jade/]: Syncing config to Amorger2 (f4d898ac-81ff-3a5f-8dfd-7b46bc2b0971)
[16Feb2026 18:19:12.896] [Server thread/DEBUG] [com.cobblemon.mod.common.Cobblemon/]: Serializing 2 Pokémon stores.
[16Feb2026 18:19:12.897] [Server thread/DEBUG] [com.cobblemon.mod.common.Cobblemon/]: Queueing save.
[16Feb2026 18:19:12.898] [pool-4-thread-1/DEBUG] [com.cobblemon.mod.common.Cobblemon/]: Saved 2 Pokémon stores.
[16Feb2026 18:19:42.890] [Server thread/DEBUG] [com.cobblemon.mod.common.Cobblemon/]: Serializing 1 Pokémon stores.
[16Feb2026 18:19:42.891] [Server thread/DEBUG] [com.cobblemon.mod.common.Cobblemon/]: Queueing save.
[16Feb2026 18:19:42.892] [pool-4-thread-1/DEBUG] [com.cobblemon.mod.common.Cobblemon/]: Saved 1 Pokémon stores.
[16Feb2026 18:19:53.265] [Server thread/WARN] [net.minecraft.world.level.chunk.LevelChunk/]: Tried to load a block entity for block Block{cobblemon:pc}[facing=north,on=false,part=top,waterlogged=false] but failed at location BlockPos{x=-11164, y=79, z=-3950}
[16Feb2026 18:20:08.949] [Server thread/WARN] [net.minecraft.world.level.chunk.LevelChunk/]: Tried to load a block entity for block Block{cobblemon:pc}[facing=south,on=false,part=top,waterlogged=false] but failed at location BlockPos{x=-10756, y=64, z=-3586}
[16Feb2026 18:20:12.940] [Server thread/DEBUG] [com.cobblemon.mod.common.Cobblemon/]: Serializing 0 Pokémon stores.
[16Feb2026 18:20:12.940] [Server thread/DEBUG] [com.cobblemon.mod.common.Cobblemon/]: Queueing save.
[16Feb2026 18:20:12.940] [pool-4-thread-1/DEBUG] [com.cobblemon.mod.common.Cobblemon/]: Saved 0 Pokémon stores.
[16Feb2026 18:20:29.300] [Server thread/WARN] [net.minecraft.world.level.chunk.LevelChunk/]: Tried to load a block entity for block Block{cobblemon:pc}[facing=west,on=false,part=top,waterlogged=false] but failed at location BlockPos{x=-11182, y=64, z=-3572}
[16Feb2026 18:20:42.990] [Server thread/DEBUG] [com.cobblemon.mod.common.Cobblemon/]: Serializing 2 Pokémon stores.
[16Feb2026 18:20:42.991] [Server thread/DEBUG] [com.cobblemon.mod.common.Cobblemon/]: Queueing save.
[16Feb2026 18:20:42.997] [pool-4-thread-1/DEBUG] [com.cobblemon.mod.common.Cobblemon/]: Saved 2 Pokémon stores.
[16Feb2026 18:21:07.311] [Server thread/INFO] [net.minecraft.server.commands.LocateCommand/]: Locating element minecraft:badlands took 5010 ms
[16Feb2026 18:21:07.311] [Server thread/WARN] [net.minecraft.server.MinecraftServer/]: Can't keep up! Is the server overloaded? Running 4971ms or 99 ticks behind
[16Feb2026 18:21:14.830] [Server thread/INFO] [net.minecraft.server.MinecraftServer/]: [Amorger2: Teleported Amorger2 to -15056.500000, 62.000000, -7492.500000]
[16Feb2026 18:21:17.990] [Server thread/DEBUG] [com.cobblemon.mod.common.Cobblemon/]: Serializing 1 Pokémon stores.
[16Feb2026 18:21:17.991] [Server thread/DEBUG] [com.cobblemon.mod.common.Cobblemon/]: Queueing save.
[16Feb2026 18:21:17.993] [pool-4-thread-1/DEBUG] [com.cobblemon.mod.common.Cobblemon/]: Saved 1 Pokémon stores.
[16Feb2026 18:21:27.852] [Server thread/WARN] [net.minecraft.world.level.chunk.LevelChunk/]: Tried to load a block entity for block Block{cobblemon:pc}[facing=west,on=false,part=top,waterlogged=false] but failed at location BlockPos{x=-15182, y=71, z=-7524}
[16Feb2026 18:21:48.040] [Server thread/DEBUG] [com.cobblemon.mod.common.Cobblemon/]: Serializing 1 Pokémon stores.
[16Feb2026 18:21:48.040] [Server thread/DEBUG] [com.cobblemon.mod.common.Cobblemon/]: Queueing save.
[16Feb2026 18:21:48.045] [pool-4-thread-1/DEBUG] [com.cobblemon.mod.common.Cobblemon/]: Saved 1 Pokémon stores.
[16Feb2026 18:21:54.825] [Server thread/INFO] [net.minecraft.server.MinecraftServer/]: Dortodoloncio fell from a high place
[16Feb2026 18:22:18.090] [Server thread/DEBUG] [com.cobblemon.mod.common.Cobblemon/]: Serializing 1 Pokémon stores.
[16Feb2026 18:22:18.090] [Server thread/DEBUG] [com.cobblemon.mod.common.Cobblemon/]: Queueing save.
[16Feb2026 18:22:18.092] [pool-4-thread-1/DEBUG] [com.cobblemon.mod.common.Cobblemon/]: Saved 1 Pokémon stores.
[16Feb2026 18:22:48.140] [Server thread/DEBUG] [com.cobblemon.mod.common.Cobblemon/]: Serializing 0 Pokémon stores.
[16Feb2026 18:22:48.140] [Server thread/DEBUG] [com.cobblemon.mod.common.Cobblemon/]: Queueing save.
[16Feb2026 18:22:48.140] [pool-4-thread-1/DEBUG] [com.cobblemon.mod.common.Cobblemon/]: Saved 0 Pokémon stores.
[16Feb2026 18:23:04.000] [Server thread/INFO] [net.minecraft.server.MinecraftServer/]: [Amorger2: Fully healed Amorger2's party.]
[16Feb2026 18:23:15.155] [Server thread/WARN] [net.minecraft.world.level.chunk.LevelChunk/]: Tried to load a block entity for block Block{cobblemon:pc}[facing=east,on=false,part=top,waterlogged=false] but failed at location BlockPos{x=2414, y=111, z=-5212}
[16Feb2026 18:23:18.190] [Server thread/DEBUG] [com.cobblemon.mod.common.Cobblemon/]: Serializing 2 Pokémon stores.
[16Feb2026 18:23:18.191] [Server thread/DEBUG] [com.cobblemon.mod.common.Cobblemon/]: Queueing save.
[16Feb2026 18:23:18.192] [pool-4-thread-1/DEBUG] [com.cobblemon.mod.common.Cobblemon/]: Saved 2 Pokémon stores.
[16Feb2026 18:23:39.795] [Server thread/DEBUG] [net.minecraftforge.common.ForgeHooks/WP]: Gathering id map for writing to world save world
[16Feb2026 18:23:39.806] [Server thread/DEBUG] [net.minecraftforge.common.ForgeHooks/WP]: ID Map collection complete world
[16Feb2026 18:23:48.259] [Server thread/DEBUG] [com.cobblemon.mod.common.Cobblemon/]: Serializing 2 Pokémon stores.
[16Feb2026 18:23:48.259] [Server thread/DEBUG] [com.cobblemon.mod.common.Cobblemon/]: Queueing save.
[16Feb2026 18:23:48.261] [pool-4-thread-1/DEBUG] [com.cobblemon.mod.common.Cobblemon/]: Saved 2 Pokémon stores.
[16Feb2026 18:23:48.780] [Server thread/INFO] [com.selfdot.cobblemontrainers.libs.io.JsonFile/]: Saved config/trainers/groups/Ungrouped/124593e7-ae84-46c9-973b-c59bae6fd25e.json
[16Feb2026 18:23:48.781] [Server thread/INFO] [com.selfdot.cobblemontrainers.libs.io.JsonFile/]: Saved config/trainers/groups/Ungrouped/124593e7-ae84-46c9-973b-c59bae6fd25e.json
[16Feb2026 18:23:48.782] [Server thread/INFO] [com.selfdot.cobblemontrainers.libs.io.JsonFile/]: Saved config/trainers/groups/Ungrouped/124593e7-ae84-46c9-973b-c59bae6fd25e.json
[16Feb2026 18:23:48.783] [Server thread/INFO] [com.selfdot.cobblemontrainers.libs.io.JsonFile/]: Saved config/trainers/groups/Ungrouped/124593e7-ae84-46c9-973b-c59bae6fd25e.json
[16Feb2026 18:23:48.783] [Server thread/INFO] [com.selfdot.cobblemontrainers.libs.io.JsonFile/]: Saved config/trainers/groups/Ungrouped/124593e7-ae84-46c9-973b-c59bae6fd25e.json
[16Feb2026 18:23:48.784] [Server thread/INFO] [com.selfdot.cobblemontrainers.libs.io.JsonFile/]: Saved config/trainers/groups/Ungrouped/124593e7-ae84-46c9-973b-c59bae6fd25e.json
[16Feb2026 18:23:48.784] [Server thread/INFO] [com.selfdot.cobblemontrainers.libs.io.JsonFile/]: Saved config/trainers/groups/Ungrouped/124593e7-ae84-46c9-973b-c59bae6fd25e.json
[16Feb2026 18:23:48.785] [Server thread/INFO] [com.selfdot.cobblemontrainers.libs.io.JsonFile/]: Saved config/trainers/groups/Ungrouped/658b92e4-8119-4135-b4e0-ac81b4411540.json
[16Feb2026 18:23:48.785] [Server thread/INFO] [com.selfdot.cobblemontrainers.libs.io.JsonFile/]: Saved config/trainers/groups/Ungrouped/658b92e4-8119-4135-b4e0-ac81b4411540.json
[16Feb2026 18:23:48.786] [Server thread/INFO] [com.selfdot.cobblemontrainers.libs.io.JsonFile/]: Saved config/trainers/groups/Ungrouped/658b92e4-8119-4135-b4e0-ac81b4411540.json
[16Feb2026 18:23:48.786] [Server thread/INFO] [com.selfdot.cobblemontrainers.libs.io.JsonFile/]: Saved config/trainers/groups/Ungrouped/658b92e4-8119-4135-b4e0-ac81b4411540.json
[16Feb2026 18:23:48.786] [Server thread/INFO] [com.selfdot.cobblemontrainers.libs.io.JsonFile/]: Saved config/trainers/groups/Ungrouped/658b92e4-8119-4135-b4e0-ac81b4411540.json
[16Feb2026 18:23:48.787] [Server thread/INFO] [com.selfdot.cobblemontrainers.libs.io.JsonFile/]: Saved config/trainers/groups/Ungrouped/658b92e4-8119-4135-b4e0-ac81b4411540.json
[16Feb2026 18:23:48.787] [Server thread/INFO] [com.selfdot.cobblemontrainers.libs.io.JsonFile/]: Saved config/trainers/groups/Ungrouped/658b92e4-8119-4135-b4e0-ac81b4411540.json
[16Feb2026 18:23:48.788] [Server thread/INFO] [com.selfdot.cobblemontrainers.libs.io.JsonFile/]: Saved config/trainers/groups/Ungrouped/658b92e4-8119-4135-b4e0-ac81b4411540.json
[16Feb2026 18:23:48.788] [Server thread/INFO] [com.selfdot.cobblemontrainers.libs.io.JsonFile/]: Saved config/trainers/groups/Ungrouped/eae44dd6-1c03-4aac-92d7-7483ae95e6eb.json
[16Feb2026 18:23:48.789] [Server thread/INFO] [com.selfdot.cobblemontrainers.libs.io.JsonFile/]: Saved config/trainers/groups/Ungrouped/eae44dd6-1c03-4aac-92d7-7483ae95e6eb.json
[16Feb2026 18:23:48.789] [Server thread/INFO] [com.selfdot.cobblemontrainers.libs.io.JsonFile/]: Saved config/trainers/groups/Ungrouped/eae44dd6-1c03-4aac-92d7-7483ae95e6eb.json
[16Feb2026 18:23:48.789] [Server thread/INFO] [com.selfdot.cobblemontrainers.libs.io.JsonFile/]: Saved config/trainers/groups/Ungrouped/eae44dd6-1c03-4aac-92d7-7483ae95e6eb.json
[16Feb2026 18:23:48.790] [Server thread/INFO] [com.selfdot.cobblemontrainers.libs.io.JsonFile/]: Saved config/trainers/groups/Ungrouped/eae44dd6-1c03-4aac-92d7-7483ae95e6eb.json
[16Feb2026 18:23:48.790] [Server thread/INFO] [com.selfdot.cobblemontrainers.libs.io.JsonFile/]: Saved config/trainers/groups/Ungrouped/eae44dd6-1c03-4aac-92d7-7483ae95e6eb.json
[16Feb2026 18:23:48.791] [Server thread/INFO] [com.selfdot.cobblemontrainers.libs.io.JsonFile/]: Saved config/trainers/groups/Ungrouped/eae44dd6-1c03-4aac-92d7-7483ae95e6eb.json
[16Feb2026 18:23:48.791] [Server thread/INFO] [com.selfdot.cobblemontrainers.libs.io.JsonFile/]: Saved config/trainers/groups/Ungrouped/eae44dd6-1c03-4aac-92d7-7483ae95e6eb.json
[16Feb2026 18:23:48.792] [Server thread/INFO] [com.selfdot.cobblemontrainers.libs.io.JsonFile/]: Saved config/trainers/groups/Ungrouped/eae44dd6-1c03-4aac-92d7-7483ae95e6eb.json
[16Feb2026 18:23:48.792] [Server thread/INFO] [com.selfdot.cobblemontrainers.libs.io.JsonFile/]: Saved config/trainers/groups/Ungrouped/eae44dd6-1c03-4aac-92d7-7483ae95e6eb.json
[16Feb2026 18:23:48.793] [Server thread/INFO] [com.selfdot.cobblemontrainers.libs.io.JsonFile/]: Saved config/trainers/groups/Ungrouped/eae44dd6-1c03-4aac-92d7-7483ae95e6eb.json
[16Feb2026 18:23:48.794] [Server thread/INFO] [com.selfdot.cobblemontrainers.libs.io.JsonFile/]: Saved config/trainers/groups/Ungrouped/eae44dd6-1c03-4aac-92d7-7483ae95e6eb.json
[16Feb2026 18:23:49.124] [Server thread/INFO] [cobgyms/]: Successfully placed structure: cobgyms:gym_volcanic01 at 0,0,0
[16Feb2026 18:23:49.139] [Server thread/INFO] [cobgyms/]: Gym initialised, took: 365ms
[16Feb2026 18:23:52.904] [Server thread/INFO] [com.selfdot.cobblemontrainers.libs.io.JsonFile/]: Saved trainers/timesLastBattled.json
[16Feb2026 18:24:18.290] [Server thread/DEBUG] [com.cobblemon.mod.common.Cobblemon/]: Serializing 1 Pokémon stores.
[16Feb2026 18:24:18.290] [Server thread/DEBUG] [com.cobblemon.mod.common.Cobblemon/]: Queueing save.
[16Feb2026 18:24:18.291] [pool-4-thread-1/DEBUG] [com.cobblemon.mod.common.Cobblemon/]: Saved 1 Pokémon stores.
[16Feb2026 18:24:48.340] [Server thread/DEBUG] [com.cobblemon.mod.common.Cobblemon/]: Serializing 1 Pokémon stores.
[16Feb2026 18:24:48.341] [Server thread/DEBUG] [com.cobblemon.mod.common.Cobblemon/]: Queueing save.
[16Feb2026 18:24:48.342] [pool-4-thread-1/DEBUG] [com.cobblemon.mod.common.Cobblemon/]: Saved 1 Pokémon stores.
[16Feb2026 18:25:18.390] [Server thread/DEBUG] [com.cobblemon.mod.common.Cobblemon/]: Serializing 1 Pokémon stores.
[16Feb2026 18:25:18.390] [Server thread/DEBUG] [com.cobblemon.mod.common.Cobblemon/]: Queueing save.
[16Feb2026 18:25:18.393] [pool-4-thread-1/DEBUG] [com.cobblemon.mod.common.Cobblemon/]: Saved 1 Pokémon stores.
[16Feb2026 18:25:36.006] [Server thread/WARN] [net.minecraft.world.level.chunk.LevelChunk/]: Tried to load a block entity for block Block{cobblemon:pc}[facing=west,on=false,part=top,waterlogged=false] but failed at location BlockPos{x=2418, y=209, z=-5588}
[16Feb2026 18:25:48.440] [Server thread/DEBUG] [com.cobblemon.mod.common.Cobblemon/]: Serializing 1 Pokémon stores.
[16Feb2026 18:25:48.440] [Server thread/DEBUG] [com.cobblemon.mod.common.Cobblemon/]: Queueing save.
[16Feb2026 18:25:48.442] [pool-4-thread-1/DEBUG] [com.cobblemon.mod.common.Cobblemon/]: Saved 1 Pokémon stores.
[16Feb2026 18:26:18.490] [Server thread/DEBUG] [com.cobblemon.mod.common.Cobblemon/]: Serializing 1 Pokémon stores.
[16Feb2026 18:26:18.490] [Server thread/DEBUG] [com.cobblemon.mod.common.Cobblemon/]: Queueing save.
[16Feb2026 18:26:18.491] [pool-4-thread-1/DEBUG] [com.cobblemon.mod.common.Cobblemon/]: Saved 1 Pokémon stores.
[16Feb2026 18:26:48.540] [Server thread/DEBUG] [com.cobblemon.mod.common.Cobblemon/]: Serializing 1 Pokémon stores.
[16Feb2026 18:26:48.540] [Server thread/DEBUG] [com.cobblemon.mod.common.Cobblemon/]: Queueing save.
[16Feb2026 18:26:48.543] [pool-4-thread-1/DEBUG] [com.cobblemon.mod.common.Cobblemon/]: Saved 1 Pokémon stores.
[16Feb2026 18:27:18.590] [Server thread/DEBUG] [com.cobblemon.mod.common.Cobblemon/]: Serializing 1 Pokémon stores.
[16Feb2026 18:27:18.590] [Server thread/DEBUG] [com.cobblemon.mod.common.Cobblemon/]: Queueing save.
[16Feb2026 18:27:18.591] [pool-4-thread-1/DEBUG] [com.cobblemon.mod.common.Cobblemon/]: Saved 1 Pokémon stores.
[16Feb2026 18:27:48.640] [Server thread/DEBUG] [com.cobblemon.mod.common.Cobblemon/]: Serializing 1 Pokémon stores.
[16Feb2026 18:27:48.640] [Server thread/DEBUG] [com.cobblemon.mod.common.Cobblemon/]: Queueing save.
[16Feb2026 18:27:48.641] [pool-4-thread-1/DEBUG] [com.cobblemon.mod.common.Cobblemon/]: Saved 1 Pokémon stores.
[16Feb2026 18:27:52.557] [Server thread/INFO] [com.selfdot.cobblemontrainers.libs.io.JsonFile/]: Saved trainers/trainerWins.json
[16Feb2026 18:27:57.219] [Server thread/INFO] [net.minecraft.server.MinecraftServer/]: [Amorger2: Fully healed Amorger2's party.]
[16Feb2026 18:28:18.690] [Server thread/DEBUG] [com.cobblemon.mod.common.Cobblemon/]: Serializing 1 Pokémon stores.
[16Feb2026 18:28:18.690] [Server thread/DEBUG] [com.cobblemon.mod.common.Cobblemon/]: Queueing save.
[16Feb2026 18:28:18.691] [pool-4-thread-1/DEBUG] [com.cobblemon.mod.common.Cobblemon/]: Saved 1 Pokémon stores.
[16Feb2026 18:28:39.763] [Server thread/DEBUG] [net.minecraftforge.common.ForgeHooks/WP]: Gathering id map for writing to world save world
[16Feb2026 18:28:39.771] [Server thread/DEBUG] [net.minecraftforge.common.ForgeHooks/WP]: ID Map collection complete world
[16Feb2026 18:28:39.791] [Server thread/INFO] [net.minecraft.server.MinecraftServer/]: Currently clearing the pokemon saved in the outbreaks. Any outbreaks in the world will spawn new pokemon or finish!
[16Feb2026 18:28:48.740] [Server thread/DEBUG] [com.cobblemon.mod.common.Cobblemon/]: Serializing 0 Pokémon stores.
[16Feb2026 18:28:48.740] [Server thread/DEBUG] [com.cobblemon.mod.common.Cobblemon/]: Queueing save.
[16Feb2026 18:28:48.740] [pool-4-thread-1/DEBUG] [com.cobblemon.mod.common.Cobblemon/]: Saved 0 Pokémon stores.
[16Feb2026 18:29:18.790] [Server thread/DEBUG] [com.cobblemon.mod.common.Cobblemon/]: Serializing 1 Pokémon stores.
[16Feb2026 18:29:18.790] [Server thread/DEBUG] [com.cobblemon.mod.common.Cobblemon/]: Queueing save.
[16Feb2026 18:29:18.791] [pool-4-thread-1/DEBUG] [com.cobblemon.mod.common.Cobblemon/]: Saved 1 Pokémon stores.
[16Feb2026 18:29:48.840] [Server thread/DEBUG] [com.cobblemon.mod.common.Cobblemon/]: Serializing 0 Pokémon stores.
[16Feb2026 18:29:48.840] [Server thread/DEBUG] [com.cobblemon.mod.common.Cobblemon/]: Queueing save.
[16Feb2026 18:29:48.840] [pool-4-thread-1/DEBUG] [com.cobblemon.mod.common.Cobblemon/]: Saved 0 Pokémon stores.
[16Feb2026 18:30:18.890] [Server thread/DEBUG] [com.cobblemon.mod.common.Cobblemon/]: Serializing 0 Pokémon stores.
[16Feb2026 18:30:18.890] [Server thread/DEBUG] [com.cobblemon.mod.common.Cobblemon/]: Queueing save.
[16Feb2026 18:30:18.890] [pool-4-thread-1/DEBUG] [com.cobblemon.mod.common.Cobblemon/]: Saved 0 Pokémon stores.
[16Feb2026 18:30:48.940] [Server thread/DEBUG] [com.cobblemon.mod.common.Cobblemon/]: Serializing 3 Pokémon stores.
[16Feb2026 18:30:48.940] [Server thread/DEBUG] [com.cobblemon.mod.common.Cobblemon/]: Queueing save.
[16Feb2026 18:30:48.943] [pool-4-thread-1/DEBUG] [com.cobblemon.mod.common.Cobblemon/]: Saved 3 Pokémon stores.
[16Feb2026 18:30:59.839] [Server thread/INFO] [com.selfdot.cobblemontrainers.libs.io.JsonFile/]: Saved trainers/timesLastBattled.json
[16Feb2026 18:31:18.990] [Server thread/DEBUG] [com.cobblemon.mod.common.Cobblemon/]: Serializing 2 Pokémon stores.
[16Feb2026 18:31:18.990] [Server thread/DEBUG] [com.cobblemon.mod.common.Cobblemon/]: Queueing save.
[16Feb2026 18:31:18.992] [pool-4-thread-1/DEBUG] [com.cobblemon.mod.common.Cobblemon/]: Saved 2 Pokémon stores.
[16Feb2026 18:31:49.040] [Server thread/DEBUG] [com.cobblemon.mod.common.Cobblemon/]: Serializing 3 Pokémon stores.
[16Feb2026 18:31:49.040] [Server thread/DEBUG] [com.cobblemon.mod.common.Cobblemon/]: Queueing save.
[16Feb2026 18:31:49.043] [pool-4-thread-1/DEBUG] [com.cobblemon.mod.common.Cobblemon/]: Saved 3 Pokémon stores.
[16Feb2026 18:32:16.500] [Server thread/INFO] [com.cobblemon.mod.common.Cobblemon/]: No battle could be found with the id: 54b3b12c-816a-4e0d-9e0d-93879525c959
[16Feb2026 18:32:16.500] [Server thread/INFO] [com.cobblemon.mod.common.Cobblemon/]: No battle could be found with the id: 54b3b12c-816a-4e0d-9e0d-93879525c959
[16Feb2026 18:32:19.090] [Server thread/DEBUG] [com.cobblemon.mod.common.Cobblemon/]: Serializing 3 Pokémon stores.
[16Feb2026 18:32:19.091] [Server thread/DEBUG] [com.cobblemon.mod.common.Cobblemon/]: Queueing save.
[16Feb2026 18:32:19.093] [pool-4-thread-1/DEBUG] [com.cobblemon.mod.common.Cobblemon/]: Saved 3 Pokémon stores.
[16Feb2026 18:32:24.229] [Server thread/INFO] [net.minecraft.server.MinecraftServer/]: [Dortodoloncio: Fully healed Dortodoloncio's party.]
[16Feb2026 18:32:49.140] [Server thread/DEBUG] [com.cobblemon.mod.common.Cobblemon/]: Serializing 2 Pokémon stores.
[16Feb2026 18:32:49.140] [Server thread/DEBUG] [com.cobblemon.mod.common.Cobblemon/]: Queueing save.
[16Feb2026 18:32:49.142] [pool-4-thread-1/DEBUG] [com.cobblemon.mod.common.Cobblemon/]: Saved 2 Pokémon stores.
[16Feb2026 18:33:19.190] [Server thread/DEBUG] [com.cobblemon.mod.common.Cobblemon/]: Serializing 3 Pokémon stores.
[16Feb2026 18:33:19.190] [Server thread/DEBUG] [com.cobblemon.mod.common.Cobblemon/]: Queueing save.
[16Feb2026 18:33:19.193] [pool-4-thread-1/DEBUG] [com.cobblemon.mod.common.Cobblemon/]: Saved 3 Pokémon stores.
[16Feb2026 18:33:39.767] [Server thread/DEBUG] [net.minecraftforge.common.ForgeHooks/WP]: Gathering id map for writing to world save world
[16Feb2026 18:33:39.775] [Server thread/DEBUG] [net.minecraftforge.common.ForgeHooks/WP]: ID Map collection complete world
[16Feb2026 18:33:44.779] [Server thread/INFO] [net.minecraft.server.MinecraftServer/]: [Amorger2: Fully healed Amorger2's party.]
[16Feb2026 18:33:49.240] [Server thread/DEBUG] [com.cobblemon.mod.common.Cobblemon/]: Serializing 1 Pokémon stores.
[16Feb2026 18:33:49.240] [Server thread/DEBUG] [com.cobblemon.mod.common.Cobblemon/]: Queueing save.
[16Feb2026 18:33:49.241] [pool-4-thread-1/DEBUG] [com.cobblemon.mod.common.Cobblemon/]: Saved 1 Pokémon stores.
[16Feb2026 18:34:19.290] [Server thread/DEBUG] [com.cobblemon.mod.common.Cobblemon/]: Serializing 0 Pokémon stores.
[16Feb2026 18:34:19.290] [Server thread/DEBUG] [com.cobblemon.mod.common.Cobblemon/]: Queueing save.
[16Feb2026 18:34:19.293] [pool-4-thread-1/DEBUG] [com.cobblemon.mod.common.Cobblemon/]: Saved 0 Pokémon stores.
[16Feb2026 18:34:44.149] [Server thread/INFO] [net.minecraft.server.commands.LocateCommand/]: Locating element #cobblemon:evolution/alolan (minecraft:beach) took 44 ms
[16Feb2026 18:34:47.960] [Server thread/INFO] [net.minecraft.server.MinecraftServer/]: [Amorger2: Teleported Amorger2 to -14913.500000, 63.000000, -7351.500000]
[16Feb2026 18:34:49.343] [Server thread/DEBUG] [com.cobblemon.mod.common.Cobblemon/]: Serializing 0 Pokémon stores.
[16Feb2026 18:34:49.343] [Server thread/DEBUG] [com.cobblemon.mod.common.Cobblemon/]: Queueing save.
[16Feb2026 18:34:49.344] [pool-4-thread-1/DEBUG] [com.cobblemon.mod.common.Cobblemon/]: Saved 0 Pokémon stores.
[16Feb2026 18:35:09.539] [Server thread/WARN] [net.minecraft.world.level.chunk.LevelChunk/]: Tried to load a block entity for block Block{cobblemon:pc}[facing=north,on=false,part=top,waterlogged=false] but failed at location BlockPos{x=-14796, y=66, z=-7582}
[16Feb2026 18:35:19.390] [Server thread/DEBUG] [com.cobblemon.mod.common.Cobblemon/]: Serializing 0 Pokémon stores.
[16Feb2026 18:35:19.390] [Server thread/DEBUG] [com.cobblemon.mod.common.Cobblemon/]: Queueing save.
[16Feb2026 18:35:19.390] [pool-4-thread-1/DEBUG] [com.cobblemon.mod.common.Cobblemon/]: Saved 0 Pokémon stores.
[16Feb2026 18:35:49.440] [Server thread/DEBUG] [com.cobblemon.mod.common.Cobblemon/]: Serializing 1 Pokémon stores.
[16Feb2026 18:35:49.440] [Server thread/DEBUG] [com.cobblemon.mod.common.Cobblemon/]: Queueing save.
[16Feb2026 18:35:49.441] [pool-4-thread-1/DEBUG] [com.cobblemon.mod.common.Cobblemon/]: Saved 1 Pokémon stores.
[16Feb2026 18:36:19.490] [Server thread/DEBUG] [com.cobblemon.mod.common.Cobblemon/]: Serializing 1 Pokémon stores.
[16Feb2026 18:36:19.490] [Server thread/DEBUG] [com.cobblemon.mod.common.Cobblemon/]: Queueing save.
[16Feb2026 18:36:19.495] [pool-4-thread-1/DEBUG] [com.cobblemon.mod.common.Cobblemon/]: Saved 1 Pokémon stores.
[16Feb2026 18:36:49.540] [Server thread/DEBUG] [com.cobblemon.mod.common.Cobblemon/]: Serializing 0 Pokémon stores.
[16Feb2026 18:36:49.540] [Server thread/DEBUG] [com.cobblemon.mod.common.Cobblemon/]: Queueing save.
[16Feb2026 18:36:49.540] [pool-4-thread-1/DEBUG] [com.cobblemon.mod.common.Cobblemon/]: Saved 0 Pokémon stores.
[16Feb2026 18:37:19.590] [Server thread/DEBUG] [com.cobblemon.mod.common.Cobblemon/]: Serializing 0 Pokémon stores.
[16Feb2026 18:37:19.590] [Server thread/DEBUG] [com.cobblemon.mod.common.Cobblemon/]: Queueing save.
[16Feb2026 18:37:19.590] [pool-4-thread-1/DEBUG] [com.cobblemon.mod.common.Cobblemon/]: Saved 0 Pokémon stores.
[16Feb2026 18:37:49.640] [Server thread/DEBUG] [com.cobblemon.mod.common.Cobblemon/]: Serializing 2 Pokémon stores.
[16Feb2026 18:37:49.640] [Server thread/DEBUG] [com.cobblemon.mod.common.Cobblemon/]: Queueing save.
[16Feb2026 18:37:49.642] [pool-4-thread-1/DEBUG] [com.cobblemon.mod.common.Cobblemon/]: Saved 2 Pokémon stores.
[16Feb2026 18:38:02.605] [Server thread/INFO] [com.cobblemon.mod.common.Cobblemon/]: No battle could be found with the id: 51762829-26b1-40ee-92a2-b39b0e93a93e
[16Feb2026 18:38:02.605] [Server thread/INFO] [com.cobblemon.mod.common.Cobblemon/]: No battle could be found with the id: 51762829-26b1-40ee-92a2-b39b0e93a93e
[16Feb2026 18:38:19.690] [Server thread/DEBUG] [com.cobblemon.mod.common.Cobblemon/]: Serializing 2 Pokémon stores.
[16Feb2026 18:38:19.690] [Server thread/DEBUG] [com.cobblemon.mod.common.Cobblemon/]: Queueing save.
[16Feb2026 18:38:19.692] [pool-4-thread-1/DEBUG] [com.cobblemon.mod.common.Cobblemon/]: Saved 2 Pokémon stores.
[16Feb2026 18:38:38.058] [Server thread/INFO] [net.minecraft.server.MinecraftServer/]: [Amorger2: Fully healed Amorger2's party.]
[16Feb2026 18:38:39.770] [Server thread/DEBUG] [net.minecraftforge.common.ForgeHooks/WP]: Gathering id map for writing to world save world
[16Feb2026 18:38:39.779] [Server thread/DEBUG] [net.minecraftforge.common.ForgeHooks/WP]: ID Map collection complete world
[16Feb2026 18:38:49.740] [Server thread/DEBUG] [com.cobblemon.mod.common.Cobblemon/]: Serializing 2 Pokémon stores.
[16Feb2026 18:38:49.740] [Server thread/DEBUG] [com.cobblemon.mod.common.Cobblemon/]: Queueing save.
[16Feb2026 18:38:49.742] [pool-4-thread-1/DEBUG] [com.cobblemon.mod.common.Cobblemon/]: Saved 2 Pokémon stores.
[16Feb2026 18:39:19.790] [Server thread/DEBUG] [com.cobblemon.mod.common.Cobblemon/]: Serializing 1 Pokémon stores.
[16Feb2026 18:39:19.790] [Server thread/DEBUG] [com.cobblemon.mod.common.Cobblemon/]: Queueing save.
[16Feb2026 18:39:19.791] [pool-4-thread-1/DEBUG] [com.cobblemon.mod.common.Cobblemon/]: Saved 1 Pokémon stores.
[16Feb2026 18:39:49.840] [Server thread/DEBUG] [com.cobblemon.mod.common.Cobblemon/]: Serializing 1 Pokémon stores.
[16Feb2026 18:39:49.840] [Server thread/DEBUG] [com.cobblemon.mod.common.Cobblemon/]: Queueing save.
[16Feb2026 18:39:49.841] [pool-4-thread-1/DEBUG] [com.cobblemon.mod.common.Cobblemon/]: Saved 1 Pokémon stores.
[16Feb2026 18:40:19.890] [Server thread/DEBUG] [com.cobblemon.mod.common.Cobblemon/]: Serializing 1 Pokémon stores.
[16Feb2026 18:40:19.890] [Server thread/DEBUG] [com.cobblemon.mod.common.Cobblemon/]: Queueing save.
[16Feb2026 18:40:19.892] [pool-4-thread-1/DEBUG] [com.cobblemon.mod.common.Cobblemon/]: Saved 1 Pokémon stores.
[16Feb2026 18:40:49.940] [Server thread/DEBUG] [com.cobblemon.mod.common.Cobblemon/]: Serializing 3 Pokémon stores.
[16Feb2026 18:40:49.941] [Server thread/DEBUG] [com.cobblemon.mod.common.Cobblemon/]: Queueing save.
[16Feb2026 18:40:49.943] [pool-4-thread-1/DEBUG] [com.cobblemon.mod.common.Cobblemon/]: Saved 3 Pokémon stores.
[16Feb2026 18:41:19.990] [Server thread/DEBUG] [com.cobblemon.mod.common.Cobblemon/]: Serializing 1 Pokémon stores.
[16Feb2026 18:41:19.990] [Server thread/DEBUG] [com.cobblemon.mod.common.Cobblemon/]: Queueing save.
[16Feb2026 18:41:19.991] [pool-4-thread-1/DEBUG] [com.cobblemon.mod.common.Cobblemon/]: Saved 1 Pokémon stores.
[16Feb2026 18:41:50.040] [Server thread/DEBUG] [com.cobblemon.mod.common.Cobblemon/]: Serializing 2 Pokémon stores.
[16Feb2026 18:41:50.040] [Server thread/DEBUG] [com.cobblemon.mod.common.Cobblemon/]: Queueing save.
[16Feb2026 18:41:50.042] [pool-4-thread-1/DEBUG] [com.cobblemon.mod.common.Cobblemon/]: Saved 2 Pokémon stores.
[16Feb2026 18:42:20.090] [Server thread/DEBUG] [com.cobblemon.mod.common.Cobblemon/]: Serializing 2 Pokémon stores.
[16Feb2026 18:42:20.090] [Server thread/DEBUG] [com.cobblemon.mod.common.Cobblemon/]: Queueing save.
[16Feb2026 18:42:20.092] [pool-4-thread-1/DEBUG] [com.cobblemon.mod.common.Cobblemon/]: Saved 2 Pokémon stores.
[16Feb2026 18:42:50.140] [Server thread/DEBUG] [com.cobblemon.mod.common.Cobblemon/]: Serializing 2 Pokémon stores.
[16Feb2026 18:42:50.140] [Server thread/DEBUG] [com.cobblemon.mod.common.Cobblemon/]: Queueing save.
[16Feb2026 18:42:50.142] [pool-4-thread-1/DEBUG] [com.cobblemon.mod.common.Cobblemon/]: Saved 2 Pokémon stores.
[16Feb2026 18:43:20.190] [Server thread/DEBUG] [com.cobblemon.mod.common.Cobblemon/]: Serializing 2 Pokémon stores.
[16Feb2026 18:43:20.190] [Server thread/DEBUG] [com.cobblemon.mod.common.Cobblemon/]: Queueing save.
[16Feb2026 18:43:20.192] [pool-4-thread-1/DEBUG] [com.cobblemon.mod.common.Cobblemon/]: Saved 2 Pokémon stores.
[16Feb2026 18:43:39.772] [Server thread/DEBUG] [net.minecraftforge.common.ForgeHooks/WP]: Gathering id map for writing to world save world
[16Feb2026 18:43:39.781] [Server thread/DEBUG] [net.minecraftforge.common.ForgeHooks/WP]: ID Map collection complete world
[16Feb2026 18:43:50.240] [Server thread/DEBUG] [com.cobblemon.mod.common.Cobblemon/]: Serializing 2 Pokémon stores.
[16Feb2026 18:43:50.240] [Server thread/DEBUG] [com.cobblemon.mod.common.Cobblemon/]: Queueing save.
[16Feb2026 18:43:50.242] [pool-4-thread-1/DEBUG] [com.cobblemon.mod.common.Cobblemon/]: Saved 2 Pokémon stores.
[16Feb2026 18:44:20.290] [Server thread/DEBUG] [com.cobblemon.mod.common.Cobblemon/]: Serializing 2 Pokémon stores.
[16Feb2026 18:44:20.290] [Server thread/DEBUG] [com.cobblemon.mod.common.Cobblemon/]: Queueing save.
[16Feb2026 18:44:20.292] [pool-4-thread-1/DEBUG] [com.cobblemon.mod.common.Cobblemon/]: Saved 2 Pokémon stores.
[16Feb2026 18:44:50.340] [Server thread/DEBUG] [com.cobblemon.mod.common.Cobblemon/]: Serializing 3 Pokémon stores.
[16Feb2026 18:44:50.341] [Server thread/DEBUG] [com.cobblemon.mod.common.Cobblemon/]: Queueing save.
[16Feb2026 18:44:50.343] [pool-4-thread-1/DEBUG] [com.cobblemon.mod.common.Cobblemon/]: Saved 3 Pokémon stores.
[16Feb2026 18:45:20.390] [Server thread/DEBUG] [com.cobblemon.mod.common.Cobblemon/]: Serializing 2 Pokémon stores.
[16Feb2026 18:45:20.390] [Server thread/DEBUG] [com.cobblemon.mod.common.Cobblemon/]: Queueing save.
[16Feb2026 18:45:20.392] [pool-4-thread-1/DEBUG] [com.cobblemon.mod.common.Cobblemon/]: Saved 2 Pokémon stores.
[16Feb2026 18:45:50.440] [Server thread/DEBUG] [com.cobblemon.mod.common.Cobblemon/]: Serializing 2 Pokémon stores.
[16Feb2026 18:45:50.440] [Server thread/DEBUG] [com.cobblemon.mod.common.Cobblemon/]: Queueing save.
[16Feb2026 18:45:50.442] [pool-4-thread-1/DEBUG] [com.cobblemon.mod.common.Cobblemon/]: Saved 2 Pokémon stores.
[16Feb2026 18:46:04.602] [Server thread/INFO] [net.minecraft.server.MinecraftServer/]: Dortodoloncio has made the advancement [What a Deal!]
[16Feb2026 18:46:20.490] [Server thread/DEBUG] [com.cobblemon.mod.common.Cobblemon/]: Serializing 1 Pokémon stores.
[16Feb2026 18:46:20.490] [Server thread/DEBUG] [com.cobblemon.mod.common.Cobblemon/]: Queueing save.
[16Feb2026 18:46:20.492] [pool-4-thread-1/DEBUG] [com.cobblemon.mod.common.Cobblemon/]: Saved 1 Pokémon stores.
[16Feb2026 18:46:50.540] [Server thread/DEBUG] [com.cobblemon.mod.common.Cobblemon/]: Serializing 1 Pokémon stores.
[16Feb2026 18:46:50.540] [Server thread/DEBUG] [com.cobblemon.mod.common.Cobblemon/]: Queueing save.
[16Feb2026 18:46:50.541] [pool-4-thread-1/DEBUG] [com.cobblemon.mod.common.Cobblemon/]: Saved 1 Pokémon stores.
[16Feb2026 18:47:20.590] [Server thread/DEBUG] [com.cobblemon.mod.common.Cobblemon/]: Serializing 1 Pokémon stores.
[16Feb2026 18:47:20.590] [Server thread/DEBUG] [com.cobblemon.mod.common.Cobblemon/]: Queueing save.
[16Feb2026 18:47:20.597] [pool-4-thread-1/DEBUG] [com.cobblemon.mod.common.Cobblemon/]: Saved 1 Pokémon stores.
[16Feb2026 18:47:50.640] [Server thread/DEBUG] [com.cobblemon.mod.common.Cobblemon/]: Serializing 1 Pokémon stores.
[16Feb2026 18:47:50.640] [Server thread/DEBUG] [com.cobblemon.mod.common.Cobblemon/]: Queueing save.
[16Feb2026 18:47:50.641] [pool-4-thread-1/DEBUG] [com.cobblemon.mod.common.Cobblemon/]: Saved 1 Pokémon stores.
[16Feb2026 18:48:20.690] [Server thread/DEBUG] [com.cobblemon.mod.common.Cobblemon/]: Serializing 3 Pokémon stores.
[16Feb2026 18:48:20.690] [Server thread/DEBUG] [com.cobblemon.mod.common.Cobblemon/]: Queueing save.
[16Feb2026 18:48:20.693] [pool-4-thread-1/DEBUG] [com.cobblemon.mod.common.Cobblemon/]: Saved 3 Pokémon stores.
[16Feb2026 18:48:39.775] [Server thread/DEBUG] [net.minecraftforge.common.ForgeHooks/WP]: Gathering id map for writing to world save world
[16Feb2026 18:48:39.782] [Server thread/DEBUG] [net.minecraftforge.common.ForgeHooks/WP]: ID Map collection complete world
[16Feb2026 18:48:50.740] [Server thread/DEBUG] [com.cobblemon.mod.common.Cobblemon/]: Serializing 1 Pokémon stores.
[16Feb2026 18:48:50.740] [Server thread/DEBUG] [com.cobblemon.mod.common.Cobblemon/]: Queueing save.
[16Feb2026 18:48:50.741] [pool-4-thread-1/DEBUG] [com.cobblemon.mod.common.Cobblemon/]: Saved 1 Pokémon stores.
[16Feb2026 18:49:20.790] [Server thread/DEBUG] [com.cobblemon.mod.common.Cobblemon/]: Serializing 1 Pokémon stores.
[16Feb2026 18:49:20.790] [Server thread/DEBUG] [com.cobblemon.mod.common.Cobblemon/]: Queueing save.
[16Feb2026 18:49:20.791] [pool-4-thread-1/DEBUG] [com.cobblemon.mod.common.Cobblemon/]: Saved 1 Pokémon stores.
[16Feb2026 18:49:50.840] [Server thread/DEBUG] [com.cobblemon.mod.common.Cobblemon/]: Serializing 2 Pokémon stores.
[16Feb2026 18:49:50.840] [Server thread/DEBUG] [com.cobblemon.mod.common.Cobblemon/]: Queueing save.
[16Feb2026 18:49:50.842] [pool-4-thread-1/DEBUG] [com.cobblemon.mod.common.Cobblemon/]: Saved 2 Pokémon stores.
[16Feb2026 18:50:06.407] [Server thread/INFO] [com.selfdot.cobblemontrainers.libs.io.JsonFile/]: Saved config/trainers/groups/Ungrouped/0bdb9356-8b12-4062-9282-e2974a3cb9fc.json
[16Feb2026 18:50:06.409] [Server thread/INFO] [com.selfdot.cobblemontrainers.libs.io.JsonFile/]: Saved config/trainers/groups/Ungrouped/0bdb9356-8b12-4062-9282-e2974a3cb9fc.json
[16Feb2026 18:50:06.410] [Server thread/INFO] [com.selfdot.cobblemontrainers.libs.io.JsonFile/]: Saved config/trainers/groups/Ungrouped/0bdb9356-8b12-4062-9282-e2974a3cb9fc.json
[16Feb2026 18:50:06.410] [Server thread/INFO] [com.selfdot.cobblemontrainers.libs.io.JsonFile/]: Saved config/trainers/groups/Ungrouped/0bdb9356-8b12-4062-9282-e2974a3cb9fc.json
[16Feb2026 18:50:06.410] [Server thread/INFO] [com.selfdot.cobblemontrainers.libs.io.JsonFile/]: Saved config/trainers/groups/Ungrouped/0bdb9356-8b12-4062-9282-e2974a3cb9fc.json
[16Feb2026 18:50:06.411] [Server thread/INFO] [com.selfdot.cobblemontrainers.libs.io.JsonFile/]: Saved config/trainers/groups/Ungrouped/0bdb9356-8b12-4062-9282-e2974a3cb9fc.json
[16Feb2026 18:50:06.411] [Server thread/INFO] [com.selfdot.cobblemontrainers.libs.io.JsonFile/]: Saved config/trainers/groups/Ungrouped/ba4c159c-1ca6-4337-a308-c84f59378f05.json
[16Feb2026 18:50:06.412] [Server thread/INFO] [com.selfdot.cobblemontrainers.libs.io.JsonFile/]: Saved config/trainers/groups/Ungrouped/ba4c159c-1ca6-4337-a308-c84f59378f05.json
[16Feb2026 18:50:06.412] [Server thread/INFO] [com.selfdot.cobblemontrainers.libs.io.JsonFile/]: Saved config/trainers/groups/Ungrouped/ba4c159c-1ca6-4337-a308-c84f59378f05.json
[16Feb2026 18:50:06.413] [Server thread/INFO] [com.selfdot.cobblemontrainers.libs.io.JsonFile/]: Saved config/trainers/groups/Ungrouped/ba4c159c-1ca6-4337-a308-c84f59378f05.json
[16Feb2026 18:50:06.413] [Server thread/INFO] [com.selfdot.cobblemontrainers.libs.io.JsonFile/]: Saved config/trainers/groups/Ungrouped/ba4c159c-1ca6-4337-a308-c84f59378f05.json
[16Feb2026 18:50:06.414] [Server thread/INFO] [com.selfdot.cobblemontrainers.libs.io.JsonFile/]: Saved config/trainers/groups/Ungrouped/ba4c159c-1ca6-4337-a308-c84f59378f05.json
[16Feb2026 18:50:06.414] [Server thread/INFO] [com.selfdot.cobblemontrainers.libs.io.JsonFile/]: Saved config/trainers/groups/Ungrouped/ba4c159c-1ca6-4337-a308-c84f59378f05.json
[16Feb2026 18:50:06.415] [Server thread/INFO] [com.selfdot.cobblemontrainers.libs.io.JsonFile/]: Saved config/trainers/groups/Ungrouped/a1838df3-6d3c-4214-970e-0b8568dc4df3.json
[16Feb2026 18:50:06.415] [Server thread/INFO] [com.selfdot.cobblemontrainers.libs.io.JsonFile/]: Saved config/trainers/groups/Ungrouped/a1838df3-6d3c-4214-970e-0b8568dc4df3.json
[16Feb2026 18:50:06.415] [Server thread/INFO] [com.selfdot.cobblemontrainers.libs.io.JsonFile/]: Saved config/trainers/groups/Ungrouped/a1838df3-6d3c-4214-970e-0b8568dc4df3.json
[16Feb2026 18:50:06.416] [Server thread/INFO] [com.selfdot.cobblemontrainers.libs.io.JsonFile/]: Saved config/trainers/groups/Ungrouped/a1838df3-6d3c-4214-970e-0b8568dc4df3.json
[16Feb2026 18:50:06.416] [Server thread/INFO] [com.selfdot.cobblemontrainers.libs.io.JsonFile/]: Saved config/trainers/groups/Ungrouped/a1838df3-6d3c-4214-970e-0b8568dc4df3.json
[16Feb2026 18:50:06.416] [Server thread/INFO] [com.selfdot.cobblemontrainers.libs.io.JsonFile/]: Saved config/trainers/groups/Ungrouped/a1838df3-6d3c-4214-970e-0b8568dc4df3.json
[16Feb2026 18:50:06.417] [Server thread/INFO] [com.selfdot.cobblemontrainers.libs.io.JsonFile/]: Saved config/trainers/groups/Ungrouped/a1838df3-6d3c-4214-970e-0b8568dc4df3.json
[16Feb2026 18:50:06.418] [Server thread/INFO] [com.selfdot.cobblemontrainers.libs.io.JsonFile/]: Saved config/trainers/groups/Ungrouped/a1838df3-6d3c-4214-970e-0b8568dc4df3.json
[16Feb2026 18:50:06.421] [Server thread/INFO] [com.selfdot.cobblemontrainers.libs.io.JsonFile/]: Saved config/trainers/groups/Ungrouped/a1838df3-6d3c-4214-970e-0b8568dc4df3.json
[16Feb2026 18:50:06.421] [Server thread/INFO] [com.selfdot.cobblemontrainers.libs.io.JsonFile/]: Saved config/trainers/groups/Ungrouped/a1838df3-6d3c-4214-970e-0b8568dc4df3.json
[16Feb2026 18:50:06.422] [Server thread/INFO] [com.selfdot.cobblemontrainers.libs.io.JsonFile/]: Saved config/trainers/groups/Ungrouped/a1838df3-6d3c-4214-970e-0b8568dc4df3.json
[16Feb2026 18:50:06.521] [Server thread/INFO] [cobgyms/]: Successfully placed structure: cobgyms:gym_aquatic01 at 0,0,0
[16Feb2026 18:50:06.530] [Server thread/INFO] [cobgyms/]: Gym initialised, took: 123ms
[16Feb2026 18:50:10.497] [Server thread/INFO] [com.selfdot.cobblemontrainers.libs.io.JsonFile/]: Saved trainers/timesLastBattled.json
[16Feb2026 18:50:20.890] [Server thread/DEBUG] [com.cobblemon.mod.common.Cobblemon/]: Serializing 2 Pokémon stores.
[16Feb2026 18:50:20.891] [Server thread/DEBUG] [com.cobblemon.mod.common.Cobblemon/]: Queueing save.
[16Feb2026 18:50:20.893] [pool-4-thread-1/DEBUG] [com.cobblemon.mod.common.Cobblemon/]: Saved 2 Pokémon stores.
[16Feb2026 18:50:50.940] [Server thread/DEBUG] [com.cobblemon.mod.common.Cobblemon/]: Serializing 2 Pokémon stores.
[16Feb2026 18:50:50.940] [Server thread/DEBUG] [com.cobblemon.mod.common.Cobblemon/]: Queueing save.
[16Feb2026 18:50:50.942] [pool-4-thread-1/DEBUG] [com.cobblemon.mod.common.Cobblemon/]: Saved 2 Pokémon stores.
[16Feb2026 18:50:52.800] [Server thread/INFO] [com.selfdot.cobblemontrainers.libs.io.JsonFile/]: Saved trainers/trainerWins.json
[16Feb2026 18:50:56.153] [Server thread/INFO] [com.selfdot.cobblemontrainers.libs.io.JsonFile/]: Saved trainers/timesLastBattled.json
[16Feb2026 18:51:02.203] [Server thread/DEBUG] [Cobbledex/]: Saving 72 entries to /workspaces/RPG_minecraft/servidor_minecraft/./world/./cobbledex-coop.json
[16Feb2026 18:51:10.065] [Server thread/INFO] [net.minecraft.server.MinecraftServer/]: [Dortodoloncio: Fully healed Dortodoloncio's party.]
[16Feb2026 18:51:14.766] [Server thread/INFO] [net.minecraft.server.MinecraftServer/]: [Dortodoloncio: Fully healed Dortodoloncio's party.]
[16Feb2026 18:51:20.990] [Server thread/DEBUG] [com.cobblemon.mod.common.Cobblemon/]: Serializing 3 Pokémon stores.
[16Feb2026 18:51:20.991] [Server thread/DEBUG] [com.cobblemon.mod.common.Cobblemon/]: Queueing save.
[16Feb2026 18:51:20.993] [pool-4-thread-1/DEBUG] [com.cobblemon.mod.common.Cobblemon/]: Saved 3 Pokémon stores.
[16Feb2026 18:51:28.616] [Server thread/DEBUG] [Cobbledex/]: Saving 72 entries to /workspaces/RPG_minecraft/servidor_minecraft/./world/./cobbledex-coop.json
[16Feb2026 18:51:32.278] [Server thread/DEBUG] [Cobbledex/]: Saving 72 entries to /workspaces/RPG_minecraft/servidor_minecraft/./world/./cobbledex-coop.json
[16Feb2026 18:51:35.399] [Server thread/INFO] [com.selfdot.cobblemontrainers.libs.io.JsonFile/]: Saved trainers/trainerWins.json
[16Feb2026 18:51:45.184] [Server thread/INFO] [com.selfdot.cobblemontrainers.libs.io.JsonFile/]: Saved trainers/timesLastBattled.json
[16Feb2026 18:51:46.085] [Server thread/INFO] [net.minecraft.server.MinecraftServer/]: [Dortodoloncio: Fully healed Dortodoloncio's party.]
[16Feb2026 18:51:51.040] [Server thread/DEBUG] [com.cobblemon.mod.common.Cobblemon/]: Serializing 3 Pokémon stores.
[16Feb2026 18:51:51.041] [Server thread/DEBUG] [com.cobblemon.mod.common.Cobblemon/]: Queueing save.
[16Feb2026 18:51:51.044] [pool-4-thread-1/DEBUG] [com.cobblemon.mod.common.Cobblemon/]: Saved 3 Pokémon stores.
[16Feb2026 18:52:21.090] [Server thread/DEBUG] [com.cobblemon.mod.common.Cobblemon/]: Serializing 2 Pokémon stores.
[16Feb2026 18:52:21.090] [Server thread/DEBUG] [com.cobblemon.mod.common.Cobblemon/]: Queueing save.
[16Feb2026 18:52:21.092] [pool-4-thread-1/DEBUG] [com.cobblemon.mod.common.Cobblemon/]: Saved 2 Pokémon stores.
[16Feb2026 18:52:40.147] [Server thread/INFO] [com.selfdot.cobblemontrainers.libs.io.JsonFile/]: Saved trainers/trainerWins.json
[16Feb2026 18:52:51.140] [Server thread/DEBUG] [com.cobblemon.mod.common.Cobblemon/]: Serializing 2 Pokémon stores.
[16Feb2026 18:52:51.140] [Server thread/DEBUG] [com.cobblemon.mod.common.Cobblemon/]: Queueing save.
[16Feb2026 18:52:51.142] [pool-4-thread-1/DEBUG] [com.cobblemon.mod.common.Cobblemon/]: Saved 2 Pokémon stores.
[16Feb2026 18:53:21.190] [Server thread/DEBUG] [com.cobblemon.mod.common.Cobblemon/]: Serializing 3 Pokémon stores.
[16Feb2026 18:53:21.191] [Server thread/DEBUG] [com.cobblemon.mod.common.Cobblemon/]: Queueing save.
[16Feb2026 18:53:21.193] [pool-4-thread-1/DEBUG] [com.cobblemon.mod.common.Cobblemon/]: Saved 3 Pokémon stores.
[16Feb2026 18:53:39.778] [Server thread/DEBUG] [net.minecraftforge.common.ForgeHooks/WP]: Gathering id map for writing to world save world
[16Feb2026 18:53:39.787] [Server thread/DEBUG] [net.minecraftforge.common.ForgeHooks/WP]: ID Map collection complete world
[16Feb2026 18:53:51.240] [Server thread/DEBUG] [com.cobblemon.mod.common.Cobblemon/]: Serializing 2 Pokémon stores.
[16Feb2026 18:53:51.240] [Server thread/DEBUG] [com.cobblemon.mod.common.Cobblemon/]: Queueing save.
[16Feb2026 18:53:51.242] [pool-4-thread-1/DEBUG] [com.cobblemon.mod.common.Cobblemon/]: Saved 2 Pokémon stores.
[16Feb2026 18:54:21.290] [Server thread/DEBUG] [com.cobblemon.mod.common.Cobblemon/]: Serializing 1 Pokémon stores.
[16Feb2026 18:54:21.290] [Server thread/DEBUG] [com.cobblemon.mod.common.Cobblemon/]: Queueing save.
[16Feb2026 18:54:21.291] [pool-4-thread-1/DEBUG] [com.cobblemon.mod.common.Cobblemon/]: Saved 1 Pokémon stores.
[16Feb2026 18:54:51.340] [Server thread/DEBUG] [com.cobblemon.mod.common.Cobblemon/]: Serializing 1 Pokémon stores.
[16Feb2026 18:54:51.340] [Server thread/DEBUG] [com.cobblemon.mod.common.Cobblemon/]: Queueing save.
[16Feb2026 18:54:51.341] [pool-4-thread-1/DEBUG] [com.cobblemon.mod.common.Cobblemon/]: Saved 1 Pokémon stores.
[16Feb2026 18:55:17.501] [Server thread/INFO] [net.minecraft.server.MinecraftServer/]: Gamerule sendCommandFeedback is now set to: false
[16Feb2026 18:55:21.390] [Server thread/DEBUG] [com.cobblemon.mod.common.Cobblemon/]: Serializing 1 Pokémon stores.
[16Feb2026 18:55:21.390] [Server thread/DEBUG] [com.cobblemon.mod.common.Cobblemon/]: Queueing save.
[16Feb2026 18:55:21.391] [pool-4-thread-1/DEBUG] [com.cobblemon.mod.common.Cobblemon/]: Saved 1 Pokémon stores.
[16Feb2026 18:55:26.431] [Server thread/INFO] [net.minecraft.server.MinecraftServer/]: [Amorger2: Set own game mode to Creative Mode]
[16Feb2026 18:55:51.440] [Server thread/DEBUG] [com.cobblemon.mod.common.Cobblemon/]: Serializing 1 Pokémon stores.
[16Feb2026 18:55:51.440] [Server thread/DEBUG] [com.cobblemon.mod.common.Cobblemon/]: Queueing save.
[16Feb2026 18:55:51.441] [pool-4-thread-1/DEBUG] [com.cobblemon.mod.common.Cobblemon/]: Saved 1 Pokémon stores.
[16Feb2026 18:55:59.380] [Server thread/INFO] [net.minecraft.server.MinecraftServer/]: [Amorger2: Set own game mode to Survival Mode]
[16Feb2026 18:56:12.118] [Server thread/INFO] [net.minecraft.server.MinecraftServer/]: Gamerule sendCommandFeedback is now set to: true
[16Feb2026 18:56:21.490] [Server thread/DEBUG] [com.cobblemon.mod.common.Cobblemon/]: Serializing 1 Pokémon stores.
[16Feb2026 18:56:21.490] [Server thread/DEBUG] [com.cobblemon.mod.common.Cobblemon/]: Queueing save.
[16Feb2026 18:56:21.491] [pool-4-thread-1/DEBUG] [com.cobblemon.mod.common.Cobblemon/]: Saved 1 Pokémon stores.
[16Feb2026 18:56:51.540] [Server thread/DEBUG] [com.cobblemon.mod.common.Cobblemon/]: Serializing 1 Pokémon stores.
[16Feb2026 18:56:51.540] [Server thread/DEBUG] [com.cobblemon.mod.common.Cobblemon/]: Queueing save.
[16Feb2026 18:56:51.541] [pool-4-thread-1/DEBUG] [com.cobblemon.mod.common.Cobblemon/]: Saved 1 Pokémon stores.
[16Feb2026 18:57:11.849] [Server thread/INFO] [net.minecraft.server.MinecraftServer/]: Dortodoloncio drowned
[16Feb2026 18:57:21.590] [Server thread/DEBUG] [com.cobblemon.mod.common.Cobblemon/]: Serializing 1 Pokémon stores.
[16Feb2026 18:57:21.590] [Server thread/DEBUG] [com.cobblemon.mod.common.Cobblemon/]: Queueing save.
[16Feb2026 18:57:21.592] [pool-4-thread-1/DEBUG] [com.cobblemon.mod.common.Cobblemon/]: Saved 1 Pokémon stores.
[16Feb2026 18:57:51.640] [Server thread/DEBUG] [com.cobblemon.mod.common.Cobblemon/]: Serializing 1 Pokémon stores.
[16Feb2026 18:57:51.640] [Server thread/DEBUG] [com.cobblemon.mod.common.Cobblemon/]: Queueing save.
[16Feb2026 18:57:51.641] [pool-4-thread-1/DEBUG] [com.cobblemon.mod.common.Cobblemon/]: Saved 1 Pokémon stores.
[16Feb2026 18:58:21.690] [Server thread/DEBUG] [com.cobblemon.mod.common.Cobblemon/]: Serializing 1 Pokémon stores.
[16Feb2026 18:58:21.690] [Server thread/DEBUG] [com.cobblemon.mod.common.Cobblemon/]: Queueing save.
[16Feb2026 18:58:21.691] [pool-4-thread-1/DEBUG] [com.cobblemon.mod.common.Cobblemon/]: Saved 1 Pokémon stores.
[16Feb2026 18:58:39.812] [Server thread/DEBUG] [net.minecraftforge.common.ForgeHooks/WP]: Gathering id map for writing to world save world
[16Feb2026 18:58:39.834] [Server thread/DEBUG] [net.minecraftforge.common.ForgeHooks/WP]: ID Map collection complete world
[16Feb2026 18:58:51.740] [Server thread/DEBUG] [com.cobblemon.mod.common.Cobblemon/]: Serializing 1 Pokémon stores.
[16Feb2026 18:58:51.742] [Server thread/DEBUG] [com.cobblemon.mod.common.Cobblemon/]: Queueing save.
[16Feb2026 18:58:51.757] [pool-4-thread-1/DEBUG] [com.cobblemon.mod.common.Cobblemon/]: Saved 1 Pokémon stores.
[16Feb2026 18:58:56.528] [Server thread/INFO] [net.minecraft.server.MinecraftServer/]: [Amorger2: Gamerule sendCommandFeedback is now set to: false]
[16Feb2026 18:59:07.610] [Server thread/INFO] [net.minecraft.server.MinecraftServer/]: [Amorger2: Set own game mode to Spectator Mode]
[16Feb2026 18:59:12.469] [Server thread/INFO] [net.minecraft.server.MinecraftServer/]: [Amorger2: Set own game mode to Creative Mode]
[16Feb2026 18:59:21.790] [Server thread/DEBUG] [com.cobblemon.mod.common.Cobblemon/]: Serializing 1 Pokémon stores.
[16Feb2026 18:59:21.790] [Server thread/DEBUG] [com.cobblemon.mod.common.Cobblemon/]: Queueing save.
[16Feb2026 18:59:21.791] [pool-4-thread-1/DEBUG] [com.cobblemon.mod.common.Cobblemon/]: Saved 1 Pokémon stores.
[16Feb2026 18:59:32.255] [Server thread/INFO] [net.minecraft.server.MinecraftServer/]: [Amorger2: Set own game mode to Survival Mode]
[16Feb2026 18:59:38.505] [Server thread/INFO] [net.minecraft.server.MinecraftServer/]: [Amorger2: Gamerule sendCommandFeedback is now set to: true]
[16Feb2026 18:59:51.840] [Server thread/DEBUG] [com.cobblemon.mod.common.Cobblemon/]: Serializing 1 Pokémon stores.
[16Feb2026 18:59:51.840] [Server thread/DEBUG] [com.cobblemon.mod.common.Cobblemon/]: Queueing save.
[16Feb2026 18:59:51.841] [pool-4-thread-1/DEBUG] [com.cobblemon.mod.common.Cobblemon/]: Saved 1 Pokémon stores.
[16Feb2026 19:00:21.890] [Server thread/DEBUG] [com.cobblemon.mod.common.Cobblemon/]: Serializing 2 Pokémon stores.
[16Feb2026 19:00:21.891] [Server thread/DEBUG] [com.cobblemon.mod.common.Cobblemon/]: Queueing save.
[16Feb2026 19:00:21.893] [pool-4-thread-1/DEBUG] [com.cobblemon.mod.common.Cobblemon/]: Saved 2 Pokémon stores.
[16Feb2026 19:00:43.350] [Server thread/INFO] [net.minecraft.server.MinecraftServer/]: Dortodoloncio has made the advancement [The Root of Basic Healing]
[16Feb2026 19:00:51.940] [Server thread/DEBUG] [com.cobblemon.mod.common.Cobblemon/]: Serializing 2 Pokémon stores.
[16Feb2026 19:00:51.941] [Server thread/DEBUG] [com.cobblemon.mod.common.Cobblemon/]: Queueing save.
[16Feb2026 19:00:51.943] [pool-4-thread-1/DEBUG] [com.cobblemon.mod.common.Cobblemon/]: Saved 2 Pokémon stores.
[16Feb2026 19:01:21.990] [Server thread/DEBUG] [com.cobblemon.mod.common.Cobblemon/]: Serializing 2 Pokémon stores.
[16Feb2026 19:01:21.990] [Server thread/DEBUG] [com.cobblemon.mod.common.Cobblemon/]: Queueing save.
[16Feb2026 19:01:21.992] [pool-4-thread-1/DEBUG] [com.cobblemon.mod.common.Cobblemon/]: Saved 2 Pokémon stores.
[16Feb2026 19:01:38.456] [Server thread/INFO] [net.minecraft.server.MinecraftServer/]: [Amorger2: Gamerule sendCommandFeedback is now set to: false]
[16Feb2026 19:01:48.274] [Server thread/INFO] [net.minecraft.server.MinecraftServer/]: [Amorger2: Set own game mode to Creative Mode]
[16Feb2026 19:01:52.040] [Server thread/DEBUG] [com.cobblemon.mod.common.Cobblemon/]: Serializing 1 Pokémon stores.
[16Feb2026 19:01:52.040] [Server thread/DEBUG] [com.cobblemon.mod.common.Cobblemon/]: Queueing save.
[16Feb2026 19:01:52.041] [pool-4-thread-1/DEBUG] [com.cobblemon.mod.common.Cobblemon/]: Saved 1 Pokémon stores.
[16Feb2026 19:02:22.090] [Server thread/DEBUG] [com.cobblemon.mod.common.Cobblemon/]: Serializing 0 Pokémon stores.
[16Feb2026 19:02:22.090] [Server thread/DEBUG] [com.cobblemon.mod.common.Cobblemon/]: Queueing save.
[16Feb2026 19:02:22.090] [pool-4-thread-1/DEBUG] [com.cobblemon.mod.common.Cobblemon/]: Saved 0 Pokémon stores.
[16Feb2026 19:02:52.140] [Server thread/DEBUG] [com.cobblemon.mod.common.Cobblemon/]: Serializing 0 Pokémon stores.
[16Feb2026 19:02:52.140] [Server thread/DEBUG] [com.cobblemon.mod.common.Cobblemon/]: Queueing save.
[16Feb2026 19:02:52.140] [pool-4-thread-1/DEBUG] [com.cobblemon.mod.common.Cobblemon/]: Saved 0 Pokémon stores.
[16Feb2026 19:03:00.051] [Server thread/INFO] [net.minecraft.server.MinecraftServer/]: [Amorger2: Set own game mode to Spectator Mode]
[16Feb2026 19:03:03.652] [Server thread/INFO] [net.minecraft.server.MinecraftServer/]: [Amorger2: Set own game mode to Survival Mode]
[16Feb2026 19:03:08.405] [Server thread/INFO] [net.minecraft.server.MinecraftServer/]: [Amorger2: Gamerule sendCommandFeedback is now set to: true]
[16Feb2026 19:03:17.622] [Server thread/INFO] [net.minecraft.server.MinecraftServer/]: [Amorger2: Teleported Amorger2 to Dortodoloncio]
[16Feb2026 19:03:22.190] [Server thread/DEBUG] [com.cobblemon.mod.common.Cobblemon/]: Serializing 0 Pokémon stores.
[16Feb2026 19:03:22.190] [Server thread/DEBUG] [com.cobblemon.mod.common.Cobblemon/]: Queueing save.
[16Feb2026 19:03:22.190] [pool-4-thread-1/DEBUG] [com.cobblemon.mod.common.Cobblemon/]: Saved 0 Pokémon stores.
[16Feb2026 19:03:30.249] [Server thread/INFO] [net.minecraft.server.MinecraftServer/]: [Amorger2: Teleported Amorger2 to Dortodoloncio]
[16Feb2026 19:03:39.769] [Server thread/DEBUG] [net.minecraftforge.common.ForgeHooks/WP]: Gathering id map for writing to world save world
[16Feb2026 19:03:39.777] [Server thread/DEBUG] [net.minecraftforge.common.ForgeHooks/WP]: ID Map collection complete world
[16Feb2026 19:03:52.240] [Server thread/DEBUG] [com.cobblemon.mod.common.Cobblemon/]: Serializing 0 Pokémon stores.
[16Feb2026 19:03:52.240] [Server thread/DEBUG] [com.cobblemon.mod.common.Cobblemon/]: Queueing save.
[16Feb2026 19:03:52.240] [pool-4-thread-1/DEBUG] [com.cobblemon.mod.common.Cobblemon/]: Saved 0 Pokémon stores.
[16Feb2026 19:04:22.290] [Server thread/DEBUG] [com.cobblemon.mod.common.Cobblemon/]: Serializing 0 Pokémon stores.
[16Feb2026 19:04:22.290] [Server thread/DEBUG] [com.cobblemon.mod.common.Cobblemon/]: Queueing save.
[16Feb2026 19:04:22.290] [pool-4-thread-1/DEBUG] [com.cobblemon.mod.common.Cobblemon/]: Saved 0 Pokémon stores.
[16Feb2026 19:04:52.340] [Server thread/DEBUG] [com.cobblemon.mod.common.Cobblemon/]: Serializing 1 Pokémon stores.
[16Feb2026 19:04:52.340] [Server thread/DEBUG] [com.cobblemon.mod.common.Cobblemon/]: Queueing save.
[16Feb2026 19:04:52.342] [pool-4-thread-1/DEBUG] [com.cobblemon.mod.common.Cobblemon/]: Saved 1 Pokémon stores.
[16Feb2026 19:05:22.390] [Server thread/DEBUG] [com.cobblemon.mod.common.Cobblemon/]: Serializing 1 Pokémon stores.
[16Feb2026 19:05:22.390] [Server thread/DEBUG] [com.cobblemon.mod.common.Cobblemon/]: Queueing save.
[16Feb2026 19:05:22.392] [pool-4-thread-1/DEBUG] [com.cobblemon.mod.common.Cobblemon/]: Saved 1 Pokémon stores.
[16Feb2026 19:05:52.440] [Server thread/DEBUG] [com.cobblemon.mod.common.Cobblemon/]: Serializing 1 Pokémon stores.
[16Feb2026 19:05:52.440] [Server thread/DEBUG] [com.cobblemon.mod.common.Cobblemon/]: Queueing save.
[16Feb2026 19:05:52.442] [pool-4-thread-1/DEBUG] [com.cobblemon.mod.common.Cobblemon/]: Saved 1 Pokémon stores.
[16Feb2026 19:06:22.490] [Server thread/DEBUG] [com.cobblemon.mod.common.Cobblemon/]: Serializing 1 Pokémon stores.
[16Feb2026 19:06:22.490] [Server thread/DEBUG] [com.cobblemon.mod.common.Cobblemon/]: Queueing save.
[16Feb2026 19:06:22.492] [pool-4-thread-1/DEBUG] [com.cobblemon.mod.common.Cobblemon/]: Saved 1 Pokémon stores.
[16Feb2026 19:06:52.540] [Server thread/DEBUG] [com.cobblemon.mod.common.Cobblemon/]: Serializing 1 Pokémon stores.
[16Feb2026 19:06:52.541] [Server thread/DEBUG] [com.cobblemon.mod.common.Cobblemon/]: Queueing save.
[16Feb2026 19:06:52.542] [pool-4-thread-1/DEBUG] [com.cobblemon.mod.common.Cobblemon/]: Saved 1 Pokémon stores.
[16Feb2026 19:07:22.590] [Server thread/DEBUG] [com.cobblemon.mod.common.Cobblemon/]: Serializing 1 Pokémon stores.
[16Feb2026 19:07:22.590] [Server thread/DEBUG] [com.cobblemon.mod.common.Cobblemon/]: Queueing save.
[16Feb2026 19:07:22.592] [pool-4-thread-1/DEBUG] [com.cobblemon.mod.common.Cobblemon/]: Saved 1 Pokémon stores.
[16Feb2026 19:07:52.640] [Server thread/DEBUG] [com.cobblemon.mod.common.Cobblemon/]: Serializing 1 Pokémon stores.
[16Feb2026 19:07:52.641] [Server thread/DEBUG] [com.cobblemon.mod.common.Cobblemon/]: Queueing save.
[16Feb2026 19:07:52.642] [pool-4-thread-1/DEBUG] [com.cobblemon.mod.common.Cobblemon/]: Saved 1 Pokémon stores.
[16Feb2026 19:08:22.690] [Server thread/DEBUG] [com.cobblemon.mod.common.Cobblemon/]: Serializing 1 Pokémon stores.
[16Feb2026 19:08:22.690] [Server thread/DEBUG] [com.cobblemon.mod.common.Cobblemon/]: Queueing save.
[16Feb2026 19:08:22.692] [pool-4-thread-1/DEBUG] [com.cobblemon.mod.common.Cobblemon/]: Saved 1 Pokémon stores.
[16Feb2026 19:08:39.765] [Server thread/DEBUG] [net.minecraftforge.common.ForgeHooks/WP]: Gathering id map for writing to world save world
[16Feb2026 19:08:39.772] [Server thread/DEBUG] [net.minecraftforge.common.ForgeHooks/WP]: ID Map collection complete world
[16Feb2026 19:08:52.740] [Server thread/DEBUG] [com.cobblemon.mod.common.Cobblemon/]: Serializing 2 Pokémon stores.
[16Feb2026 19:08:52.741] [Server thread/DEBUG] [com.cobblemon.mod.common.Cobblemon/]: Queueing save.
[16Feb2026 19:08:52.743] [pool-4-thread-1/DEBUG] [com.cobblemon.mod.common.Cobblemon/]: Saved 2 Pokémon stores.
[16Feb2026 19:09:11.149] [Server thread/INFO] [net.minecraft.server.network.ServerGamePacketListenerImpl/]: Amorger2 lost connection: Disconnected
[16Feb2026 19:09:11.149] [Server thread/INFO] [net.minecraft.server.MinecraftServer/]: Amorger2 left the game
[16Feb2026 19:09:13.530] [Netty Epoll Server IO #3/DEBUG] [net.minecraftforge.network.HandshakeHandler/FMLHANDSHAKE]: Starting new modded impl connection. Found 26 messages to dispatch.
[16Feb2026 19:09:13.545] [Server thread/DEBUG] [net.minecraftforge.network.HandshakeHandler/FMLHANDSHAKE]: Sending ticking packet info 'net.minecraftforge.network.HandshakeMessages$S2CModData' to 'fml:handshake' sequence 0
[16Feb2026 19:09:13.597] [Server thread/DEBUG] [net.minecraftforge.network.HandshakeHandler/FMLHANDSHAKE]: Sending ticking packet info 'net.minecraftforge.network.HandshakeMessages$S2CModList' to 'fml:handshake' sequence 1
[16Feb2026 19:09:13.646] [Server thread/DEBUG] [net.minecraftforge.network.HandshakeHandler/FMLHANDSHAKE]: Sending ticking packet info 'Registry minecraft:command_argument_type' to 'fml:handshake' sequence 2
[16Feb2026 19:09:13.684] [Netty Epoll Server IO #3/DEBUG] [net.minecraftforge.network.LoginWrapper/FMLHANDSHAKE]: Recieved login wrapper packet event for channel fml:handshake with index 1
[16Feb2026 19:09:13.684] [Netty Epoll Server IO #3/DEBUG] [net.minecraftforge.network.HandshakeHandler/FMLHANDSHAKE]: Received client indexed reply 1 of type net.minecraftforge.network.HandshakeMessages$C2SModListReply
[16Feb2026 19:09:13.684] [Netty Epoll Server IO #3/DEBUG] [net.minecraftforge.network.HandshakeHandler/FMLHANDSHAKE]: Received client connection with modlist [fossiltweaks, beautify, jei, cobblemon_quests, cobbled_counter, journeymap, citadel, tmtcop, glitchcore, cobblemonoutbreaks, midnightlib, spawn_notification, unimplemented_items, gravels_extended_battles, cameraoverhaul, cloth_config, forge, athena, cobblemon_alatia, minecraft, simple_cobblemon_kit, terrablender, betterbeds, cobblemonintegrations, cobblemontrainers, simpletms, biomesoplenty, jade, mr_eggs_cobblemonaddon, kotlinforforge, curios, patchouli, capture_xp, megamons, cobblemon, cobbledex, cobblepedia, fightorflight, architectury, cobgyms, ftblibrary, ftbteams, ftbquests, cobblemore_lib, cobblemon_poke_labs, cobblemon_simple_center, cobblemonmegas, cobblemonrider, mythsandlegends, betterf3, unchained, cobbledollars]
[16Feb2026 19:09:13.684] [Netty Epoll Server IO #3/DEBUG] [net.minecraftforge.network.NetworkRegistry/NETREGISTRY]: Channel 'cobbledex:main' : Version test of '1' from client : ACCEPTED
[16Feb2026 19:09:13.684] [Netty Epoll Server IO #3/DEBUG] [net.minecraftforge.network.NetworkRegistry/NETREGISTRY]: Channel 'architectury:network' : Version test of '1' from client : ACCEPTED
[16Feb2026 19:09:13.684] [Netty Epoll Server IO #3/DEBUG] [net.minecraftforge.network.NetworkRegistry/NETREGISTRY]: Channel 'jei:channel' : Version test of '1.0.0' from client : ACCEPTED
[16Feb2026 19:09:13.685] [Netty Epoll Server IO #3/DEBUG] [net.minecraftforge.network.NetworkRegistry/NETREGISTRY]: Channel 'minecraft:unregister' : Version test of 'FML3' from client : ACCEPTED
[16Feb2026 19:09:13.685] [Netty Epoll Server IO #3/DEBUG] [net.minecraftforge.network.NetworkRegistry/NETREGISTRY]: Channel 'citadel:main_channel' : Version test of '1' from client : ACCEPTED
[16Feb2026 19:09:13.685] [Netty Epoll Server IO #3/DEBUG] [net.minecraftforge.network.NetworkRegistry/NETREGISTRY]: Channel 'cobblemonrider:network' : Version test of '1.0' from client : ACCEPTED
[16Feb2026 19:09:13.685] [Netty Epoll Server IO #3/DEBUG] [net.minecraftforge.network.NetworkRegistry/NETREGISTRY]: Channel 'journeymap:version' : Version test of '1' from client : ACCEPTED
[16Feb2026 19:09:13.685] [Netty Epoll Server IO #3/DEBUG] [net.minecraftforge.network.NetworkRegistry/NETREGISTRY]: Channel 'simple_cobblemon_kit:simple_cobblemon_kit' : Version test of '1' from client : ACCEPTED
[16Feb2026 19:09:13.685] [Netty Epoll Server IO #3/DEBUG] [net.minecraftforge.network.NetworkRegistry/NETREGISTRY]: Channel 'curios:main' : Version test of '1' from client : ACCEPTED
[16Feb2026 19:09:13.685] [Netty Epoll Server IO #3/DEBUG] [net.minecraftforge.network.NetworkRegistry/NETREGISTRY]: Channel 'worldinfo:world_id' : Version test of '1' from client : ACCEPTED
[16Feb2026 19:09:13.685] [Netty Epoll Server IO #3/DEBUG] [net.minecraftforge.network.NetworkRegistry/NETREGISTRY]: Channel 'journeymap:admin_req' : Version test of '1' from client : ACCEPTED
[16Feb2026 19:09:13.685] [Netty Epoll Server IO #3/DEBUG] [net.minecraftforge.network.NetworkRegistry/NETREGISTRY]: Channel 'journeymap:mp_options_req' : Version test of '1' from client : ACCEPTED
[16Feb2026 19:09:13.685] [Netty Epoll Server IO #3/DEBUG] [net.minecraftforge.network.NetworkRegistry/NETREGISTRY]: Channel 'journeymap:waypoint' : Version test of '1' from client : ACCEPTED
[16Feb2026 19:09:13.685] [Netty Epoll Server IO #3/DEBUG] [net.minecraftforge.network.NetworkRegistry/NETREGISTRY]: Channel 'fml:loginwrapper' : Version test of 'FML3' from client : ACCEPTED
[16Feb2026 19:09:13.685] [Netty Epoll Server IO #3/DEBUG] [net.minecraftforge.network.NetworkRegistry/NETREGISTRY]: Channel 'forge:tier_sorting' : Version test of '1.0' from client : ACCEPTED
[16Feb2026 19:09:13.685] [Netty Epoll Server IO #3/DEBUG] [net.minecraftforge.network.NetworkRegistry/NETREGISTRY]: Channel 'fml:play' : Version test of 'FML3' from client : ACCEPTED
[16Feb2026 19:09:13.685] [Netty Epoll Server IO #3/DEBUG] [net.minecraftforge.network.NetworkRegistry/NETREGISTRY]: Channel 'tmtcop:tmtcop' : Version test of '1' from client : ACCEPTED
[16Feb2026 19:09:13.685] [Netty Epoll Server IO #3/DEBUG] [net.minecraftforge.network.NetworkRegistry/NETREGISTRY]: Channel 'journeymap:player_loc' : Version test of '1' from client : ACCEPTED
[16Feb2026 19:09:13.685] [Netty Epoll Server IO #3/DEBUG] [net.minecraftforge.network.NetworkRegistry/NETREGISTRY]: Channel 'journeymap:admin_save' : Version test of '1' from client : ACCEPTED
[16Feb2026 19:09:13.685] [Netty Epoll Server IO #3/DEBUG] [net.minecraftforge.network.NetworkRegistry/NETREGISTRY]: Channel 'patchouli:main' : Version test of '1' from client : ACCEPTED
[16Feb2026 19:09:13.685] [Netty Epoll Server IO #3/DEBUG] [net.minecraftforge.network.NetworkRegistry/NETREGISTRY]: Channel 'journeymap:teleport_req' : Version test of '1' from client : ACCEPTED
[16Feb2026 19:09:13.685] [Netty Epoll Server IO #3/DEBUG] [net.minecraftforge.network.NetworkRegistry/NETREGISTRY]: Channel 'fml:handshake' : Version test of 'FML3' from client : ACCEPTED
[16Feb2026 19:09:13.685] [Netty Epoll Server IO #3/DEBUG] [net.minecraftforge.network.NetworkRegistry/NETREGISTRY]: Channel 'journeymap:common' : Version test of '1' from client : ACCEPTED
[16Feb2026 19:09:13.685] [Netty Epoll Server IO #3/DEBUG] [net.minecraftforge.network.NetworkRegistry/NETREGISTRY]: Channel 'cobblemonintegrations:main' : Version test of '1' from client : ACCEPTED
[16Feb2026 19:09:13.685] [Netty Epoll Server IO #3/DEBUG] [net.minecraftforge.network.NetworkRegistry/NETREGISTRY]: Channel 'minecraft:register' : Version test of 'FML3' from client : ACCEPTED
[16Feb2026 19:09:13.685] [Netty Epoll Server IO #3/DEBUG] [net.minecraftforge.network.NetworkRegistry/NETREGISTRY]: Channel 'cobblemon:main' : Version test of '1' from client : ACCEPTED
[16Feb2026 19:09:13.685] [Netty Epoll Server IO #3/DEBUG] [net.minecraftforge.network.NetworkRegistry/NETREGISTRY]: Channel 'forge:split' : Version test of '1.1' from client : ACCEPTED
[16Feb2026 19:09:13.685] [Netty Epoll Server IO #3/DEBUG] [net.minecraftforge.network.NetworkRegistry/NETREGISTRY]: Channel 'journeymap:perm_req' : Version test of '1' from client : ACCEPTED
[16Feb2026 19:09:13.685] [Netty Epoll Server IO #3/DEBUG] [net.minecraftforge.network.NetworkRegistry/NETREGISTRY]: Channel 'simpletms:main' : Version test of '1' from client : ACCEPTED
[16Feb2026 19:09:13.685] [Netty Epoll Server IO #3/DEBUG] [net.minecraftforge.network.NetworkRegistry/NETREGISTRY]: Channel 'jade:networking' : Version test of '2' from client : ACCEPTED
[16Feb2026 19:09:13.685] [Netty Epoll Server IO #3/DEBUG] [net.minecraftforge.network.NetworkRegistry/NETREGISTRY]: Accepting channel list from client
[16Feb2026 19:09:13.685] [Netty Epoll Server IO #3/DEBUG] [net.minecraftforge.network.HandshakeHandler/FMLHANDSHAKE]: Accepted client connection mod list
[16Feb2026 19:09:13.697] [Server thread/DEBUG] [net.minecraftforge.network.HandshakeHandler/FMLHANDSHAKE]: Sending ticking packet info 'Registry minecraft:recipe_serializer' to 'fml:handshake' sequence 3
[16Feb2026 19:09:13.732] [Netty Epoll Server IO #3/DEBUG] [net.minecraftforge.network.LoginWrapper/FMLHANDSHAKE]: Recieved login wrapper packet event for channel fml:handshake with index 2
[16Feb2026 19:09:13.733] [Netty Epoll Server IO #3/DEBUG] [net.minecraftforge.network.HandshakeHandler/FMLHANDSHAKE]: Received client indexed reply 2 of type net.minecraftforge.network.HandshakeMessages$C2SAcknowledge
[16Feb2026 19:09:13.733] [Netty Epoll Server IO #3/DEBUG] [net.minecraftforge.network.HandshakeHandler/FMLHANDSHAKE]: Received acknowledgement from client
[16Feb2026 19:09:13.747] [Server thread/DEBUG] [net.minecraftforge.network.HandshakeHandler/FMLHANDSHAKE]: Sending ticking packet info 'Registry minecraft:sound_event' to 'fml:handshake' sequence 4
[16Feb2026 19:09:13.782] [Netty Epoll Server IO #3/DEBUG] [net.minecraftforge.network.LoginWrapper/FMLHANDSHAKE]: Recieved login wrapper packet event for channel fml:handshake with index 3
[16Feb2026 19:09:13.782] [Netty Epoll Server IO #3/DEBUG] [net.minecraftforge.network.HandshakeHandler/FMLHANDSHAKE]: Received client indexed reply 3 of type net.minecraftforge.network.HandshakeMessages$C2SAcknowledge
[16Feb2026 19:09:13.782] [Netty Epoll Server IO #3/DEBUG] [net.minecraftforge.network.HandshakeHandler/FMLHANDSHAKE]: Received acknowledgement from client
[16Feb2026 19:09:13.795] [Server thread/DEBUG] [net.minecraftforge.network.HandshakeHandler/FMLHANDSHAKE]: Sending ticking packet info 'Registry minecraft:particle_type' to 'fml:handshake' sequence 5
[16Feb2026 19:09:13.848] [Server thread/DEBUG] [net.minecraftforge.network.HandshakeHandler/FMLHANDSHAKE]: Sending ticking packet info 'Registry minecraft:villager_profession' to 'fml:handshake' sequence 6
[16Feb2026 19:09:13.897] [Server thread/DEBUG] [net.minecraftforge.network.HandshakeHandler/FMLHANDSHAKE]: Sending ticking packet info 'Registry minecraft:item' to 'fml:handshake' sequence 7
[16Feb2026 19:09:13.946] [Server thread/DEBUG] [net.minecraftforge.network.HandshakeHandler/FMLHANDSHAKE]: Sending ticking packet info 'Registry minecraft:potion' to 'fml:handshake' sequence 8
[16Feb2026 19:09:13.979] [Netty Epoll Server IO #3/DEBUG] [net.minecraftforge.network.LoginWrapper/FMLHANDSHAKE]: Recieved login wrapper packet event for channel fml:handshake with index 4
[16Feb2026 19:09:13.979] [Netty Epoll Server IO #3/DEBUG] [net.minecraftforge.network.HandshakeHandler/FMLHANDSHAKE]: Received client indexed reply 4 of type net.minecraftforge.network.HandshakeMessages$C2SAcknowledge
[16Feb2026 19:09:13.979] [Netty Epoll Server IO #3/DEBUG] [net.minecraftforge.network.HandshakeHandler/FMLHANDSHAKE]: Received acknowledgement from client
[16Feb2026 19:09:13.979] [Netty Epoll Server IO #3/DEBUG] [net.minecraftforge.network.LoginWrapper/FMLHANDSHAKE]: Recieved login wrapper packet event for channel fml:handshake with index 5
[16Feb2026 19:09:13.979] [Netty Epoll Server IO #3/DEBUG] [net.minecraftforge.network.HandshakeHandler/FMLHANDSHAKE]: Received client indexed reply 5 of type net.minecraftforge.network.HandshakeMessages$C2SAcknowledge
[16Feb2026 19:09:13.979] [Netty Epoll Server IO #3/DEBUG] [net.minecraftforge.network.HandshakeHandler/FMLHANDSHAKE]: Received acknowledgement from client
[16Feb2026 19:09:13.979] [Netty Epoll Server IO #3/DEBUG] [net.minecraftforge.network.LoginWrapper/FMLHANDSHAKE]: Recieved login wrapper packet event for channel fml:handshake with index 6
[16Feb2026 19:09:13.979] [Netty Epoll Server IO #3/DEBUG] [net.minecraftforge.network.HandshakeHandler/FMLHANDSHAKE]: Received client indexed reply 6 of type net.minecraftforge.network.HandshakeMessages$C2SAcknowledge
[16Feb2026 19:09:13.979] [Netty Epoll Server IO #3/DEBUG] [net.minecraftforge.network.HandshakeHandler/FMLHANDSHAKE]: Received acknowledgement from client
[16Feb2026 19:09:13.996] [Server thread/DEBUG] [net.minecraftforge.network.HandshakeHandler/FMLHANDSHAKE]: Sending ticking packet info 'Registry minecraft:painting_variant' to 'fml:handshake' sequence 9
[16Feb2026 19:09:14.046] [Server thread/DEBUG] [net.minecraftforge.network.HandshakeHandler/FMLHANDSHAKE]: Sending ticking packet info 'Registry forge:fluid_type' to 'fml:handshake' sequence 10
[16Feb2026 19:09:14.095] [Server thread/DEBUG] [net.minecraftforge.network.HandshakeHandler/FMLHANDSHAKE]: Sending ticking packet info 'Registry minecraft:block_entity_type' to 'fml:handshake' sequence 11
[16Feb2026 19:09:14.146] [Server thread/DEBUG] [net.minecraftforge.network.HandshakeHandler/FMLHANDSHAKE]: Sending ticking packet info 'Registry forge:display_contexts' to 'fml:handshake' sequence 12
[16Feb2026 19:09:14.196] [Server thread/DEBUG] [net.minecraftforge.network.HandshakeHandler/FMLHANDSHAKE]: Sending ticking packet info 'Registry minecraft:block' to 'fml:handshake' sequence 13
[16Feb2026 19:09:14.247] [Server thread/DEBUG] [net.minecraftforge.network.HandshakeHandler/FMLHANDSHAKE]: Sending ticking packet info 'Registry forge:entity_data_serializers' to 'fml:handshake' sequence 14
[16Feb2026 19:09:14.276] [Netty Epoll Server IO #3/DEBUG] [net.minecraftforge.network.LoginWrapper/FMLHANDSHAKE]: Recieved login wrapper packet event for channel fml:handshake with index 7
[16Feb2026 19:09:14.276] [Netty Epoll Server IO #3/DEBUG] [net.minecraftforge.network.HandshakeHandler/FMLHANDSHAKE]: Received client indexed reply 7 of type net.minecraftforge.network.HandshakeMessages$C2SAcknowledge
[16Feb2026 19:09:14.276] [Netty Epoll Server IO #3/DEBUG] [net.minecraftforge.network.HandshakeHandler/FMLHANDSHAKE]: Received acknowledgement from client
[16Feb2026 19:09:14.296] [Server thread/DEBUG] [net.minecraftforge.network.HandshakeHandler/FMLHANDSHAKE]: Sending ticking packet info 'Registry minecraft:mob_effect' to 'fml:handshake' sequence 15
[16Feb2026 19:09:14.322] [Netty Epoll Server IO #3/DEBUG] [net.minecraftforge.network.LoginWrapper/FMLHANDSHAKE]: Recieved login wrapper packet event for channel fml:handshake with index 8
[16Feb2026 19:09:14.322] [Netty Epoll Server IO #3/DEBUG] [net.minecraftforge.network.HandshakeHandler/FMLHANDSHAKE]: Received client indexed reply 8 of type net.minecraftforge.network.HandshakeMessages$C2SAcknowledge
[16Feb2026 19:09:14.322] [Netty Epoll Server IO #3/DEBUG] [net.minecraftforge.network.HandshakeHandler/FMLHANDSHAKE]: Received acknowledgement from client
[16Feb2026 19:09:14.322] [Netty Epoll Server IO #3/DEBUG] [net.minecraftforge.network.LoginWrapper/FMLHANDSHAKE]: Recieved login wrapper packet event for channel fml:handshake with index 9
[16Feb2026 19:09:14.322] [Netty Epoll Server IO #3/DEBUG] [net.minecraftforge.network.HandshakeHandler/FMLHANDSHAKE]: Received client indexed reply 9 of type net.minecraftforge.network.HandshakeMessages$C2SAcknowledge
[16Feb2026 19:09:14.322] [Netty Epoll Server IO #3/DEBUG] [net.minecraftforge.network.HandshakeHandler/FMLHANDSHAKE]: Received acknowledgement from client
[16Feb2026 19:09:14.322] [Netty Epoll Server IO #3/DEBUG] [net.minecraftforge.network.LoginWrapper/FMLHANDSHAKE]: Recieved login wrapper packet event for channel fml:handshake with index 10
[16Feb2026 19:09:14.322] [Netty Epoll Server IO #3/DEBUG] [net.minecraftforge.network.HandshakeHandler/FMLHANDSHAKE]: Received client indexed reply 10 of type net.minecraftforge.network.HandshakeMessages$C2SAcknowledge
[16Feb2026 19:09:14.322] [Netty Epoll Server IO #3/DEBUG] [net.minecraftforge.network.HandshakeHandler/FMLHANDSHAKE]: Received acknowledgement from client
[16Feb2026 19:09:14.322] [Netty Epoll Server IO #3/DEBUG] [net.minecraftforge.network.LoginWrapper/FMLHANDSHAKE]: Recieved login wrapper packet event for channel fml:handshake with index 11
[16Feb2026 19:09:14.322] [Netty Epoll Server IO #3/DEBUG] [net.minecraftforge.network.HandshakeHandler/FMLHANDSHAKE]: Received client indexed reply 11 of type net.minecraftforge.network.HandshakeMessages$C2SAcknowledge
[16Feb2026 19:09:14.322] [Netty Epoll Server IO #3/DEBUG] [net.minecraftforge.network.HandshakeHandler/FMLHANDSHAKE]: Received acknowledgement from client
[16Feb2026 19:09:14.322] [Netty Epoll Server IO #3/DEBUG] [net.minecraftforge.network.LoginWrapper/FMLHANDSHAKE]: Recieved login wrapper packet event for channel fml:handshake with index 12
[16Feb2026 19:09:14.322] [Netty Epoll Server IO #3/DEBUG] [net.minecraftforge.network.HandshakeHandler/FMLHANDSHAKE]: Received client indexed reply 12 of type net.minecraftforge.network.HandshakeMessages$C2SAcknowledge
[16Feb2026 19:09:14.322] [Netty Epoll Server IO #3/DEBUG] [net.minecraftforge.network.HandshakeHandler/FMLHANDSHAKE]: Received acknowledgement from client
[16Feb2026 19:09:14.346] [Server thread/DEBUG] [net.minecraftforge.network.HandshakeHandler/FMLHANDSHAKE]: Sending ticking packet info 'Registry minecraft:stat_type' to 'fml:handshake' sequence 16
[16Feb2026 19:09:14.396] [Server thread/DEBUG] [net.minecraftforge.network.HandshakeHandler/FMLHANDSHAKE]: Sending ticking packet info 'Registry minecraft:menu' to 'fml:handshake' sequence 17
[16Feb2026 19:09:14.447] [Server thread/DEBUG] [net.minecraftforge.network.HandshakeHandler/FMLHANDSHAKE]: Sending ticking packet info 'Registry minecraft:enchantment' to 'fml:handshake' sequence 18
[16Feb2026 19:09:14.496] [Server thread/DEBUG] [net.minecraftforge.network.HandshakeHandler/FMLHANDSHAKE]: Sending ticking packet info 'Registry minecraft:fluid' to 'fml:handshake' sequence 19
[16Feb2026 19:09:14.530] [Netty Epoll Server IO #3/DEBUG] [net.minecraftforge.network.LoginWrapper/FMLHANDSHAKE]: Recieved login wrapper packet event for channel fml:handshake with index 13
[16Feb2026 19:09:14.530] [Netty Epoll Server IO #3/DEBUG] [net.minecraftforge.network.HandshakeHandler/FMLHANDSHAKE]: Received client indexed reply 13 of type net.minecraftforge.network.HandshakeMessages$C2SAcknowledge
[16Feb2026 19:09:14.530] [Netty Epoll Server IO #3/DEBUG] [net.minecraftforge.network.HandshakeHandler/FMLHANDSHAKE]: Received acknowledgement from client
[16Feb2026 19:09:14.530] [Netty Epoll Server IO #3/DEBUG] [net.minecraftforge.network.LoginWrapper/FMLHANDSHAKE]: Recieved login wrapper packet event for channel fml:handshake with index 14
[16Feb2026 19:09:14.530] [Netty Epoll Server IO #3/DEBUG] [net.minecraftforge.network.HandshakeHandler/FMLHANDSHAKE]: Received client indexed reply 14 of type net.minecraftforge.network.HandshakeMessages$C2SAcknowledge
[16Feb2026 19:09:14.530] [Netty Epoll Server IO #3/DEBUG] [net.minecraftforge.network.HandshakeHandler/FMLHANDSHAKE]: Received acknowledgement from client
[16Feb2026 19:09:14.530] [Netty Epoll Server IO #3/DEBUG] [net.minecraftforge.network.LoginWrapper/FMLHANDSHAKE]: Recieved login wrapper packet event for channel fml:handshake with index 15
[16Feb2026 19:09:14.530] [Netty Epoll Server IO #3/DEBUG] [net.minecraftforge.network.HandshakeHandler/FMLHANDSHAKE]: Received client indexed reply 15 of type net.minecraftforge.network.HandshakeMessages$C2SAcknowledge
[16Feb2026 19:09:14.530] [Netty Epoll Server IO #3/DEBUG] [net.minecraftforge.network.HandshakeHandler/FMLHANDSHAKE]: Received acknowledgement from client
[16Feb2026 19:09:14.530] [Netty Epoll Server IO #3/DEBUG] [net.minecraftforge.network.LoginWrapper/FMLHANDSHAKE]: Recieved login wrapper packet event for channel fml:handshake with index 16
[16Feb2026 19:09:14.530] [Netty Epoll Server IO #3/DEBUG] [net.minecraftforge.network.HandshakeHandler/FMLHANDSHAKE]: Received client indexed reply 16 of type net.minecraftforge.network.HandshakeMessages$C2SAcknowledge
[16Feb2026 19:09:14.530] [Netty Epoll Server IO #3/DEBUG] [net.minecraftforge.network.HandshakeHandler/FMLHANDSHAKE]: Received acknowledgement from client
[16Feb2026 19:09:14.530] [Netty Epoll Server IO #3/DEBUG] [net.minecraftforge.network.LoginWrapper/FMLHANDSHAKE]: Recieved login wrapper packet event for channel fml:handshake with index 17
[16Feb2026 19:09:14.531] [Netty Epoll Server IO #3/DEBUG] [net.minecraftforge.network.HandshakeHandler/FMLHANDSHAKE]: Received client indexed reply 17 of type net.minecraftforge.network.HandshakeMessages$C2SAcknowledge
[16Feb2026 19:09:14.531] [Netty Epoll Server IO #3/DEBUG] [net.minecraftforge.network.HandshakeHandler/FMLHANDSHAKE]: Received acknowledgement from client
[16Feb2026 19:09:14.533] [Netty Epoll Server IO #3/DEBUG] [net.minecraftforge.network.LoginWrapper/FMLHANDSHAKE]: Recieved login wrapper packet event for channel fml:handshake with index 18
[16Feb2026 19:09:14.533] [Netty Epoll Server IO #3/DEBUG] [net.minecraftforge.network.HandshakeHandler/FMLHANDSHAKE]: Received client indexed reply 18 of type net.minecraftforge.network.HandshakeMessages$C2SAcknowledge
[16Feb2026 19:09:14.533] [Netty Epoll Server IO #3/DEBUG] [net.minecraftforge.network.HandshakeHandler/FMLHANDSHAKE]: Received acknowledgement from client
[16Feb2026 19:09:14.548] [Server thread/DEBUG] [net.minecraftforge.network.HandshakeHandler/FMLHANDSHAKE]: Sending ticking packet info 'Registry minecraft:entity_type' to 'fml:handshake' sequence 20
[16Feb2026 19:09:14.582] [Netty Epoll Server IO #3/DEBUG] [net.minecraftforge.network.LoginWrapper/FMLHANDSHAKE]: Recieved login wrapper packet event for channel fml:handshake with index 19
[16Feb2026 19:09:14.582] [Netty Epoll Server IO #3/DEBUG] [net.minecraftforge.network.HandshakeHandler/FMLHANDSHAKE]: Received client indexed reply 19 of type net.minecraftforge.network.HandshakeMessages$C2SAcknowledge
[16Feb2026 19:09:14.582] [Netty Epoll Server IO #3/DEBUG] [net.minecraftforge.network.HandshakeHandler/FMLHANDSHAKE]: Received acknowledgement from client
[16Feb2026 19:09:14.601] [Server thread/DEBUG] [net.minecraftforge.network.HandshakeHandler/FMLHANDSHAKE]: Sending ticking packet info 'Config journeymap-server.toml' to 'fml:handshake' sequence 21
[16Feb2026 19:09:14.648] [Server thread/DEBUG] [net.minecraftforge.network.HandshakeHandler/FMLHANDSHAKE]: Sending ticking packet info 'Config curios-server.toml' to 'fml:handshake' sequence 22
[16Feb2026 19:09:14.696] [Server thread/DEBUG] [net.minecraftforge.network.HandshakeHandler/FMLHANDSHAKE]: Sending ticking packet info 'Config jei-server.toml' to 'fml:handshake' sequence 23
[16Feb2026 19:09:14.747] [Server thread/DEBUG] [net.minecraftforge.network.HandshakeHandler/FMLHANDSHAKE]: Sending ticking packet info 'Config beautify-server.toml' to 'fml:handshake' sequence 24
[16Feb2026 19:09:14.795] [Server thread/DEBUG] [net.minecraftforge.network.HandshakeHandler/FMLHANDSHAKE]: Sending ticking packet info 'Config forge-server.toml' to 'fml:handshake' sequence 25
[16Feb2026 19:09:15.134] [Netty Epoll Server IO #3/DEBUG] [net.minecraftforge.network.LoginWrapper/FMLHANDSHAKE]: Recieved login wrapper packet event for channel fml:handshake with index 20
[16Feb2026 19:09:15.134] [Netty Epoll Server IO #3/DEBUG] [net.minecraftforge.network.HandshakeHandler/FMLHANDSHAKE]: Received client indexed reply 20 of type net.minecraftforge.network.HandshakeMessages$C2SAcknowledge
[16Feb2026 19:09:15.134] [Netty Epoll Server IO #3/DEBUG] [net.minecraftforge.network.HandshakeHandler/FMLHANDSHAKE]: Received acknowledgement from client
[16Feb2026 19:09:15.135] [Netty Epoll Server IO #3/DEBUG] [net.minecraftforge.network.LoginWrapper/FMLHANDSHAKE]: Recieved login wrapper packet event for channel fml:handshake with index 21
[16Feb2026 19:09:15.135] [Netty Epoll Server IO #3/DEBUG] [net.minecraftforge.network.HandshakeHandler/FMLHANDSHAKE]: Received client indexed reply 21 of type net.minecraftforge.network.HandshakeMessages$C2SAcknowledge
[16Feb2026 19:09:15.135] [Netty Epoll Server IO #3/DEBUG] [net.minecraftforge.network.HandshakeHandler/FMLHANDSHAKE]: Received acknowledgement from client
[16Feb2026 19:09:15.135] [Netty Epoll Server IO #3/DEBUG] [net.minecraftforge.network.LoginWrapper/FMLHANDSHAKE]: Recieved login wrapper packet event for channel fml:handshake with index 22
[16Feb2026 19:09:15.135] [Netty Epoll Server IO #3/DEBUG] [net.minecraftforge.network.HandshakeHandler/FMLHANDSHAKE]: Received client indexed reply 22 of type net.minecraftforge.network.HandshakeMessages$C2SAcknowledge
[16Feb2026 19:09:15.135] [Netty Epoll Server IO #3/DEBUG] [net.minecraftforge.network.HandshakeHandler/FMLHANDSHAKE]: Received acknowledgement from client
[16Feb2026 19:09:15.135] [Netty Epoll Server IO #3/DEBUG] [net.minecraftforge.network.LoginWrapper/FMLHANDSHAKE]: Recieved login wrapper packet event for channel fml:handshake with index 23
[16Feb2026 19:09:15.135] [Netty Epoll Server IO #3/DEBUG] [net.minecraftforge.network.HandshakeHandler/FMLHANDSHAKE]: Received client indexed reply 23 of type net.minecraftforge.network.HandshakeMessages$C2SAcknowledge
[16Feb2026 19:09:15.135] [Netty Epoll Server IO #3/DEBUG] [net.minecraftforge.network.HandshakeHandler/FMLHANDSHAKE]: Received acknowledgement from client
[16Feb2026 19:09:15.135] [Netty Epoll Server IO #3/DEBUG] [net.minecraftforge.network.LoginWrapper/FMLHANDSHAKE]: Recieved login wrapper packet event for channel fml:handshake with index 24
[16Feb2026 19:09:15.135] [Netty Epoll Server IO #3/DEBUG] [net.minecraftforge.network.HandshakeHandler/FMLHANDSHAKE]: Received client indexed reply 24 of type net.minecraftforge.network.HandshakeMessages$C2SAcknowledge
[16Feb2026 19:09:15.135] [Netty Epoll Server IO #3/DEBUG] [net.minecraftforge.network.HandshakeHandler/FMLHANDSHAKE]: Received acknowledgement from client
[16Feb2026 19:09:15.135] [Netty Epoll Server IO #3/DEBUG] [net.minecraftforge.network.LoginWrapper/FMLHANDSHAKE]: Recieved login wrapper packet event for channel fml:handshake with index 25
[16Feb2026 19:09:15.135] [Netty Epoll Server IO #3/DEBUG] [net.minecraftforge.network.HandshakeHandler/FMLHANDSHAKE]: Received client indexed reply 25 of type net.minecraftforge.network.HandshakeMessages$C2SAcknowledge
[16Feb2026 19:09:15.135] [Netty Epoll Server IO #3/DEBUG] [net.minecraftforge.network.HandshakeHandler/FMLHANDSHAKE]: Received acknowledgement from client
[16Feb2026 19:09:15.147] [Server thread/DEBUG] [net.minecraftforge.network.HandshakeHandler/FMLHANDSHAKE]: Handshake complete!
[16Feb2026 19:09:15.205] [Server thread/INFO] [net.minecraft.server.players.PlayerList/]: Amorger2[/10.147.18.56:63761] logged in with entity id 29729 at (1725.3370382507796, 63.0, -1676.2486230139245)
[16Feb2026 19:09:15.205] [Server thread/DEBUG] [net.minecraftforge.network.filters.NetworkFilters/]: Injected net.minecraftforge.network.filters.ForgeConnectionNetworkFilter@9cec7c4 into net.minecraft.network.Connection@178ae83a
[16Feb2026 19:09:15.236] [Server thread/INFO] [net.minecraft.server.MinecraftServer/]: Amorger2 joined the game
[16Feb2026 19:09:15.278] [Server thread/DEBUG] [FTB Teams/]: player f4d898ac-81ff-3a5f-8dfd-7b46bc2b0971 logged in, player team = Amorger2#f4d898ac
[16Feb2026 19:09:15.278] [Server thread/DEBUG] [FTB Teams/]: syncing player team data, all = false
[16Feb2026 19:09:15.286] [Server thread/DEBUG] [FTB Teams/]: updating team presence
[16Feb2026 19:09:15.286] [Server thread/DEBUG] [FTB Teams/]: sending team login event for f4d898ac-81ff-3a5f-8dfd-7b46bc2b0971...
[16Feb2026 19:09:15.286] [Server thread/DEBUG] [FTB Quests/]: Wrote 585 bytes, 0 objects
[16Feb2026 19:09:15.286] [Server thread/DEBUG] [FTB Teams/]: team login event for f4d898ac-81ff-3a5f-8dfd-7b46bc2b0971 sent
[16Feb2026 19:09:15.288] [Server thread/INFO] [Jade/]: Syncing config to Amorger2 (f4d898ac-81ff-3a5f-8dfd-7b46bc2b0971)
[16Feb2026 19:09:22.790] [Server thread/DEBUG] [com.cobblemon.mod.common.Cobblemon/]: Serializing 1 Pokémon stores.
[16Feb2026 19:09:22.790] [Server thread/DEBUG] [com.cobblemon.mod.common.Cobblemon/]: Queueing save.
[16Feb2026 19:09:22.791] [pool-4-thread-1/DEBUG] [com.cobblemon.mod.common.Cobblemon/]: Saved 1 Pokémon stores.
[16Feb2026 19:09:25.098] [Server thread/INFO] [net.minecraft.server.network.ServerGamePacketListenerImpl/]: Amorger2 lost connection: Disconnected
[16Feb2026 19:09:25.098] [Server thread/INFO] [net.minecraft.server.MinecraftServer/]: Amorger2 left the game
[16Feb2026 19:09:26.813] [Netty Epoll Server IO #5/DEBUG] [net.minecraftforge.network.HandshakeHandler/FMLHANDSHAKE]: Starting new modded impl connection. Found 26 messages to dispatch.
[16Feb2026 19:09:26.846] [Server thread/DEBUG] [net.minecraftforge.network.HandshakeHandler/FMLHANDSHAKE]: Sending ticking packet info 'net.minecraftforge.network.HandshakeMessages$S2CModData' to 'fml:handshake' sequence 0
[16Feb2026 19:09:26.898] [Server thread/DEBUG] [net.minecraftforge.network.HandshakeHandler/FMLHANDSHAKE]: Sending ticking packet info 'net.minecraftforge.network.HandshakeMessages$S2CModList' to 'fml:handshake' sequence 1
[16Feb2026 19:09:26.945] [Server thread/DEBUG] [net.minecraftforge.network.HandshakeHandler/FMLHANDSHAKE]: Sending ticking packet info 'Registry minecraft:command_argument_type' to 'fml:handshake' sequence 2
[16Feb2026 19:09:26.984] [Netty Epoll Server IO #5/DEBUG] [net.minecraftforge.network.LoginWrapper/FMLHANDSHAKE]: Recieved login wrapper packet event for channel fml:handshake with index 1
[16Feb2026 19:09:26.984] [Netty Epoll Server IO #5/DEBUG] [net.minecraftforge.network.HandshakeHandler/FMLHANDSHAKE]: Received client indexed reply 1 of type net.minecraftforge.network.HandshakeMessages$C2SModListReply
[16Feb2026 19:09:26.984] [Netty Epoll Server IO #5/DEBUG] [net.minecraftforge.network.HandshakeHandler/FMLHANDSHAKE]: Received client connection with modlist [fossiltweaks, beautify, jei, cobblemon_quests, cobbled_counter, journeymap, citadel, tmtcop, glitchcore, cobblemonoutbreaks, midnightlib, spawn_notification, unimplemented_items, gravels_extended_battles, cameraoverhaul, cloth_config, forge, athena, cobblemon_alatia, minecraft, simple_cobblemon_kit, terrablender, betterbeds, cobblemonintegrations, cobblemontrainers, simpletms, biomesoplenty, jade, mr_eggs_cobblemonaddon, kotlinforforge, curios, patchouli, capture_xp, megamons, cobblemon, cobbledex, cobblepedia, fightorflight, architectury, cobgyms, ftblibrary, ftbteams, ftbquests, cobblemore_lib, cobblemon_poke_labs, cobblemon_simple_center, cobblemonmegas, cobblemonrider, mythsandlegends, betterf3, unchained, cobbledollars]
[16Feb2026 19:09:26.984] [Netty Epoll Server IO #5/DEBUG] [net.minecraftforge.network.NetworkRegistry/NETREGISTRY]: Channel 'cobbledex:main' : Version test of '1' from client : ACCEPTED
[16Feb2026 19:09:26.984] [Netty Epoll Server IO #5/DEBUG] [net.minecraftforge.network.NetworkRegistry/NETREGISTRY]: Channel 'architectury:network' : Version test of '1' from client : ACCEPTED
[16Feb2026 19:09:26.984] [Netty Epoll Server IO #5/DEBUG] [net.minecraftforge.network.NetworkRegistry/NETREGISTRY]: Channel 'jei:channel' : Version test of '1.0.0' from client : ACCEPTED
[16Feb2026 19:09:26.984] [Netty Epoll Server IO #5/DEBUG] [net.minecraftforge.network.NetworkRegistry/NETREGISTRY]: Channel 'minecraft:unregister' : Version test of 'FML3' from client : ACCEPTED
[16Feb2026 19:09:26.984] [Netty Epoll Server IO #5/DEBUG] [net.minecraftforge.network.NetworkRegistry/NETREGISTRY]: Channel 'citadel:main_channel' : Version test of '1' from client : ACCEPTED
[16Feb2026 19:09:26.984] [Netty Epoll Server IO #5/DEBUG] [net.minecraftforge.network.NetworkRegistry/NETREGISTRY]: Channel 'cobblemonrider:network' : Version test of '1.0' from client : ACCEPTED
[16Feb2026 19:09:26.985] [Netty Epoll Server IO #5/DEBUG] [net.minecraftforge.network.NetworkRegistry/NETREGISTRY]: Channel 'journeymap:version' : Version test of '1' from client : ACCEPTED
[16Feb2026 19:09:26.985] [Netty Epoll Server IO #5/DEBUG] [net.minecraftforge.network.NetworkRegistry/NETREGISTRY]: Channel 'simple_cobblemon_kit:simple_cobblemon_kit' : Version test of '1' from client : ACCEPTED
[16Feb2026 19:09:26.985] [Netty Epoll Server IO #5/DEBUG] [net.minecraftforge.network.NetworkRegistry/NETREGISTRY]: Channel 'curios:main' : Version test of '1' from client : ACCEPTED
[16Feb2026 19:09:26.985] [Netty Epoll Server IO #5/DEBUG] [net.minecraftforge.network.NetworkRegistry/NETREGISTRY]: Channel 'worldinfo:world_id' : Version test of '1' from client : ACCEPTED
[16Feb2026 19:09:26.985] [Netty Epoll Server IO #5/DEBUG] [net.minecraftforge.network.NetworkRegistry/NETREGISTRY]: Channel 'journeymap:admin_req' : Version test of '1' from client : ACCEPTED
[16Feb2026 19:09:26.985] [Netty Epoll Server IO #5/DEBUG] [net.minecraftforge.network.NetworkRegistry/NETREGISTRY]: Channel 'journeymap:mp_options_req' : Version test of '1' from client : ACCEPTED
[16Feb2026 19:09:26.985] [Netty Epoll Server IO #5/DEBUG] [net.minecraftforge.network.NetworkRegistry/NETREGISTRY]: Channel 'journeymap:waypoint' : Version test of '1' from client : ACCEPTED
[16Feb2026 19:09:26.985] [Netty Epoll Server IO #5/DEBUG] [net.minecraftforge.network.NetworkRegistry/NETREGISTRY]: Channel 'fml:loginwrapper' : Version test of 'FML3' from client : ACCEPTED
[16Feb2026 19:09:26.985] [Netty Epoll Server IO #5/DEBUG] [net.minecraftforge.network.NetworkRegistry/NETREGISTRY]: Channel 'forge:tier_sorting' : Version test of '1.0' from client : ACCEPTED
[16Feb2026 19:09:26.985] [Netty Epoll Server IO #5/DEBUG] [net.minecraftforge.network.NetworkRegistry/NETREGISTRY]: Channel 'fml:play' : Version test of 'FML3' from client : ACCEPTED
[16Feb2026 19:09:26.985] [Netty Epoll Server IO #5/DEBUG] [net.minecraftforge.network.NetworkRegistry/NETREGISTRY]: Channel 'tmtcop:tmtcop' : Version test of '1' from client : ACCEPTED
[16Feb2026 19:09:26.985] [Netty Epoll Server IO #5/DEBUG] [net.minecraftforge.network.NetworkRegistry/NETREGISTRY]: Channel 'journeymap:player_loc' : Version test of '1' from client : ACCEPTED
[16Feb2026 19:09:26.985] [Netty Epoll Server IO #5/DEBUG] [net.minecraftforge.network.NetworkRegistry/NETREGISTRY]: Channel 'journeymap:admin_save' : Version test of '1' from client : ACCEPTED
[16Feb2026 19:09:26.985] [Netty Epoll Server IO #5/DEBUG] [net.minecraftforge.network.NetworkRegistry/NETREGISTRY]: Channel 'patchouli:main' : Version test of '1' from client : ACCEPTED
[16Feb2026 19:09:26.985] [Netty Epoll Server IO #5/DEBUG] [net.minecraftforge.network.NetworkRegistry/NETREGISTRY]: Channel 'journeymap:teleport_req' : Version test of '1' from client : ACCEPTED
[16Feb2026 19:09:26.985] [Netty Epoll Server IO #5/DEBUG] [net.minecraftforge.network.NetworkRegistry/NETREGISTRY]: Channel 'fml:handshake' : Version test of 'FML3' from client : ACCEPTED
[16Feb2026 19:09:26.985] [Netty Epoll Server IO #5/DEBUG] [net.minecraftforge.network.NetworkRegistry/NETREGISTRY]: Channel 'journeymap:common' : Version test of '1' from client : ACCEPTED
[16Feb2026 19:09:26.985] [Netty Epoll Server IO #5/DEBUG] [net.minecraftforge.network.NetworkRegistry/NETREGISTRY]: Channel 'cobblemonintegrations:main' : Version test of '1' from client : ACCEPTED
[16Feb2026 19:09:26.985] [Netty Epoll Server IO #5/DEBUG] [net.minecraftforge.network.NetworkRegistry/NETREGISTRY]: Channel 'minecraft:register' : Version test of 'FML3' from client : ACCEPTED
[16Feb2026 19:09:26.985] [Netty Epoll Server IO #5/DEBUG] [net.minecraftforge.network.NetworkRegistry/NETREGISTRY]: Channel 'cobblemon:main' : Version test of '1' from client : ACCEPTED
[16Feb2026 19:09:26.985] [Netty Epoll Server IO #5/DEBUG] [net.minecraftforge.network.NetworkRegistry/NETREGISTRY]: Channel 'forge:split' : Version test of '1.1' from client : ACCEPTED
[16Feb2026 19:09:26.985] [Netty Epoll Server IO #5/DEBUG] [net.minecraftforge.network.NetworkRegistry/NETREGISTRY]: Channel 'journeymap:perm_req' : Version test of '1' from client : ACCEPTED
[16Feb2026 19:09:26.985] [Netty Epoll Server IO #5/DEBUG] [net.minecraftforge.network.NetworkRegistry/NETREGISTRY]: Channel 'simpletms:main' : Version test of '1' from client : ACCEPTED
[16Feb2026 19:09:26.985] [Netty Epoll Server IO #5/DEBUG] [net.minecraftforge.network.NetworkRegistry/NETREGISTRY]: Channel 'jade:networking' : Version test of '2' from client : ACCEPTED
[16Feb2026 19:09:26.985] [Netty Epoll Server IO #5/DEBUG] [net.minecraftforge.network.NetworkRegistry/NETREGISTRY]: Accepting channel list from client
[16Feb2026 19:09:26.985] [Netty Epoll Server IO #5/DEBUG] [net.minecraftforge.network.HandshakeHandler/FMLHANDSHAKE]: Accepted client connection mod list
[16Feb2026 19:09:26.996] [Server thread/DEBUG] [net.minecraftforge.network.HandshakeHandler/FMLHANDSHAKE]: Sending ticking packet info 'Registry minecraft:recipe_serializer' to 'fml:handshake' sequence 3
[16Feb2026 19:09:27.031] [Netty Epoll Server IO #5/DEBUG] [net.minecraftforge.network.LoginWrapper/FMLHANDSHAKE]: Recieved login wrapper packet event for channel fml:handshake with index 2
[16Feb2026 19:09:27.031] [Netty Epoll Server IO #5/DEBUG] [net.minecraftforge.network.HandshakeHandler/FMLHANDSHAKE]: Received client indexed reply 2 of type net.minecraftforge.network.HandshakeMessages$C2SAcknowledge
[16Feb2026 19:09:27.031] [Netty Epoll Server IO #5/DEBUG] [net.minecraftforge.network.HandshakeHandler/FMLHANDSHAKE]: Received acknowledgement from client
[16Feb2026 19:09:27.047] [Server thread/DEBUG] [net.minecraftforge.network.HandshakeHandler/FMLHANDSHAKE]: Sending ticking packet info 'Registry minecraft:sound_event' to 'fml:handshake' sequence 4
[16Feb2026 19:09:27.095] [Server thread/DEBUG] [net.minecraftforge.network.HandshakeHandler/FMLHANDSHAKE]: Sending ticking packet info 'Registry minecraft:particle_type' to 'fml:handshake' sequence 5
[16Feb2026 19:09:27.122] [Netty Epoll Server IO #5/DEBUG] [net.minecraftforge.network.LoginWrapper/FMLHANDSHAKE]: Recieved login wrapper packet event for channel fml:handshake with index 3
[16Feb2026 19:09:27.122] [Netty Epoll Server IO #5/DEBUG] [net.minecraftforge.network.HandshakeHandler/FMLHANDSHAKE]: Received client indexed reply 3 of type net.minecraftforge.network.HandshakeMessages$C2SAcknowledge
[16Feb2026 19:09:27.122] [Netty Epoll Server IO #5/DEBUG] [net.minecraftforge.network.HandshakeHandler/FMLHANDSHAKE]: Received acknowledgement from client
[16Feb2026 19:09:27.146] [Server thread/DEBUG] [net.minecraftforge.network.HandshakeHandler/FMLHANDSHAKE]: Sending ticking packet info 'Registry minecraft:villager_profession' to 'fml:handshake' sequence 6
[16Feb2026 19:09:27.197] [Server thread/DEBUG] [net.minecraftforge.network.HandshakeHandler/FMLHANDSHAKE]: Sending ticking packet info 'Registry minecraft:item' to 'fml:handshake' sequence 7
[16Feb2026 19:09:27.247] [Server thread/DEBUG] [net.minecraftforge.network.HandshakeHandler/FMLHANDSHAKE]: Sending ticking packet info 'Registry minecraft:potion' to 'fml:handshake' sequence 8
[16Feb2026 19:09:27.302] [Server thread/DEBUG] [net.minecraftforge.network.HandshakeHandler/FMLHANDSHAKE]: Sending ticking packet info 'Registry minecraft:painting_variant' to 'fml:handshake' sequence 9
[16Feb2026 19:09:27.346] [Server thread/DEBUG] [net.minecraftforge.network.HandshakeHandler/FMLHANDSHAKE]: Sending ticking packet info 'Registry forge:fluid_type' to 'fml:handshake' sequence 10
[16Feb2026 19:09:27.393] [Netty Epoll Server IO #5/DEBUG] [net.minecraftforge.network.LoginWrapper/FMLHANDSHAKE]: Recieved login wrapper packet event for channel fml:handshake with index 4
[16Feb2026 19:09:27.393] [Netty Epoll Server IO #5/DEBUG] [net.minecraftforge.network.HandshakeHandler/FMLHANDSHAKE]: Received client indexed reply 4 of type net.minecraftforge.network.HandshakeMessages$C2SAcknowledge
[16Feb2026 19:09:27.393] [Netty Epoll Server IO #5/DEBUG] [net.minecraftforge.network.HandshakeHandler/FMLHANDSHAKE]: Received acknowledgement from client
[16Feb2026 19:09:27.393] [Netty Epoll Server IO #5/DEBUG] [net.minecraftforge.network.LoginWrapper/FMLHANDSHAKE]: Recieved login wrapper packet event for channel fml:handshake with index 5
[16Feb2026 19:09:27.393] [Netty Epoll Server IO #5/DEBUG] [net.minecraftforge.network.HandshakeHandler/FMLHANDSHAKE]: Received client indexed reply 5 of type net.minecraftforge.network.HandshakeMessages$C2SAcknowledge
[16Feb2026 19:09:27.393] [Netty Epoll Server IO #5/DEBUG] [net.minecraftforge.network.HandshakeHandler/FMLHANDSHAKE]: Received acknowledgement from client
[16Feb2026 19:09:27.393] [Netty Epoll Server IO #5/DEBUG] [net.minecraftforge.network.LoginWrapper/FMLHANDSHAKE]: Recieved login wrapper packet event for channel fml:handshake with index 6
[16Feb2026 19:09:27.393] [Netty Epoll Server IO #5/DEBUG] [net.minecraftforge.network.HandshakeHandler/FMLHANDSHAKE]: Received client indexed reply 6 of type net.minecraftforge.network.HandshakeMessages$C2SAcknowledge
[16Feb2026 19:09:27.393] [Netty Epoll Server IO #5/DEBUG] [net.minecraftforge.network.HandshakeHandler/FMLHANDSHAKE]: Received acknowledgement from client
[16Feb2026 19:09:27.396] [Server thread/DEBUG] [net.minecraftforge.network.HandshakeHandler/FMLHANDSHAKE]: Sending ticking packet info 'Registry minecraft:block_entity_type' to 'fml:handshake' sequence 11
[16Feb2026 19:09:27.445] [Server thread/DEBUG] [net.minecraftforge.network.HandshakeHandler/FMLHANDSHAKE]: Sending ticking packet info 'Registry forge:display_contexts' to 'fml:handshake' sequence 12
[16Feb2026 19:09:27.496] [Server thread/DEBUG] [net.minecraftforge.network.HandshakeHandler/FMLHANDSHAKE]: Sending ticking packet info 'Registry minecraft:block' to 'fml:handshake' sequence 13
[16Feb2026 19:09:27.548] [Server thread/DEBUG] [net.minecraftforge.network.HandshakeHandler/FMLHANDSHAKE]: Sending ticking packet info 'Registry forge:entity_data_serializers' to 'fml:handshake' sequence 14
[16Feb2026 19:09:27.576] [Netty Epoll Server IO #5/DEBUG] [net.minecraftforge.network.LoginWrapper/FMLHANDSHAKE]: Recieved login wrapper packet event for channel fml:handshake with index 7
[16Feb2026 19:09:27.577] [Netty Epoll Server IO #5/DEBUG] [net.minecraftforge.network.HandshakeHandler/FMLHANDSHAKE]: Received client indexed reply 7 of type net.minecraftforge.network.HandshakeMessages$C2SAcknowledge
[16Feb2026 19:09:27.577] [Netty Epoll Server IO #5/DEBUG] [net.minecraftforge.network.HandshakeHandler/FMLHANDSHAKE]: Received acknowledgement from client
[16Feb2026 19:09:27.577] [Netty Epoll Server IO #5/DEBUG] [net.minecraftforge.network.LoginWrapper/FMLHANDSHAKE]: Recieved login wrapper packet event for channel fml:handshake with index 8
[16Feb2026 19:09:27.577] [Netty Epoll Server IO #5/DEBUG] [net.minecraftforge.network.HandshakeHandler/FMLHANDSHAKE]: Received client indexed reply 8 of type net.minecraftforge.network.HandshakeMessages$C2SAcknowledge
[16Feb2026 19:09:27.577] [Netty Epoll Server IO #5/DEBUG] [net.minecraftforge.network.HandshakeHandler/FMLHANDSHAKE]: Received acknowledgement from client
[16Feb2026 19:09:27.578] [Netty Epoll Server IO #5/DEBUG] [net.minecraftforge.network.LoginWrapper/FMLHANDSHAKE]: Recieved login wrapper packet event for channel fml:handshake with index 9
[16Feb2026 19:09:27.578] [Netty Epoll Server IO #5/DEBUG] [net.minecraftforge.network.HandshakeHandler/FMLHANDSHAKE]: Received client indexed reply 9 of type net.minecraftforge.network.HandshakeMessages$C2SAcknowledge
[16Feb2026 19:09:27.578] [Netty Epoll Server IO #5/DEBUG] [net.minecraftforge.network.HandshakeHandler/FMLHANDSHAKE]: Received acknowledgement from client
[16Feb2026 19:09:27.578] [Netty Epoll Server IO #5/DEBUG] [net.minecraftforge.network.LoginWrapper/FMLHANDSHAKE]: Recieved login wrapper packet event for channel fml:handshake with index 10
[16Feb2026 19:09:27.578] [Netty Epoll Server IO #5/DEBUG] [net.minecraftforge.network.HandshakeHandler/FMLHANDSHAKE]: Received client indexed reply 10 of type net.minecraftforge.network.HandshakeMessages$C2SAcknowledge
[16Feb2026 19:09:27.578] [Netty Epoll Server IO #5/DEBUG] [net.minecraftforge.network.HandshakeHandler/FMLHANDSHAKE]: Received acknowledgement from client
[16Feb2026 19:09:27.578] [Netty Epoll Server IO #5/DEBUG] [net.minecraftforge.network.LoginWrapper/FMLHANDSHAKE]: Recieved login wrapper packet event for channel fml:handshake with index 11
[16Feb2026 19:09:27.578] [Netty Epoll Server IO #5/DEBUG] [net.minecraftforge.network.HandshakeHandler/FMLHANDSHAKE]: Received client indexed reply 11 of type net.minecraftforge.network.HandshakeMessages$C2SAcknowledge
[16Feb2026 19:09:27.578] [Netty Epoll Server IO #5/DEBUG] [net.minecraftforge.network.HandshakeHandler/FMLHANDSHAKE]: Received acknowledgement from client
[16Feb2026 19:09:27.578] [Netty Epoll Server IO #5/DEBUG] [net.minecraftforge.network.LoginWrapper/FMLHANDSHAKE]: Recieved login wrapper packet event for channel fml:handshake with index 12
[16Feb2026 19:09:27.578] [Netty Epoll Server IO #5/DEBUG] [net.minecraftforge.network.HandshakeHandler/FMLHANDSHAKE]: Received client indexed reply 12 of type net.minecraftforge.network.HandshakeMessages$C2SAcknowledge
[16Feb2026 19:09:27.578] [Netty Epoll Server IO #5/DEBUG] [net.minecraftforge.network.HandshakeHandler/FMLHANDSHAKE]: Received acknowledgement from client
[16Feb2026 19:09:27.597] [Server thread/DEBUG] [net.minecraftforge.network.HandshakeHandler/FMLHANDSHAKE]: Sending ticking packet info 'Registry minecraft:mob_effect' to 'fml:handshake' sequence 15
[16Feb2026 19:09:27.650] [Server thread/DEBUG] [net.minecraftforge.network.HandshakeHandler/FMLHANDSHAKE]: Sending ticking packet info 'Registry minecraft:stat_type' to 'fml:handshake' sequence 16
[16Feb2026 19:09:27.696] [Server thread/DEBUG] [net.minecraftforge.network.HandshakeHandler/FMLHANDSHAKE]: Sending ticking packet info 'Registry minecraft:menu' to 'fml:handshake' sequence 17
[16Feb2026 19:09:27.745] [Server thread/DEBUG] [net.minecraftforge.network.HandshakeHandler/FMLHANDSHAKE]: Sending ticking packet info 'Registry minecraft:enchantment' to 'fml:handshake' sequence 18
[16Feb2026 19:09:27.755] [Netty Epoll Server IO #5/DEBUG] [net.minecraftforge.network.LoginWrapper/FMLHANDSHAKE]: Recieved login wrapper packet event for channel fml:handshake with index 13
[16Feb2026 19:09:27.755] [Netty Epoll Server IO #5/DEBUG] [net.minecraftforge.network.HandshakeHandler/FMLHANDSHAKE]: Received client indexed reply 13 of type net.minecraftforge.network.HandshakeMessages$C2SAcknowledge
[16Feb2026 19:09:27.755] [Netty Epoll Server IO #5/DEBUG] [net.minecraftforge.network.HandshakeHandler/FMLHANDSHAKE]: Received acknowledgement from client
[16Feb2026 19:09:27.756] [Netty Epoll Server IO #5/DEBUG] [net.minecraftforge.network.LoginWrapper/FMLHANDSHAKE]: Recieved login wrapper packet event for channel fml:handshake with index 14
[16Feb2026 19:09:27.756] [Netty Epoll Server IO #5/DEBUG] [net.minecraftforge.network.HandshakeHandler/FMLHANDSHAKE]: Received client indexed reply 14 of type net.minecraftforge.network.HandshakeMessages$C2SAcknowledge
[16Feb2026 19:09:27.756] [Netty Epoll Server IO #5/DEBUG] [net.minecraftforge.network.HandshakeHandler/FMLHANDSHAKE]: Received acknowledgement from client
[16Feb2026 19:09:27.756] [Netty Epoll Server IO #5/DEBUG] [net.minecraftforge.network.LoginWrapper/FMLHANDSHAKE]: Recieved login wrapper packet event for channel fml:handshake with index 15
[16Feb2026 19:09:27.756] [Netty Epoll Server IO #5/DEBUG] [net.minecraftforge.network.HandshakeHandler/FMLHANDSHAKE]: Received client indexed reply 15 of type net.minecraftforge.network.HandshakeMessages$C2SAcknowledge
[16Feb2026 19:09:27.756] [Netty Epoll Server IO #5/DEBUG] [net.minecraftforge.network.HandshakeHandler/FMLHANDSHAKE]: Received acknowledgement from client
[16Feb2026 19:09:27.756] [Netty Epoll Server IO #5/DEBUG] [net.minecraftforge.network.LoginWrapper/FMLHANDSHAKE]: Recieved login wrapper packet event for channel fml:handshake with index 16
[16Feb2026 19:09:27.756] [Netty Epoll Server IO #5/DEBUG] [net.minecraftforge.network.HandshakeHandler/FMLHANDSHAKE]: Received client indexed reply 16 of type net.minecraftforge.network.HandshakeMessages$C2SAcknowledge
[16Feb2026 19:09:27.756] [Netty Epoll Server IO #5/DEBUG] [net.minecraftforge.network.HandshakeHandler/FMLHANDSHAKE]: Received acknowledgement from client
[16Feb2026 19:09:27.781] [Netty Epoll Server IO #5/DEBUG] [net.minecraftforge.network.LoginWrapper/FMLHANDSHAKE]: Recieved login wrapper packet event for channel fml:handshake with index 17
[16Feb2026 19:09:27.781] [Netty Epoll Server IO #5/DEBUG] [net.minecraftforge.network.HandshakeHandler/FMLHANDSHAKE]: Received client indexed reply 17 of type net.minecraftforge.network.HandshakeMessages$C2SAcknowledge
[16Feb2026 19:09:27.781] [Netty Epoll Server IO #5/DEBUG] [net.minecraftforge.network.HandshakeHandler/FMLHANDSHAKE]: Received acknowledgement from client
[16Feb2026 19:09:27.795] [Server thread/DEBUG] [net.minecraftforge.network.HandshakeHandler/FMLHANDSHAKE]: Sending ticking packet info 'Registry minecraft:fluid' to 'fml:handshake' sequence 19
[16Feb2026 19:09:27.831] [Netty Epoll Server IO #5/DEBUG] [net.minecraftforge.network.LoginWrapper/FMLHANDSHAKE]: Recieved login wrapper packet event for channel fml:handshake with index 18
[16Feb2026 19:09:27.831] [Netty Epoll Server IO #5/DEBUG] [net.minecraftforge.network.HandshakeHandler/FMLHANDSHAKE]: Received client indexed reply 18 of type net.minecraftforge.network.HandshakeMessages$C2SAcknowledge
[16Feb2026 19:09:27.831] [Netty Epoll Server IO #5/DEBUG] [net.minecraftforge.network.HandshakeHandler/FMLHANDSHAKE]: Received acknowledgement from client
[16Feb2026 19:09:27.846] [Server thread/DEBUG] [net.minecraftforge.network.HandshakeHandler/FMLHANDSHAKE]: Sending ticking packet info 'Registry minecraft:entity_type' to 'fml:handshake' sequence 20
[16Feb2026 19:09:27.881] [Netty Epoll Server IO #5/DEBUG] [net.minecraftforge.network.LoginWrapper/FMLHANDSHAKE]: Recieved login wrapper packet event for channel fml:handshake with index 19
[16Feb2026 19:09:27.882] [Netty Epoll Server IO #5/DEBUG] [net.minecraftforge.network.HandshakeHandler/FMLHANDSHAKE]: Received client indexed reply 19 of type net.minecraftforge.network.HandshakeMessages$C2SAcknowledge
[16Feb2026 19:09:27.882] [Netty Epoll Server IO #5/DEBUG] [net.minecraftforge.network.HandshakeHandler/FMLHANDSHAKE]: Received acknowledgement from client
[16Feb2026 19:09:27.895] [Server thread/DEBUG] [net.minecraftforge.network.HandshakeHandler/FMLHANDSHAKE]: Sending ticking packet info 'Config journeymap-server.toml' to 'fml:handshake' sequence 21
[16Feb2026 19:09:27.947] [Server thread/DEBUG] [net.minecraftforge.network.HandshakeHandler/FMLHANDSHAKE]: Sending ticking packet info 'Config curios-server.toml' to 'fml:handshake' sequence 22
[16Feb2026 19:09:27.995] [Server thread/DEBUG] [net.minecraftforge.network.HandshakeHandler/FMLHANDSHAKE]: Sending ticking packet info 'Config jei-server.toml' to 'fml:handshake' sequence 23
[16Feb2026 19:09:28.045] [Server thread/DEBUG] [net.minecraftforge.network.HandshakeHandler/FMLHANDSHAKE]: Sending ticking packet info 'Config beautify-server.toml' to 'fml:handshake' sequence 24
[16Feb2026 19:09:28.095] [Server thread/DEBUG] [net.minecraftforge.network.HandshakeHandler/FMLHANDSHAKE]: Sending ticking packet info 'Config forge-server.toml' to 'fml:handshake' sequence 25
[16Feb2026 19:09:28.449] [Netty Epoll Server IO #5/DEBUG] [net.minecraftforge.network.LoginWrapper/FMLHANDSHAKE]: Recieved login wrapper packet event for channel fml:handshake with index 20
[16Feb2026 19:09:28.449] [Netty Epoll Server IO #5/DEBUG] [net.minecraftforge.network.HandshakeHandler/FMLHANDSHAKE]: Received client indexed reply 20 of type net.minecraftforge.network.HandshakeMessages$C2SAcknowledge
[16Feb2026 19:09:28.449] [Netty Epoll Server IO #5/DEBUG] [net.minecraftforge.network.HandshakeHandler/FMLHANDSHAKE]: Received acknowledgement from client
[16Feb2026 19:09:28.450] [Netty Epoll Server IO #5/DEBUG] [net.minecraftforge.network.LoginWrapper/FMLHANDSHAKE]: Recieved login wrapper packet event for channel fml:handshake with index 21
[16Feb2026 19:09:28.450] [Netty Epoll Server IO #5/DEBUG] [net.minecraftforge.network.HandshakeHandler/FMLHANDSHAKE]: Received client indexed reply 21 of type net.minecraftforge.network.HandshakeMessages$C2SAcknowledge
[16Feb2026 19:09:28.450] [Netty Epoll Server IO #5/DEBUG] [net.minecraftforge.network.HandshakeHandler/FMLHANDSHAKE]: Received acknowledgement from client
[16Feb2026 19:09:28.450] [Netty Epoll Server IO #5/DEBUG] [net.minecraftforge.network.LoginWrapper/FMLHANDSHAKE]: Recieved login wrapper packet event for channel fml:handshake with index 22
[16Feb2026 19:09:28.450] [Netty Epoll Server IO #5/DEBUG] [net.minecraftforge.network.HandshakeHandler/FMLHANDSHAKE]: Received client indexed reply 22 of type net.minecraftforge.network.HandshakeMessages$C2SAcknowledge
[16Feb2026 19:09:28.450] [Netty Epoll Server IO #5/DEBUG] [net.minecraftforge.network.HandshakeHandler/FMLHANDSHAKE]: Received acknowledgement from client
[16Feb2026 19:09:28.450] [Netty Epoll Server IO #5/DEBUG] [net.minecraftforge.network.LoginWrapper/FMLHANDSHAKE]: Recieved login wrapper packet event for channel fml:handshake with index 23
[16Feb2026 19:09:28.450] [Netty Epoll Server IO #5/DEBUG] [net.minecraftforge.network.HandshakeHandler/FMLHANDSHAKE]: Received client indexed reply 23 of type net.minecraftforge.network.HandshakeMessages$C2SAcknowledge
[16Feb2026 19:09:28.450] [Netty Epoll Server IO #5/DEBUG] [net.minecraftforge.network.HandshakeHandler/FMLHANDSHAKE]: Received acknowledgement from client
[16Feb2026 19:09:28.450] [Netty Epoll Server IO #5/DEBUG] [net.minecraftforge.network.LoginWrapper/FMLHANDSHAKE]: Recieved login wrapper packet event for channel fml:handshake with index 24
[16Feb2026 19:09:28.450] [Netty Epoll Server IO #5/DEBUG] [net.minecraftforge.network.HandshakeHandler/FMLHANDSHAKE]: Received client indexed reply 24 of type net.minecraftforge.network.HandshakeMessages$C2SAcknowledge
[16Feb2026 19:09:28.451] [Netty Epoll Server IO #5/DEBUG] [net.minecraftforge.network.HandshakeHandler/FMLHANDSHAKE]: Received acknowledgement from client
[16Feb2026 19:09:28.451] [Netty Epoll Server IO #5/DEBUG] [net.minecraftforge.network.LoginWrapper/FMLHANDSHAKE]: Recieved login wrapper packet event for channel fml:handshake with index 25
[16Feb2026 19:09:28.451] [Netty Epoll Server IO #5/DEBUG] [net.minecraftforge.network.HandshakeHandler/FMLHANDSHAKE]: Received client indexed reply 25 of type net.minecraftforge.network.HandshakeMessages$C2SAcknowledge
[16Feb2026 19:09:28.451] [Netty Epoll Server IO #5/DEBUG] [net.minecraftforge.network.HandshakeHandler/FMLHANDSHAKE]: Received acknowledgement from client
[16Feb2026 19:09:28.496] [Server thread/DEBUG] [net.minecraftforge.network.HandshakeHandler/FMLHANDSHAKE]: Handshake complete!
[16Feb2026 19:09:28.554] [Server thread/INFO] [net.minecraft.server.players.PlayerList/]: Amorger2[/10.147.18.56:63777] logged in with entity id 29750 at (1725.3370382507796, 63.0, -1676.2486230139245)
[16Feb2026 19:09:28.554] [Server thread/DEBUG] [net.minecraftforge.network.filters.NetworkFilters/]: Injected net.minecraftforge.network.filters.ForgeConnectionNetworkFilter@40d60e43 into net.minecraft.network.Connection@33f0b86d
[16Feb2026 19:09:28.589] [Server thread/INFO] [net.minecraft.server.MinecraftServer/]: Amorger2 joined the game
[16Feb2026 19:09:28.628] [Server thread/DEBUG] [FTB Teams/]: player f4d898ac-81ff-3a5f-8dfd-7b46bc2b0971 logged in, player team = Amorger2#f4d898ac
[16Feb2026 19:09:28.628] [Server thread/DEBUG] [FTB Teams/]: syncing player team data, all = false
[16Feb2026 19:09:28.634] [Server thread/DEBUG] [FTB Teams/]: updating team presence
[16Feb2026 19:09:28.634] [Server thread/DEBUG] [FTB Teams/]: sending team login event for f4d898ac-81ff-3a5f-8dfd-7b46bc2b0971...
[16Feb2026 19:09:28.634] [Server thread/DEBUG] [FTB Quests/]: Wrote 585 bytes, 0 objects
[16Feb2026 19:09:28.634] [Server thread/DEBUG] [FTB Teams/]: team login event for f4d898ac-81ff-3a5f-8dfd-7b46bc2b0971 sent
[16Feb2026 19:09:28.635] [Server thread/INFO] [Jade/]: Syncing config to Amorger2 (f4d898ac-81ff-3a5f-8dfd-7b46bc2b0971)
