[16Feb2026 16:57:27.971] [main/INFO] [cpw.mods.modlauncher.Launcher/MODLAUNCHER]: ModLauncher running: args [--launchTarget, forgeserver, --fml.forgeVersion, 47.4.10, --fml.mcVersion, 1.20.1, --fml.forgeGroup, net.minecraftforge, --fml.mcpVersion, 20230612.114412, nogui]
[16Feb2026 16:57:27.974] [main/INFO] [cpw.mods.modlauncher.Launcher/MODLAUNCHER]: ModLauncher 10.0.9+10.0.9+main.dcd20f30 starting: java version 17.0.17 by Ubuntu; OS Linux arch amd64 version 6.8.0-1030-azure
[16Feb2026 16:57:32.341] [main/INFO] [net.minecraftforge.fml.loading.ImmediateWindowHandler/]: ImmediateWindowProvider not loading because launch target is forgeserver
[16Feb2026 16:57:32.396] [main/INFO] [mixin/]: SpongePowered MIXIN Subsystem Version=0.8.5 Source=union:/workspaces/RPG_minecraft/servidor_minecraft/libraries/org/spongepowered/mixin/0.8.5/mixin-0.8.5.jar%2365!/ Service=ModLauncher Env=SERVER
[16Feb2026 16:57:32.679] [main/WARN] [net.minecraftforge.fml.loading.moddiscovery.ModFileParser/LOADING]: Mod file /workspaces/RPG_minecraft/servidor_minecraft/libraries/net/minecraftforge/fmlcore/1.20.1-47.4.10/fmlcore-1.20.1-47.4.10.jar is missing mods.toml file
[16Feb2026 16:57:32.680] [main/WARN] [net.minecraftforge.fml.loading.moddiscovery.ModFileParser/LOADING]: Mod file /workspaces/RPG_minecraft/servidor_minecraft/libraries/net/minecraftforge/javafmllanguage/1.20.1-47.4.10/javafmllanguage-1.20.1-47.4.10.jar is missing mods.toml file
[16Feb2026 16:57:32.681] [main/WARN] [net.minecraftforge.fml.loading.moddiscovery.ModFileParser/LOADING]: Mod file /workspaces/RPG_minecraft/servidor_minecraft/libraries/net/minecraftforge/lowcodelanguage/1.20.1-47.4.10/lowcodelanguage-1.20.1-47.4.10.jar is missing mods.toml file
[16Feb2026 16:57:32.682] [main/WARN] [net.minecraftforge.fml.loading.moddiscovery.ModFileParser/LOADING]: Mod file /workspaces/RPG_minecraft/servidor_minecraft/libraries/net/minecraftforge/mclanguage/1.20.1-47.4.10/mclanguage-1.20.1-47.4.10.jar is missing mods.toml file
[16Feb2026 16:57:32.862] [main/WARN] [net.minecraftforge.jarjar.selection.JarSelector/]: Attempted to select a dependency jar for JarJar which was passed in as source: cloth_config. Using Mod File: /workspaces/RPG_minecraft/servidor_minecraft/mods/cloth-config-11.1.136-forge.jar
[16Feb2026 16:57:32.862] [main/INFO] [net.minecraftforge.fml.loading.moddiscovery.JarInJarDependencyLocator/]: Found 5 dependencies adding them to mods collection
[16Feb2026 16:57:35.458] [main/INFO] [mixin/]: Compatibility level set to JAVA_17
[16Feb2026 16:57:35.488] [main/ERROR] [mixin/]: Mixin config cameraoverhaul.mixins.json does not specify "minVersion" property
[16Feb2026 16:57:35.549] [main/ERROR] [mixin/]: Mixin config mixins.megamons-common.json does not specify "minVersion" property
[16Feb2026 16:57:35.598] [main/INFO] [cpw.mods.modlauncher.LaunchServiceHandler/MODLAUNCHER]: Launching target 'forgeserver' with arguments [nogui]
[16Feb2026 16:57:35.687] [main/WARN] [mixin/]: Reference map 'megamons-forge-refmap.json' for mixins.megamons-forge.json could not be read. If this is a development environment you can ignore this message
[16Feb2026 16:57:35.702] [main/WARN] [mixin/]: Reference map 'cobblemore_lib-common-common-refmap.json' for cobblemore_lib.mixins.json could not be read. If this is a development environment you can ignore this message
[16Feb2026 16:57:35.703] [main/WARN] [mixin/]: Reference map 'cobblemon_poke_labs-common-common-refmap.json' for cobblemon_poke_labs.mixins.json could not be read. If this is a development environment you can ignore this message
[16Feb2026 16:57:35.705] [main/WARN] [mixin/]: Reference map 'cobblemon_simple_center-common-common-refmap.json' for cobblemon_simple_center.mixins.json could not be read. If this is a development environment you can ignore this message
[16Feb2026 16:57:36.752] [main/WARN] [mixin/]: Error loading class: juuxel/adorn/block/variant/BlockVariantSets (java.lang.ClassNotFoundException: juuxel.adorn.block.variant.BlockVariantSets)
[16Feb2026 16:57:36.752] [main/WARN] [mixin/]: @Mixin target juuxel.adorn.block.variant.BlockVariantSets was not found mixins.cobblemon-common.json:invoker.AdornRegisterInvoker
[16Feb2026 16:57:37.200] [main/ERROR] [net.minecraftforge.fml.loading.RuntimeDistCleaner/DISTXFORM]: Attempted to load class net/minecraft/client/Camera for invalid dist DEDICATED_SERVER
[16Feb2026 16:57:37.201] [main/WARN] [mixin/]: Error loading class: net/minecraft/client/Camera (java.lang.RuntimeException: Attempted to load class net/minecraft/client/Camera for invalid dist DEDICATED_SERVER)
[16Feb2026 16:57:37.202] [main/WARN] [mixin/]: @Mixin target net.minecraft.client.Camera was not found cameraoverhaul.mixins.json:CameraMixin
[16Feb2026 16:57:37.205] [main/ERROR] [net.minecraftforge.fml.loading.RuntimeDistCleaner/DISTXFORM]: Attempted to load class net/minecraft/client/renderer/GameRenderer for invalid dist DEDICATED_SERVER
[16Feb2026 16:57:37.205] [main/WARN] [mixin/]: Error loading class: net/minecraft/client/renderer/GameRenderer (java.lang.RuntimeException: Attempted to load class net/minecraft/client/renderer/GameRenderer for invalid dist DEDICATED_SERVER)
[16Feb2026 16:57:37.205] [main/WARN] [mixin/]: @Mixin target net.minecraft.client.renderer.GameRenderer was not found cameraoverhaul.mixins.json:GameRendererMixin
[16Feb2026 16:57:37.208] [main/ERROR] [net.minecraftforge.fml.loading.RuntimeDistCleaner/DISTXFORM]: Attempted to load class net/minecraft/client/player/LocalPlayer for invalid dist DEDICATED_SERVER
[16Feb2026 16:57:37.208] [main/WARN] [mixin/]: Error loading class: net/minecraft/client/player/LocalPlayer (java.lang.RuntimeException: Attempted to load class net/minecraft/client/player/LocalPlayer for invalid dist DEDICATED_SERVER)
[16Feb2026 16:57:37.209] [main/WARN] [mixin/]: @Mixin target net.minecraft.client.player.LocalPlayer was not found cameraoverhaul.mixins.json:LocalPlayerMixin
[16Feb2026 16:57:37.296] [main/INFO] [MixinExtras|Service/]: Initializing MixinExtras via com.llamalad7.mixinextras.service.MixinExtrasServiceImpl(version=0.5.0).
[16Feb2026 16:57:42.999] [main/ERROR] [net.minecraftforge.coremod.transformer.CoreModBaseTransformer/COREMOD]: Error occurred applying transform of coremod coremods/field_to_method.js function biome
java.lang.IllegalStateException: Field f_47437_ is not private and an instance field
	at net.minecraftforge.coremod.api.ASMAPI.redirectFieldToMethod(ASMAPI.java:1069) ~[coremods-5.2.4.jar%2354!/:?]
	at org.openjdk.nashorn.internal.scripts.Script$Recompilation$24$292A$\^eval\_.initializeCoreMod#transformer(<eval>:11) ~[?:?]
	at org.openjdk.nashorn.internal.runtime.ScriptFunctionData.invoke(ScriptFunctionData.java:648) ~[nashorn-core-15.4.jar%2366!/:?]
	at org.openjdk.nashorn.internal.runtime.ScriptFunction.invoke(ScriptFunction.java:513) ~[nashorn-core-15.4.jar%2366!/:?]
	at org.openjdk.nashorn.internal.runtime.ScriptRuntime.apply(ScriptRuntime.java:520) ~[nashorn-core-15.4.jar%2366!/:?]
	at org.openjdk.nashorn.api.scripting.ScriptObjectMirror.call(ScriptObjectMirror.java:111) ~[nashorn-core-15.4.jar%2366!/:?]
	at net.minecraftforge.coremod.NashornFactory.lambda$getFunction$0(NashornFactory.java:37) ~[coremods-5.2.4.jar%2354!/:5.2.4]
	at net.minecraftforge.coremod.transformer.CoreModClassTransformer.runCoremod(CoreModClassTransformer.java:22) ~[coremods-5.2.4.jar%2354!/:?]
	at net.minecraftforge.coremod.transformer.CoreModClassTransformer.runCoremod(CoreModClassTransformer.java:14) ~[coremods-5.2.4.jar%2354!/:?]
	at net.minecraftforge.coremod.transformer.CoreModBaseTransformer.transform(CoreModBaseTransformer.java:60) ~[coremods-5.2.4.jar%2354!/:?]
	at cpw.mods.modlauncher.TransformerHolder.transform(TransformerHolder.java:41) ~[modlauncher-10.0.9.jar%2355!/:?]
	at cpw.mods.modlauncher.ClassTransformer.performVote(ClassTransformer.java:179) ~[modlauncher-10.0.9.jar%2355!/:?]
	at cpw.mods.modlauncher.ClassTransformer.transform(ClassTransformer.java:117) ~[modlauncher-10.0.9.jar%2355!/:?]
	at cpw.mods.modlauncher.TransformingClassLoader.maybeTransformClassBytes(TransformingClassLoader.java:50) ~[modlauncher-10.0.9.jar%2355!/:?]
	at cpw.mods.cl.ModuleClassLoader.getMaybeTransformedClassBytes(ModuleClassLoader.java:250) ~[securejarhandler-2.1.10.jar:?]
	at cpw.mods.modlauncher.TransformingClassLoader.buildTransformedClassNodeFor(TransformingClassLoader.java:58) ~[modlauncher-10.0.9.jar%2355!/:?]
	at cpw.mods.modlauncher.LaunchPluginHandler.lambda$announceLaunch$10(LaunchPluginHandler.java:100) ~[modlauncher-10.0.9.jar%2355!/:?]
	at org.spongepowered.asm.launch.MixinLaunchPluginLegacy.getClassNode(MixinLaunchPluginLegacy.java:222) ~[mixin-0.8.5.jar%2365!/:0.8.5+Jenkins-b310.git-155314e6e91465dad727e621a569906a410cd6f4]
	at org.spongepowered.asm.launch.MixinLaunchPluginLegacy.getClassNode(MixinLaunchPluginLegacy.java:207) ~[mixin-0.8.5.jar%2365!/:0.8.5+Jenkins-b310.git-155314e6e91465dad727e621a569906a410cd6f4]
	at org.spongepowered.asm.mixin.transformer.ClassInfo.forName(ClassInfo.java:2005) ~[mixin-0.8.5.jar%2365!/:0.8.5+Jenkins-b310.git-155314e6e91465dad727e621a569906a410cd6f4]
	at org.spongepowered.asm.mixin.transformer.ClassInfo.forType(ClassInfo.java:2059) ~[mixin-0.8.5.jar%2365!/:0.8.5+Jenkins-b310.git-155314e6e91465dad727e621a569906a410cd6f4]
	at org.spongepowered.asm.mixin.transformer.ClassInfo.forDescriptor(ClassInfo.java:2038) ~[mixin-0.8.5.jar%2365!/:0.8.5+Jenkins-b310.git-155314e6e91465dad727e621a569906a410cd6f4]
	at org.spongepowered.asm.mixin.transformer.MixinPreProcessorStandard.transformMethod(MixinPreProcessorStandard.java:752) ~[mixin-0.8.5.jar%2365!/:0.8.5+Jenkins-b310.git-155314e6e91465dad727e621a569906a410cd6f4]
	at org.spongepowered.asm.mixin.transformer.MixinPreProcessorStandard.transform(MixinPreProcessorStandard.java:739) ~[mixin-0.8.5.jar%2365!/:0.8.5+Jenkins-b310.git-155314e6e91465dad727e621a569906a410cd6f4]
	at org.spongepowered.asm.mixin.transformer.MixinPreProcessorStandard.attach(MixinPreProcessorStandard.java:310) ~[mixin-0.8.5.jar%2365!/:0.8.5+Jenkins-b310.git-155314e6e91465dad727e621a569906a410cd6f4]
	at org.spongepowered.asm.mixin.transformer.MixinPreProcessorStandard.createContextFor(MixinPreProcessorStandard.java:280) ~[mixin-0.8.5.jar%2365!/:0.8.5+Jenkins-b310.git-155314e6e91465dad727e621a569906a410cd6f4]
	at org.spongepowered.asm.mixin.transformer.MixinInfo.createContextFor(MixinInfo.java:1288) ~[mixin-0.8.5.jar%2365!/:0.8.5+Jenkins-b310.git-155314e6e91465dad727e621a569906a410cd6f4]
	at org.spongepowered.asm.mixin.transformer.MixinApplicatorStandard.apply(MixinApplicatorStandard.java:292) ~[mixin-0.8.5.jar%2365!/:0.8.5+Jenkins-b310.git-155314e6e91465dad727e621a569906a410cd6f4]
	at org.spongepowered.asm.mixin.transformer.TargetClassContext.apply(TargetClassContext.java:383) ~[mixin-0.8.5.jar%2365!/:0.8.5+Jenkins-b310.git-155314e6e91465dad727e621a569906a410cd6f4]
	at org.spongepowered.asm.mixin.transformer.TargetClassContext.applyMixins(TargetClassContext.java:365) ~[mixin-0.8.5.jar%2365!/:0.8.5+Jenkins-b310.git-155314e6e91465dad727e621a569906a410cd6f4]
	at org.spongepowered.asm.mixin.transformer.MixinProcessor.applyMixins(MixinProcessor.java:363) ~[mixin-0.8.5.jar%2365!/:0.8.5+Jenkins-b310.git-155314e6e91465dad727e621a569906a410cd6f4]
	at org.spongepowered.asm.mixin.transformer.MixinTransformer.transformClass(MixinTransformer.java:250) ~[mixin-0.8.5.jar%2365!/:0.8.5+Jenkins-b310.git-155314e6e91465dad727e621a569906a410cd6f4]
	at org.spongepowered.asm.service.modlauncher.MixinTransformationHandler.processClass(MixinTransformationHandler.java:131) ~[mixin-0.8.5.jar%2365!/:0.8.5+Jenkins-b310.git-155314e6e91465dad727e621a569906a410cd6f4]
	at org.spongepowered.asm.launch.MixinLaunchPluginLegacy.processClass(MixinLaunchPluginLegacy.java:131) ~[mixin-0.8.5.jar%2365!/:0.8.5+Jenkins-b310.git-155314e6e91465dad727e621a569906a410cd6f4]
	at cpw.mods.modlauncher.serviceapi.ILaunchPluginService.processClassWithFlags(ILaunchPluginService.java:156) ~[modlauncher-10.0.9.jar%2355!/:10.0.9+10.0.9+main.dcd20f30]
	at cpw.mods.modlauncher.LaunchPluginHandler.offerClassNodeToPlugins(LaunchPluginHandler.java:88) ~[modlauncher-10.0.9.jar%2355!/:?]
	at cpw.mods.modlauncher.ClassTransformer.transform(ClassTransformer.java:120) ~[modlauncher-10.0.9.jar%2355!/:?]
	at cpw.mods.modlauncher.TransformingClassLoader.maybeTransformClassBytes(TransformingClassLoader.java:50) ~[modlauncher-10.0.9.jar%2355!/:?]
	at cpw.mods.cl.ModuleClassLoader.readerToClass(ModuleClassLoader.java:113) ~[securejarhandler-2.1.10.jar:?]
	at cpw.mods.cl.ModuleClassLoader.lambda$findClass$15(ModuleClassLoader.java:219) ~[securejarhandler-2.1.10.jar:?]
	at cpw.mods.cl.ModuleClassLoader.loadFromModule(ModuleClassLoader.java:229) ~[securejarhandler-2.1.10.jar:?]
	at cpw.mods.cl.ModuleClassLoader.findClass(ModuleClassLoader.java:219) ~[securejarhandler-2.1.10.jar:?]
	at cpw.mods.cl.ModuleClassLoader.loadClass(ModuleClassLoader.java:135) ~[securejarhandler-2.1.10.jar:?]
	at java.lang.ClassLoader.loadClass(ClassLoader.java:525) ~[?:?]
	at net.minecraft.world.level.chunk.ChunkStatus.<clinit>(ChunkStatus.java:50) ~[server-1.20.1-20230612.114412-srg.jar%23203!/:?]
	at net.minecraft.core.registries.BuiltInRegistries.m_257540_(BuiltInRegistries.java:200) ~[server-1.20.1-20230612.114412-srg.jar%23203!/:?]
	at net.minecraft.core.registries.BuiltInRegistries.m_258029_(BuiltInRegistries.java:448) ~[server-1.20.1-20230612.114412-srg.jar%23203!/:?]
	at net.minecraft.core.registries.BuiltInRegistries.m_258037_(BuiltInRegistries.java:462) ~[server-1.20.1-20230612.114412-srg.jar%23203!/:?]
	at java.util.LinkedHashMap.forEach(LinkedHashMap.java:721) ~[?:?]
	at net.minecraft.core.registries.BuiltInRegistries.m_257453_(BuiltInRegistries.java:461) ~[server-1.20.1-20230612.114412-srg.jar%23203!/:?]
	at net.minecraft.core.registries.BuiltInRegistries.m_257498_(BuiltInRegistries.java:455) ~[server-1.20.1-20230612.114412-srg.jar%23203!/:?]
	at net.minecraft.server.Bootstrap.m_135870_(Bootstrap.java:55) ~[server-1.20.1-20230612.114412-srg.jar%23203!/:?]
	at net.minecraft.server.Main.main(Main.java:121) ~[server-1.20.1-20230612.114412-srg.jar%23203!/:?]
	at jdk.internal.reflect.NativeMethodAccessorImpl.invoke0(Native Method) ~[?:?]
	at jdk.internal.reflect.NativeMethodAccessorImpl.invoke(NativeMethodAccessorImpl.java:77) ~[?:?]
	at jdk.internal.reflect.DelegatingMethodAccessorImpl.invoke(DelegatingMethodAccessorImpl.java:43) ~[?:?]
	at java.lang.reflect.Method.invoke(Method.java:569) ~[?:?]
	at net.minecraftforge.fml.loading.targets.CommonLaunchHandler.runTarget(CommonLaunchHandler.java:111) ~[fmlloader-1.20.1-47.4.10.jar%2369!/:?]
	at net.minecraftforge.fml.loading.targets.CommonLaunchHandler.serverService(CommonLaunchHandler.java:103) ~[fmlloader-1.20.1-47.4.10.jar%2369!/:?]
	at net.minecraftforge.fml.loading.targets.CommonServerLaunchHandler.lambda$makeService$0(CommonServerLaunchHandler.java:27) ~[fmlloader-1.20.1-47.4.10.jar%2369!/:?]
	at cpw.mods.modlauncher.LaunchServiceHandlerDecorator.launch(LaunchServiceHandlerDecorator.java:30) ~[modlauncher-10.0.9.jar%2355!/:?]
	at cpw.mods.modlauncher.LaunchServiceHandler.launch(LaunchServiceHandler.java:53) ~[modlauncher-10.0.9.jar%2355!/:?]
	at cpw.mods.modlauncher.LaunchServiceHandler.launch(LaunchServiceHandler.java:71) ~[modlauncher-10.0.9.jar%2355!/:?]
	at cpw.mods.modlauncher.Launcher.run(Launcher.java:108) ~[modlauncher-10.0.9.jar%2355!/:?]
	at cpw.mods.modlauncher.Launcher.main(Launcher.java:78) ~[modlauncher-10.0.9.jar%2355!/:?]
	at cpw.mods.modlauncher.BootstrapLaunchConsumer.accept(BootstrapLaunchConsumer.java:26) ~[modlauncher-10.0.9.jar%2355!/:?]
	at cpw.mods.modlauncher.BootstrapLaunchConsumer.accept(BootstrapLaunchConsumer.java:23) ~[modlauncher-10.0.9.jar%2355!/:?]
	at cpw.mods.bootstraplauncher.BootstrapLauncher.main(BootstrapLauncher.java:141) ~[bootstraplauncher-1.1.2.jar:?]
[16Feb2026 16:57:43.578] [main/ERROR] [net.minecraftforge.coremod.transformer.CoreModBaseTransformer/COREMOD]: Error occurred applying transform of coremod coremods/field_to_method.js function biome
java.lang.IllegalStateException: Field f_47437_ is not private and an instance field
	at net.minecraftforge.coremod.api.ASMAPI.redirectFieldToMethod(ASMAPI.java:1069) ~[coremods-5.2.4.jar%2354!/:?]
	at org.openjdk.nashorn.internal.scripts.Script$Recompilation$24$292A$\^eval\_.initializeCoreMod#transformer(<eval>:11) ~[?:?]
	at org.openjdk.nashorn.internal.runtime.ScriptFunctionData.invoke(ScriptFunctionData.java:648) ~[nashorn-core-15.4.jar%2366!/:?]
	at org.openjdk.nashorn.internal.runtime.ScriptFunction.invoke(ScriptFunction.java:513) ~[nashorn-core-15.4.jar%2366!/:?]
	at org.openjdk.nashorn.internal.runtime.ScriptRuntime.apply(ScriptRuntime.java:520) ~[nashorn-core-15.4.jar%2366!/:?]
	at org.openjdk.nashorn.api.scripting.ScriptObjectMirror.call(ScriptObjectMirror.java:111) ~[nashorn-core-15.4.jar%2366!/:?]
	at net.minecraftforge.coremod.NashornFactory.lambda$getFunction$0(NashornFactory.java:37) ~[coremods-5.2.4.jar%2354!/:5.2.4]
	at net.minecraftforge.coremod.transformer.CoreModClassTransformer.runCoremod(CoreModClassTransformer.java:22) ~[coremods-5.2.4.jar%2354!/:?]
	at net.minecraftforge.coremod.transformer.CoreModClassTransformer.runCoremod(CoreModClassTransformer.java:14) ~[coremods-5.2.4.jar%2354!/:?]
	at net.minecraftforge.coremod.transformer.CoreModBaseTransformer.transform(CoreModBaseTransformer.java:60) ~[coremods-5.2.4.jar%2354!/:?]
	at cpw.mods.modlauncher.TransformerHolder.transform(TransformerHolder.java:41) ~[modlauncher-10.0.9.jar%2355!/:?]
	at cpw.mods.modlauncher.ClassTransformer.performVote(ClassTransformer.java:179) ~[modlauncher-10.0.9.jar%2355!/:?]
	at cpw.mods.modlauncher.ClassTransformer.transform(ClassTransformer.java:117) ~[modlauncher-10.0.9.jar%2355!/:?]
	at cpw.mods.modlauncher.TransformingClassLoader.maybeTransformClassBytes(TransformingClassLoader.java:50) ~[modlauncher-10.0.9.jar%2355!/:?]
	at cpw.mods.cl.ModuleClassLoader.readerToClass(ModuleClassLoader.java:113) ~[securejarhandler-2.1.10.jar:?]
	at cpw.mods.cl.ModuleClassLoader.lambda$findClass$15(ModuleClassLoader.java:219) ~[securejarhandler-2.1.10.jar:?]
	at cpw.mods.cl.ModuleClassLoader.loadFromModule(ModuleClassLoader.java:229) ~[securejarhandler-2.1.10.jar:?]
	at cpw.mods.cl.ModuleClassLoader.findClass(ModuleClassLoader.java:219) ~[securejarhandler-2.1.10.jar:?]
	at cpw.mods.cl.ModuleClassLoader.loadClass(ModuleClassLoader.java:135) ~[securejarhandler-2.1.10.jar:?]
	at java.lang.ClassLoader.loadClass(ClassLoader.java:525) ~[?:?]
	at net.minecraft.world.level.biome.FixedBiomeSource.<clinit>(FixedBiomeSource.java:17) ~[server-1.20.1-20230612.114412-srg.jar%23203!/:?]
	at net.minecraft.world.level.biome.BiomeSources.m_220586_(BiomeSources.java:8) ~[server-1.20.1-20230612.114412-srg.jar%23203!/:?]
	at net.minecraft.core.registries.BuiltInRegistries.m_258029_(BuiltInRegistries.java:448) ~[server-1.20.1-20230612.114412-srg.jar%23203!/:?]
	at net.minecraft.core.registries.BuiltInRegistries.m_258037_(BuiltInRegistries.java:462) ~[server-1.20.1-20230612.114412-srg.jar%23203!/:?]
	at java.util.LinkedHashMap.forEach(LinkedHashMap.java:721) ~[?:?]
	at net.minecraft.core.registries.BuiltInRegistries.m_257453_(BuiltInRegistries.java:461) ~[server-1.20.1-20230612.114412-srg.jar%23203!/:?]
	at net.minecraft.core.registries.BuiltInRegistries.m_257498_(BuiltInRegistries.java:455) ~[server-1.20.1-20230612.114412-srg.jar%23203!/:?]
	at net.minecraft.server.Bootstrap.m_135870_(Bootstrap.java:55) ~[server-1.20.1-20230612.114412-srg.jar%23203!/:?]
	at net.minecraft.server.Main.main(Main.java:121) ~[server-1.20.1-20230612.114412-srg.jar%23203!/:?]
	at jdk.internal.reflect.NativeMethodAccessorImpl.invoke0(Native Method) ~[?:?]
	at jdk.internal.reflect.NativeMethodAccessorImpl.invoke(NativeMethodAccessorImpl.java:77) ~[?:?]
	at jdk.internal.reflect.DelegatingMethodAccessorImpl.invoke(DelegatingMethodAccessorImpl.java:43) ~[?:?]
	at java.lang.reflect.Method.invoke(Method.java:569) ~[?:?]
	at net.minecraftforge.fml.loading.targets.CommonLaunchHandler.runTarget(CommonLaunchHandler.java:111) ~[fmlloader-1.20.1-47.4.10.jar%2369!/:?]
	at net.minecraftforge.fml.loading.targets.CommonLaunchHandler.serverService(CommonLaunchHandler.java:103) ~[fmlloader-1.20.1-47.4.10.jar%2369!/:?]
	at net.minecraftforge.fml.loading.targets.CommonServerLaunchHandler.lambda$makeService$0(CommonServerLaunchHandler.java:27) ~[fmlloader-1.20.1-47.4.10.jar%2369!/:?]
	at cpw.mods.modlauncher.LaunchServiceHandlerDecorator.launch(LaunchServiceHandlerDecorator.java:30) ~[modlauncher-10.0.9.jar%2355!/:?]
	at cpw.mods.modlauncher.LaunchServiceHandler.launch(LaunchServiceHandler.java:53) ~[modlauncher-10.0.9.jar%2355!/:?]
	at cpw.mods.modlauncher.LaunchServiceHandler.launch(LaunchServiceHandler.java:71) ~[modlauncher-10.0.9.jar%2355!/:?]
	at cpw.mods.modlauncher.Launcher.run(Launcher.java:108) ~[modlauncher-10.0.9.jar%2355!/:?]
	at cpw.mods.modlauncher.Launcher.main(Launcher.java:78) ~[modlauncher-10.0.9.jar%2355!/:?]
	at cpw.mods.modlauncher.BootstrapLaunchConsumer.accept(BootstrapLaunchConsumer.java:26) ~[modlauncher-10.0.9.jar%2355!/:?]
	at cpw.mods.modlauncher.BootstrapLaunchConsumer.accept(BootstrapLaunchConsumer.java:23) ~[modlauncher-10.0.9.jar%2355!/:?]
	at cpw.mods.bootstraplauncher.BootstrapLauncher.main(BootstrapLauncher.java:141) ~[bootstraplauncher-1.1.2.jar:?]
[16Feb2026 16:57:44.552] [modloading-worker-0/INFO] [net.minecraftforge.common.ForgeMod/FORGEMOD]: Forge mod loading, version 47.4.10, for MC 1.20.1 with MCP 20230612.114412
[16Feb2026 16:57:44.553] [modloading-worker-0/INFO] [net.minecraftforge.common.MinecraftForge/FORGE]: MinecraftForge v47.4.10 Initialized
[16Feb2026 16:57:44.629] [modloading-worker-0/INFO] [com.cobblemon.mod.common.Cobblemon/]: Booting LaxPermissionValidator, permissions will be checked using Minecrafts permission level system, see https://minecraft.fandom.com/wiki/Permission_level
[16Feb2026 16:57:44.737] [modloading-worker-0/INFO] [thedarkcolour.kotlinforforge.test.KotlinForForge/]: Kotlin For Forge Enabled!
[16Feb2026 16:57:44.749] [modloading-worker-0/INFO] [git.dragomordor.simpletms.forge.SimpleTMsMod/]: Register TM and TR list for simpletms
[16Feb2026 16:57:44.832] [modloading-worker-0/INFO] [games.dragonhowl.megamons.common.Megamons/]: Initialzing Megamons ...
[16Feb2026 16:57:44.838] [modloading-worker-0/INFO] [com.cobblemon.mod.common.Cobblemon/]: Launching Cobblemon 1.5.2 
[16Feb2026 16:57:44.849] [modloading-worker-0/INFO] [com.cobblemon.mod.common.Cobblemon/]: Booting ForgePermissionApiPermissionValidator, player permissions will be checked using MinecraftForge' PermissionAPI, non player command sources will use Minecraft' permission level system, see https://docs.minecraftforge.net/en/latest/ and https://minecraft.fandom.com/wiki/Permission_level
[16Feb2026 16:57:44.865] [modloading-worker-0/INFO] [Cobbledex/]: Initializing Cobbledex 1.1.0...
[16Feb2026 16:57:45.265] [modloading-worker-0/INFO] [fightorflight/]: Hello forge
[16Feb2026 16:57:45.497] [modloading-worker-0/INFO] [dev.architectury.networking.forge.NetworkManagerImpl/]: Registering C2S receiver with id architectury:sync_ids
[16Feb2026 16:57:45.552] [modloading-worker-0/INFO] [com.cobblemon.mod.common.Cobblemon/]: Starting the Best Spawner...
[16Feb2026 16:57:45.553] [modloading-worker-0/INFO] [dev.architectury.networking.forge.NetworkManagerImpl/]: Registering C2S receiver with id ftblibrary:edit_nbt_response
[16Feb2026 16:57:45.564] [modloading-worker-0/INFO] [com.cobblemon.mod.common.Cobblemon/]: Loaded 5 spawning condition types.
[16Feb2026 16:57:45.589] [modloading-worker-0/INFO] [dev.architectury.networking.forge.NetworkManagerImpl/]: Registering C2S receiver with id ftbteams:open_gui
[16Feb2026 16:57:45.592] [modloading-worker-0/INFO] [dev.architectury.networking.forge.NetworkManagerImpl/]: Registering C2S receiver with id ftbteams:update_settings
[16Feb2026 16:57:45.594] [modloading-worker-0/INFO] [dev.architectury.networking.forge.NetworkManagerImpl/]: Registering C2S receiver with id ftbteams:send_message
[16Feb2026 16:57:45.591] [modloading-worker-0/INFO] [com.cobblemon.mod.common.Cobblemon/]: Loaded 5 spawning context types.
[16Feb2026 16:57:45.601] [modloading-worker-0/INFO] [dev.architectury.networking.forge.NetworkManagerImpl/]: Registering C2S receiver with id ftbteams:create_party
[16Feb2026 16:57:45.602] [modloading-worker-0/INFO] [dev.architectury.networking.forge.NetworkManagerImpl/]: Registering C2S receiver with id cobgyms:gym_key
[16Feb2026 16:57:45.602] [modloading-worker-0/INFO] [dev.architectury.networking.forge.NetworkManagerImpl/]: Registering C2S receiver with id cobgyms:leave_gym
[16Feb2026 16:57:45.602] [modloading-worker-0/INFO] [dev.architectury.networking.forge.NetworkManagerImpl/]: Registering C2S receiver with id cobgyms:spawn_scaled
[16Feb2026 16:57:45.602] [modloading-worker-0/INFO] [dev.architectury.networking.forge.NetworkManagerImpl/]: Registering C2S receiver with id cobgyms:gym_entrance
[16Feb2026 16:57:45.603] [modloading-worker-0/INFO] [dev.architectury.networking.forge.NetworkManagerImpl/]: Registering C2S receiver with id ftbteams:player_gui_operation
[16Feb2026 16:57:45.603] [modloading-worker-0/INFO] [dev.architectury.networking.forge.NetworkManagerImpl/]: Registering C2S receiver with id cobgyms:cache_open
[16Feb2026 16:57:45.603] [modloading-worker-0/INFO] [dev.architectury.networking.forge.NetworkManagerImpl/]: Registering C2S receiver with id cobgyms:cache_list
[16Feb2026 16:57:45.607] [modloading-worker-0/INFO] [cobblemore_lib/]: Initializing Cobblemore Lib
[16Feb2026 16:57:45.621] [modloading-worker-0/INFO] [com.cobblemon.mod.common.Cobblemon/]: Loaded 1 spawn detail types.
[16Feb2026 16:57:45.648] [modloading-worker-0/INFO] [dev.architectury.networking.forge.NetworkManagerImpl/]: Registering C2S receiver with id ftbquests:submit_task
[16Feb2026 16:57:45.648] [modloading-worker-0/INFO] [dev.architectury.networking.forge.NetworkManagerImpl/]: Registering C2S receiver with id ftbquests:claim_reward
[16Feb2026 16:57:45.650] [modloading-worker-0/INFO] [dev.architectury.networking.forge.NetworkManagerImpl/]: Registering C2S receiver with id ftbquests:get_emergency_items
[16Feb2026 16:57:45.654] [modloading-worker-0/INFO] [dev.architectury.networking.forge.NetworkManagerImpl/]: Registering C2S receiver with id ftbquests:claim_all_rewards
[16Feb2026 16:57:45.655] [modloading-worker-0/INFO] [dev.architectury.networking.forge.NetworkManagerImpl/]: Registering C2S receiver with id ftbquests:claim_choice_reward
[16Feb2026 16:57:45.660] [modloading-worker-0/INFO] [dev.architectury.networking.forge.NetworkManagerImpl/]: Registering C2S receiver with id ftbquests:toggle_pinned
[16Feb2026 16:57:45.661] [modloading-worker-0/INFO] [dev.architectury.networking.forge.NetworkManagerImpl/]: Registering C2S receiver with id ftbquests:toggle_chapter_pinned
[16Feb2026 16:57:45.662] [modloading-worker-0/INFO] [me.treyruffy.betterf3.BetterF3Forge/]: [BetterF3] Starting...
[16Feb2026 16:57:45.664] [modloading-worker-0/WARN] [me.treyruffy.betterf3.BetterF3Forge/]: [BetterF3] Not supported on dedicated server!
[16Feb2026 16:57:45.662] [modloading-worker-0/INFO] [dev.architectury.networking.forge.NetworkManagerImpl/]: Registering C2S receiver with id ftbquests:toggle_editing_mode
[16Feb2026 16:57:45.667] [modloading-worker-0/INFO] [dev.architectury.networking.forge.NetworkManagerImpl/]: Registering C2S receiver with id ftbquests:force_save
[16Feb2026 16:57:45.668] [modloading-worker-0/INFO] [dev.architectury.networking.forge.NetworkManagerImpl/]: Registering C2S receiver with id ftbquests:set_custom_image
[16Feb2026 16:57:45.678] [modloading-worker-0/INFO] [dev.architectury.networking.forge.NetworkManagerImpl/]: Registering C2S receiver with id ftbquests:task_screen_config_resp
[16Feb2026 16:57:45.679] [modloading-worker-0/INFO] [dev.architectury.networking.forge.NetworkManagerImpl/]: Registering C2S receiver with id ftbquests:change_progress
[16Feb2026 16:57:45.680] [modloading-worker-0/INFO] [dev.architectury.networking.forge.NetworkManagerImpl/]: Registering C2S receiver with id ftbquests:create_object
[16Feb2026 16:57:45.681] [modloading-worker-0/INFO] [dev.architectury.networking.forge.NetworkManagerImpl/]: Registering C2S receiver with id ftbquests:create_task_at
[16Feb2026 16:57:45.684] [modloading-worker-0/INFO] [dev.architectury.networking.forge.NetworkManagerImpl/]: Registering C2S receiver with id ftbquests:delete_object
[16Feb2026 16:57:45.685] [modloading-worker-0/INFO] [dev.architectury.networking.forge.NetworkManagerImpl/]: Registering C2S receiver with id ftbquests:edit_object
[16Feb2026 16:57:45.687] [modloading-worker-0/INFO] [dev.architectury.networking.forge.NetworkManagerImpl/]: Registering C2S receiver with id ftbquests:move_chapter
[16Feb2026 16:57:45.691] [modloading-worker-0/INFO] [dev.architectury.networking.forge.NetworkManagerImpl/]: Registering C2S receiver with id ftbquests:move_quest
[16Feb2026 16:57:45.692] [modloading-worker-0/INFO] [dev.architectury.networking.forge.NetworkManagerImpl/]: Registering C2S receiver with id ftbquests:change_chapter_group
[16Feb2026 16:57:45.694] [modloading-worker-0/INFO] [dev.architectury.networking.forge.NetworkManagerImpl/]: Registering C2S receiver with id ftbquests:move_chapter_group
[16Feb2026 16:57:45.696] [modloading-worker-0/INFO] [dev.architectury.networking.forge.NetworkManagerImpl/]: Registering C2S receiver with id ftbquests:copy_quest
[16Feb2026 16:57:45.699] [modloading-worker-0/INFO] [dev.architectury.networking.forge.NetworkManagerImpl/]: Registering C2S receiver with id ftbquests:copy_chapter_image
[16Feb2026 16:57:45.700] [modloading-worker-0/INFO] [dev.architectury.networking.forge.NetworkManagerImpl/]: Registering C2S receiver with id ftbquests:sync_structures_request
[16Feb2026 16:57:45.701] [modloading-worker-0/INFO] [dev.architectury.networking.forge.NetworkManagerImpl/]: Registering C2S receiver with id cobbledollars:networking_channel/f3e7c0cb6f5f3dfe9e3793c752a3e914
[16Feb2026 16:57:45.702] [modloading-worker-0/INFO] [dev.architectury.networking.forge.NetworkManagerImpl/]: Registering C2S receiver with id ftbquests:request_team_data
[16Feb2026 16:57:45.702] [modloading-worker-0/INFO] [dev.architectury.networking.forge.NetworkManagerImpl/]: Registering C2S receiver with id cobbledollars:networking_channel/9825da23160a33bba47014bed7aaf594
[16Feb2026 16:57:45.706] [modloading-worker-0/INFO] [dev.architectury.networking.forge.NetworkManagerImpl/]: Registering C2S receiver with id cobbledollars:networking_channel/ecfdcab095c23b9b82a990b2b2c18fd4
[16Feb2026 16:57:45.707] [modloading-worker-0/INFO] [dev.architectury.networking.forge.NetworkManagerImpl/]: Registering C2S receiver with id cobbledollars:networking_channel/e7e5c625b22f38bb86185acb1344122a
[16Feb2026 16:57:45.710] [modloading-worker-0/INFO] [dev.architectury.networking.forge.NetworkManagerImpl/]: Registering C2S receiver with id cobbledollars:networking_channel/44002cbcce623e61a0ab69bbf4f563c0
[16Feb2026 16:57:45.712] [modloading-worker-0/INFO] [MythsAndLegends/]: Items registered
[16Feb2026 16:57:45.714] [modloading-worker-0/INFO] [dev.architectury.networking.forge.NetworkManagerImpl/]: Registering C2S receiver with id cobbledollars:networking_channel/9005f911dba63cdea24f6e5f4c19d010
[16Feb2026 16:57:45.814] [modloading-worker-0/INFO] [MythsAndLegends/]: Tick Events Registered
[16Feb2026 16:57:45.817] [modloading-worker-0/INFO] [MythsAndLegends/]: Interaction Events Registered
[16Feb2026 16:57:45.818] [modloading-worker-0/INFO] [MythsAndLegends/]: Player Events Registered
[16Feb2026 16:57:45.855] [modloading-worker-0/INFO] [MythsAndLegends/]: Registered all conditions
[16Feb2026 16:57:47.213] [modloading-worker-0/INFO] [games.dragonhowl.megamons.common.Megamons/]: Initializing Megamons Forge...
[16Feb2026 16:57:47.214] [modloading-worker-0/INFO] [com.cobblemon.mod.common.Cobblemon/]: Initializing...
[16Feb2026 16:57:47.237] [modloading-worker-0/INFO] [Cobbledex/]: Registering Forge Network
[16Feb2026 16:57:47.267] [modloading-worker-0/INFO] [dev.architectury.networking.forge.NetworkManagerImpl/]: Registering C2S receiver with id cobbledollars:networking_channel/f3e7c0cb6f5f3dfe9e3793c752a3e914
[16Feb2026 16:57:47.267] [modloading-worker-0/INFO] [dev.architectury.networking.forge.NetworkManagerImpl/]: Registering C2S receiver with id cobbledollars:networking_channel/9825da23160a33bba47014bed7aaf594
[16Feb2026 16:57:47.267] [modloading-worker-0/INFO] [dev.architectury.networking.forge.NetworkManagerImpl/]: Registering C2S receiver with id cobbledollars:networking_channel/ecfdcab095c23b9b82a990b2b2c18fd4
[16Feb2026 16:57:47.267] [modloading-worker-0/INFO] [dev.architectury.networking.forge.NetworkManagerImpl/]: Registering C2S receiver with id cobbledollars:networking_channel/e7e5c625b22f38bb86185acb1344122a
[16Feb2026 16:57:47.267] [modloading-worker-0/INFO] [dev.architectury.networking.forge.NetworkManagerImpl/]: Registering C2S receiver with id cobbledollars:networking_channel/44002cbcce623e61a0ab69bbf4f563c0
[16Feb2026 16:57:47.268] [modloading-worker-0/INFO] [dev.architectury.networking.forge.NetworkManagerImpl/]: Registering C2S receiver with id cobbledollars:networking_channel/9005f911dba63cdea24f6e5f4c19d010
[16Feb2026 16:57:47.691] [Forge Version Check/INFO] [net.minecraftforge.fml.VersionChecker/]: [cobblemon_quests] Starting version check at https://raw.githubusercontent.com/WinterWolfSV/Cobblemon_Quests/master/forge/src/main/resources/META-INF/forge_mod_versions.json
[16Feb2026 16:57:47.776] [Cobblemon Showdown/INFO] [com.cobblemon.mod.common.Cobblemon/]: Starting showdown service...
[16Feb2026 16:57:48.132] [Forge Version Check/WARN] [net.minecraftforge.fml.VersionChecker/]: Failed to process update information
com.google.gson.JsonSyntaxException: java.lang.IllegalStateException: Expected BEGIN_OBJECT but was NUMBER at line 1 column 4 path $
	at com.google.gson.Gson.fromJson(Gson.java:1226) ~[gson-2.10.jar%2372!/:?]
	at com.google.gson.Gson.fromJson(Gson.java:1124) ~[gson-2.10.jar%2372!/:?]
	at com.google.gson.Gson.fromJson(Gson.java:1034) ~[gson-2.10.jar%2372!/:?]
	at com.google.gson.Gson.fromJson(Gson.java:969) ~[gson-2.10.jar%2372!/:?]
	at net.minecraftforge.fml.VersionChecker$1.process(VersionChecker.java:186) ~[fmlcore-1.20.1-47.4.10.jar%23204!/:?]
	at java.lang.Iterable.forEach(Iterable.java:75) ~[?:?]
	at net.minecraftforge.fml.VersionChecker$1.run(VersionChecker.java:117) ~[fmlcore-1.20.1-47.4.10.jar%23204!/:?]
Caused by: java.lang.IllegalStateException: Expected BEGIN_OBJECT but was NUMBER at line 1 column 4 path $
	at com.google.gson.stream.JsonReader.beginObject(JsonReader.java:393) ~[gson-2.10.jar%2372!/:?]
	at com.google.gson.internal.bind.MapTypeAdapterFactory$Adapter.read(MapTypeAdapterFactory.java:182) ~[gson-2.10.jar%2372!/:?]
	at com.google.gson.internal.bind.MapTypeAdapterFactory$Adapter.read(MapTypeAdapterFactory.java:144) ~[gson-2.10.jar%2372!/:?]
	at com.google.gson.Gson.fromJson(Gson.java:1214) ~[gson-2.10.jar%2372!/:?]
	... 6 more
[16Feb2026 16:57:48.136] [Forge Version Check/INFO] [net.minecraftforge.fml.VersionChecker/]: [journeymap] Starting version check at https://forge.curseupdate.com/32274/journeymap
[16Feb2026 16:57:48.380] [Forge Version Check/INFO] [net.minecraftforge.fml.VersionChecker/]: [journeymap] Found status: UP_TO_DATE Current: 5.10.3 Target: null
[16Feb2026 16:57:48.380] [Forge Version Check/INFO] [net.minecraftforge.fml.VersionChecker/]: [cameraoverhaul] Starting version check at https://github.com/Mirsario/Minecraft-CameraOverhaul/blob/dev/meta/ForgeUpdateCheck.json?raw=true
[16Feb2026 16:57:48.543] [Forge Version Check/INFO] [net.minecraftforge.fml.VersionChecker/]: [cameraoverhaul] Found status: UP_TO_DATE Current: 2.0.6-forge+mc.1.20.0-1.20.5 Target: null
[16Feb2026 16:57:48.544] [Forge Version Check/INFO] [net.minecraftforge.fml.VersionChecker/]: [forge] Starting version check at https://files.minecraftforge.net/net/minecraftforge/forge/promotions_slim.json
[16Feb2026 16:57:48.745] [Forge Version Check/INFO] [net.minecraftforge.fml.VersionChecker/]: [forge] Found status: UP_TO_DATE Current: 47.4.10 Target: null
[16Feb2026 16:57:48.748] [Forge Version Check/INFO] [net.minecraftforge.fml.VersionChecker/]: [mr_eggs_cobblemonaddon] Starting version check at https://api.modrinth.com/updates/jyVqIISn/forge_updates.json
[16Feb2026 16:57:48.927] [Forge Version Check/INFO] [net.minecraftforge.fml.VersionChecker/]: [mr_eggs_cobblemonaddon] Found status: OUTDATED Current: 0.3 Target: 0.4+mod
[16Feb2026 16:57:48.927] [Forge Version Check/INFO] [net.minecraftforge.fml.VersionChecker/]: [betterf3] Starting version check at https://api.modrinth.com/updates/betterf3/forge_updates.json
[16Feb2026 16:57:49.037] [Forge Version Check/INFO] [net.minecraftforge.fml.VersionChecker/]: [betterf3] Found status: UP_TO_DATE Current: 7.0.2 Target: null
[16Feb2026 16:57:51.609] [Cobblemon Showdown/INFO] [com.cobblemon.mod.common.Cobblemon/]: Showdown has been started!
[16Feb2026 16:57:51.613] [modloading-worker-0/INFO] [com.cobblemon.mod.common.Cobblemon/]: Note: Cobblemon data registries are only loaded once per server instance as Pokémon species are not safe to reload.
[16Feb2026 16:57:51.614] [modloading-worker-0/INFO] [com.cobblemon.mod.common.Cobblemon/]: Registered the cobblemon:species_features registry
[16Feb2026 16:57:51.616] [modloading-worker-0/INFO] [com.cobblemon.mod.common.Cobblemon/]: Registered the cobblemon:global_species_features registry
[16Feb2026 16:57:51.617] [modloading-worker-0/INFO] [com.cobblemon.mod.common.Cobblemon/]: Registered the cobblemon:species_feature_assignments registry
[16Feb2026 16:57:51.637] [modloading-worker-0/INFO] [com.cobblemon.mod.common.Cobblemon/]: Registered the cobblemon:action_effects registry
[16Feb2026 16:57:51.639] [modloading-worker-0/INFO] [com.cobblemon.mod.common.Cobblemon/]: Registered the cobblemon:moves registry
[16Feb2026 16:57:51.642] [modloading-worker-0/INFO] [com.cobblemon.mod.common.Cobblemon/]: Registered the cobblemon:abilities registry
[16Feb2026 16:57:51.643] [modloading-worker-0/INFO] [com.cobblemon.mod.common.Cobblemon/]: Registered the cobblemon:species registry
[16Feb2026 16:57:51.644] [modloading-worker-0/INFO] [com.cobblemon.mod.common.Cobblemon/]: Registered the cobblemon:species_additions registry
[16Feb2026 16:57:51.644] [modloading-worker-0/INFO] [com.cobblemon.mod.common.Cobblemon/]: Registered the cobblemon:pokeballs registry
[16Feb2026 16:57:51.648] [modloading-worker-0/INFO] [com.cobblemon.mod.common.Cobblemon/]: Registered the cobblemon:properties_tab_completion registry
[16Feb2026 16:57:51.649] [modloading-worker-0/INFO] [com.cobblemon.mod.common.Cobblemon/]: Registered the cobblemon:spawn_detail_presets registry
[16Feb2026 16:57:51.659] [modloading-worker-0/INFO] [com.cobblemon.mod.common.Cobblemon/]: Registered the cobblemon:spawn_rules registry
[16Feb2026 16:57:51.676] [modloading-worker-0/INFO] [com.cobblemon.mod.common.Cobblemon/]: Registered the cobblemon:mechanics registry
[16Feb2026 16:57:51.677] [modloading-worker-0/INFO] [com.cobblemon.mod.common.Cobblemon/]: Registered the cobblemon:bag_items registry
[16Feb2026 16:57:51.682] [modloading-worker-0/INFO] [com.cobblemon.mod.common.Cobblemon/]: Registered the cobblemon:dialogues registry
[16Feb2026 16:57:51.684] [modloading-worker-0/INFO] [com.cobblemon.mod.common.Cobblemon/]: Registered the cobblemon:natural_materials registry
[16Feb2026 16:57:51.687] [modloading-worker-0/INFO] [com.cobblemon.mod.common.Cobblemon/]: Registered the cobblemon:fossils registry
[16Feb2026 16:57:51.694] [modloading-worker-0/INFO] [com.cobblemon.mod.common.Cobblemon/]: Registered the cobblemon:spawn_pool_world registry
[16Feb2026 16:57:51.701] [modloading-worker-0/INFO] [com.cobblemon.mod.common.Cobblemon/]: Registered the cobblemon:berries registry
[16Feb2026 16:57:51.766] [main/INFO] [journeymap/]: Initializing Packet Registries
[16Feb2026 16:57:51.785] [main/INFO] [terrablender/]: Registered region minecraft:overworld to index 0 for type OVERWORLD
[16Feb2026 16:57:51.786] [main/INFO] [terrablender/]: Registered region minecraft:nether to index 0 for type NETHER
[16Feb2026 16:57:51.786] [main/INFO] [terrablender/]: Registered region biomesoplenty:overworld_primary to index 1 for type OVERWORLD
[16Feb2026 16:57:51.786] [main/INFO] [terrablender/]: Registered region biomesoplenty:overworld_secondary to index 2 for type OVERWORLD
[16Feb2026 16:57:51.787] [main/INFO] [terrablender/]: Registered region biomesoplenty:overworld_rare to index 3 for type OVERWORLD
[16Feb2026 16:57:51.787] [main/INFO] [terrablender/]: Registered region biomesoplenty:nether_common to index 1 for type NETHER
[16Feb2026 16:57:51.787] [main/INFO] [terrablender/]: Registered region biomesoplenty:nether_rare to index 2 for type NETHER
[16Feb2026 16:57:51.888] [modloading-worker-0/INFO] [Jade/]: Start loading plugin at com.arcaryx.cobblemonintegrations.waila.jade.CobblemonJadePlugin
[16Feb2026 16:57:51.900] [modloading-worker-0/INFO] [Jade/]: Start loading plugin at snownee.jade.addon.vanilla.VanillaPlugin
[16Feb2026 16:57:51.912] [modloading-worker-0/INFO] [Jade/]: Start loading plugin at snownee.jade.addon.universal.UniversalPlugin
[16Feb2026 16:57:51.917] [modloading-worker-0/INFO] [Jade/]: Start loading plugin at snownee.jade.addon.core.CorePlugin
[16Feb2026 16:57:51.937] [main/INFO] [citadel/]: adding citadel surface rules via terrablender...
[16Feb2026 16:57:51.938] [main/INFO] [citadel/]: Added 0 vanilla biome surface rule types via terrablender
[16Feb2026 16:57:51.938] [main/INFO] [citadel/]: Added 0 modded biome surface rule types via terrablender
[16Feb2026 16:57:53.167] [main/INFO] [com.mojang.authlib.yggdrasil.YggdrasilAuthenticationService/]: Environment: authHost='https://authserver.mojang.com', accountsHost='https://api.mojang.com', sessionHost='https://sessionserver.mojang.com', servicesHost='https://api.minecraftservices.com', name='PROD'
[16Feb2026 16:57:54.100] [main/WARN] [net.minecraft.server.packs.VanillaPackResourcesBuilder/]: Assets URL 'union:/workspaces/RPG_minecraft/servidor_minecraft/libraries/net/minecraft/server/1.20.1-20230612.114412/server-1.20.1-20230612.114412-srg.jar%23203!/assets/.mcassetsroot' uses unexpected schema
[16Feb2026 16:57:54.101] [main/WARN] [net.minecraft.server.packs.VanillaPackResourcesBuilder/]: Assets URL 'union:/workspaces/RPG_minecraft/servidor_minecraft/libraries/net/minecraft/server/1.20.1-20230612.114412/server-1.20.1-20230612.114412-srg.jar%23203!/data/.mcassetsroot' uses unexpected schema
[16Feb2026 16:57:55.347] [main/INFO] [MythsAndLegends/]: Registered Myths and Legends commands
[16Feb2026 16:57:56.003] [Worker-Main-2/ERROR] [net.minecraftforge.common.ForgeHooks/]: Couldn't parse element loot_tables:adorn:blocks/cobblemon/apricorn_drawer
com.google.gson.JsonSyntaxException: Expected name to be an item, was unknown string 'adorn:cobblemon/apricorn_drawer'
	at net.minecraft.util.GsonHelper.m_13866_(GsonHelper.java:145) ~[server-1.20.1-20230612.114412-srg.jar%23203!/:?]
	at java.util.Optional.orElseThrow(Optional.java:403) ~[?:?]
	at net.minecraft.util.GsonHelper.m_13874_(GsonHelper.java:145) ~[server-1.20.1-20230612.114412-srg.jar%23203!/:?]
	at net.minecraft.util.GsonHelper.m_13909_(GsonHelper.java:153) ~[server-1.20.1-20230612.114412-srg.jar%23203!/:?]
	at net.minecraft.world.level.storage.loot.entries.LootItem$Serializer.m_7267_(LootItem.java:55) ~[server-1.20.1-20230612.114412-srg.jar%23203!/:?]
	at net.minecraft.world.level.storage.loot.entries.LootItem$Serializer.m_7267_(LootItem.java:40) ~[server-1.20.1-20230612.114412-srg.jar%23203!/:?]
	at net.minecraft.world.level.storage.loot.entries.LootPoolSingletonContainer$Serializer.m_5921_(LootPoolSingletonContainer.java:151) ~[server-1.20.1-20230612.114412-srg.jar%23203!/:?]
	at net.minecraft.world.level.storage.loot.entries.LootPoolSingletonContainer$Serializer.m_5921_(LootPoolSingletonContainer.java:129) ~[server-1.20.1-20230612.114412-srg.jar%23203!/:?]
	at net.minecraft.world.level.storage.loot.entries.LootPoolEntryContainer$Serializer.m_7561_(LootPoolEntryContainer.java:86) ~[server-1.20.1-20230612.114412-srg.jar%23203!/:?]
	at net.minecraft.world.level.storage.loot.entries.LootPoolEntryContainer$Serializer.m_7561_(LootPoolEntryContainer.java:74) ~[server-1.20.1-20230612.114412-srg.jar%23203!/:?]
	at net.minecraft.world.level.storage.loot.GsonAdapterFactory$JsonAdapter.deserialize(GsonAdapterFactory.java:102) ~[server-1.20.1-20230612.114412-srg.jar%23203!/:?]
	at com.google.gson.internal.bind.TreeTypeAdapter.read(TreeTypeAdapter.java:76) ~[gson-2.10.jar%2372!/:?]
	at com.google.gson.internal.bind.TypeAdapterRuntimeTypeWrapper.read(TypeAdapterRuntimeTypeWrapper.java:40) ~[gson-2.10.jar%2372!/:?]
	at com.google.gson.internal.bind.ArrayTypeAdapter.read(ArrayTypeAdapter.java:72) ~[gson-2.10.jar%2372!/:?]
	at com.google.gson.Gson.fromJson(Gson.java:1214) ~[gson-2.10.jar%2372!/:?]
	at com.google.gson.Gson.fromJson(Gson.java:1319) ~[gson-2.10.jar%2372!/:?]
	at com.google.gson.Gson.fromJson(Gson.java:1290) ~[gson-2.10.jar%2372!/:?]
	at com.google.gson.internal.bind.TreeTypeAdapter$GsonContextImpl.deserialize(TreeTypeAdapter.java:179) ~[gson-2.10.jar%2372!/:?]
	at net.minecraft.util.GsonHelper.m_13808_(GsonHelper.java:463) ~[server-1.20.1-20230612.114412-srg.jar%23203!/:?]
	at net.minecraft.util.GsonHelper.m_13836_(GsonHelper.java:471) ~[server-1.20.1-20230612.114412-srg.jar%23203!/:?]
	at net.minecraft.world.level.storage.loot.LootPool$Serializer.deserialize(LootPool.java:192) ~[server-1.20.1-20230612.114412-srg.jar%23203!/:?]
	at net.minecraft.world.level.storage.loot.LootPool$Serializer.deserialize(LootPool.java:189) ~[server-1.20.1-20230612.114412-srg.jar%23203!/:?]
	at com.google.gson.internal.bind.TreeTypeAdapter.read(TreeTypeAdapter.java:76) ~[gson-2.10.jar%2372!/:?]
	at com.google.gson.internal.bind.TypeAdapterRuntimeTypeWrapper.read(TypeAdapterRuntimeTypeWrapper.java:40) ~[gson-2.10.jar%2372!/:?]
	at com.google.gson.internal.bind.ArrayTypeAdapter.read(ArrayTypeAdapter.java:72) ~[gson-2.10.jar%2372!/:?]
	at com.google.gson.Gson.fromJson(Gson.java:1214) ~[gson-2.10.jar%2372!/:?]
	at com.google.gson.Gson.fromJson(Gson.java:1319) ~[gson-2.10.jar%2372!/:?]
	at com.google.gson.Gson.fromJson(Gson.java:1290) ~[gson-2.10.jar%2372!/:?]
	at com.google.gson.internal.bind.TreeTypeAdapter$GsonContextImpl.deserialize(TreeTypeAdapter.java:179) ~[gson-2.10.jar%2372!/:?]
	at net.minecraft.util.GsonHelper.m_13808_(GsonHelper.java:463) ~[server-1.20.1-20230612.114412-srg.jar%23203!/:?]
	at net.minecraft.util.GsonHelper.m_13845_(GsonHelper.java:481) ~[server-1.20.1-20230612.114412-srg.jar%23203!/:?]
	at net.minecraft.world.level.storage.loot.LootTable$Serializer.deserialize(LootTable.java:294) ~[server-1.20.1-20230612.114412-srg.jar%23203!/:?]
	at net.minecraft.world.level.storage.loot.LootTable$Serializer.deserialize(LootTable.java:291) ~[server-1.20.1-20230612.114412-srg.jar%23203!/:?]
	at com.google.gson.internal.bind.TreeTypeAdapter.read(TreeTypeAdapter.java:76) ~[gson-2.10.jar%2372!/:?]
	at com.google.gson.Gson.fromJson(Gson.java:1214) ~[gson-2.10.jar%2372!/:?]
	at com.google.gson.Gson.fromJson(Gson.java:1319) ~[gson-2.10.jar%2372!/:?]
	at com.google.gson.Gson.fromJson(Gson.java:1261) ~[gson-2.10.jar%2372!/:?]
	at net.minecraftforge.common.ForgeHooks.loadLootTable(ForgeHooks.java:872) ~[forge-1.20.1-47.4.10-universal.jar%23208!/:?]
	at net.minecraftforge.common.ForgeHooks.lambda$getLootTableDeserializer$3(ForgeHooks.java:849) ~[forge-1.20.1-47.4.10-universal.jar%23208!/:?]
	at net.minecraft.world.level.storage.loot.LootDataType.deserialize(LootDataType.java:45) ~[server-1.20.1-20230612.114412-srg.jar%23203!/:?]
	at net.minecraft.world.level.storage.loot.LootDataManager.lambda$scheduleElementParse$4(LootDataManager.java:56) ~[server-1.20.1-20230612.114412-srg.jar%23203!/:?]
	at net.minecraft.world.level.storage.loot.LootDataManager.md8fbb72$lambda$cobblemon$supportICondition$0$0(LootDataManager.java:544) ~[server-1.20.1-20230612.114412-srg.jar%23203!/:?]
	at java.util.HashMap.forEach(HashMap.java:1421) ~[?:?]
	at net.minecraft.world.level.storage.loot.LootDataManager.redirect$zda000$cobblemon$supportICondition(LootDataManager.java:534) ~[server-1.20.1-20230612.114412-srg.jar%23203!/:?]
	at net.minecraft.world.level.storage.loot.LootDataManager.m_278660_(LootDataManager.java:55) ~[server-1.20.1-20230612.114412-srg.jar%23203!/:?]
	at java.util.concurrent.CompletableFuture$AsyncRun.run(CompletableFuture.java:1804) ~[?:?]
	at java.util.concurrent.CompletableFuture$AsyncRun.exec(CompletableFuture.java:1796) ~[?:?]
	at java.util.concurrent.ForkJoinTask.doExec(ForkJoinTask.java:373) ~[?:?]
	at java.util.concurrent.ForkJoinPool$WorkQueue.topLevelExec(ForkJoinPool.java:1182) ~[?:?]
	at java.util.concurrent.ForkJoinPool.scan(ForkJoinPool.java:1655) ~[?:?]
	at java.util.concurrent.ForkJoinPool.runWorker(ForkJoinPool.java:1622) ~[?:?]
	at java.util.concurrent.ForkJoinWorkerThread.run(ForkJoinWorkerThread.java:165) ~[?:?]
[16Feb2026 16:57:56.017] [Worker-Main-2/ERROR] [net.minecraftforge.common.ForgeHooks/]: Couldn't parse element loot_tables:adorn:blocks/cobblemon/apricorn_kitchen_counter
com.google.gson.JsonSyntaxException: Expected name to be an item, was unknown string 'adorn:cobblemon/apricorn_kitchen_counter'
	at net.minecraft.util.GsonHelper.m_13866_(GsonHelper.java:145) ~[server-1.20.1-20230612.114412-srg.jar%23203!/:?]
	at java.util.Optional.orElseThrow(Optional.java:403) ~[?:?]
	at net.minecraft.util.GsonHelper.m_13874_(GsonHelper.java:145) ~[server-1.20.1-20230612.114412-srg.jar%23203!/:?]
	at net.minecraft.util.GsonHelper.m_13909_(GsonHelper.java:153) ~[server-1.20.1-20230612.114412-srg.jar%23203!/:?]
	at net.minecraft.world.level.storage.loot.entries.LootItem$Serializer.m_7267_(LootItem.java:55) ~[server-1.20.1-20230612.114412-srg.jar%23203!/:?]
	at net.minecraft.world.level.storage.loot.entries.LootItem$Serializer.m_7267_(LootItem.java:40) ~[server-1.20.1-20230612.114412-srg.jar%23203!/:?]
	at net.minecraft.world.level.storage.loot.entries.LootPoolSingletonContainer$Serializer.m_5921_(LootPoolSingletonContainer.java:151) ~[server-1.20.1-20230612.114412-srg.jar%23203!/:?]
	at net.minecraft.world.level.storage.loot.entries.LootPoolSingletonContainer$Serializer.m_5921_(LootPoolSingletonContainer.java:129) ~[server-1.20.1-20230612.114412-srg.jar%23203!/:?]
	at net.minecraft.world.level.storage.loot.entries.LootPoolEntryContainer$Serializer.m_7561_(LootPoolEntryContainer.java:86) ~[server-1.20.1-20230612.114412-srg.jar%23203!/:?]
	at net.minecraft.world.level.storage.loot.entries.LootPoolEntryContainer$Serializer.m_7561_(LootPoolEntryContainer.java:74) ~[server-1.20.1-20230612.114412-srg.jar%23203!/:?]
	at net.minecraft.world.level.storage.loot.GsonAdapterFactory$JsonAdapter.deserialize(GsonAdapterFactory.java:102) ~[server-1.20.1-20230612.114412-srg.jar%23203!/:?]
	at com.google.gson.internal.bind.TreeTypeAdapter.read(TreeTypeAdapter.java:76) ~[gson-2.10.jar%2372!/:?]
	at com.google.gson.internal.bind.TypeAdapterRuntimeTypeWrapper.read(TypeAdapterRuntimeTypeWrapper.java:40) ~[gson-2.10.jar%2372!/:?]
	at com.google.gson.internal.bind.ArrayTypeAdapter.read(ArrayTypeAdapter.java:72) ~[gson-2.10.jar%2372!/:?]
	at com.google.gson.Gson.fromJson(Gson.java:1214) ~[gson-2.10.jar%2372!/:?]
	at com.google.gson.Gson.fromJson(Gson.java:1319) ~[gson-2.10.jar%2372!/:?]
	at com.google.gson.Gson.fromJson(Gson.java:1290) ~[gson-2.10.jar%2372!/:?]
	at com.google.gson.internal.bind.TreeTypeAdapter$GsonContextImpl.deserialize(TreeTypeAdapter.java:179) ~[gson-2.10.jar%2372!/:?]
	at net.minecraft.util.GsonHelper.m_13808_(GsonHelper.java:463) ~[server-1.20.1-20230612.114412-srg.jar%23203!/:?]
	at net.minecraft.util.GsonHelper.m_13836_(GsonHelper.java:471) ~[server-1.20.1-20230612.114412-srg.jar%23203!/:?]
	at net.minecraft.world.level.storage.loot.LootPool$Serializer.deserialize(LootPool.java:192) ~[server-1.20.1-20230612.114412-srg.jar%23203!/:?]
	at net.minecraft.world.level.storage.loot.LootPool$Serializer.deserialize(LootPool.java:189) ~[server-1.20.1-20230612.114412-srg.jar%23203!/:?]
	at com.google.gson.internal.bind.TreeTypeAdapter.read(TreeTypeAdapter.java:76) ~[gson-2.10.jar%2372!/:?]
	at com.google.gson.internal.bind.TypeAdapterRuntimeTypeWrapper.read(TypeAdapterRuntimeTypeWrapper.java:40) ~[gson-2.10.jar%2372!/:?]
	at com.google.gson.internal.bind.ArrayTypeAdapter.read(ArrayTypeAdapter.java:72) ~[gson-2.10.jar%2372!/:?]
	at com.google.gson.Gson.fromJson(Gson.java:1214) ~[gson-2.10.jar%2372!/:?]
	at com.google.gson.Gson.fromJson(Gson.java:1319) ~[gson-2.10.jar%2372!/:?]
	at com.google.gson.Gson.fromJson(Gson.java:1290) ~[gson-2.10.jar%2372!/:?]
	at com.google.gson.internal.bind.TreeTypeAdapter$GsonContextImpl.deserialize(TreeTypeAdapter.java:179) ~[gson-2.10.jar%2372!/:?]
	at net.minecraft.util.GsonHelper.m_13808_(GsonHelper.java:463) ~[server-1.20.1-20230612.114412-srg.jar%23203!/:?]
	at net.minecraft.util.GsonHelper.m_13845_(GsonHelper.java:481) ~[server-1.20.1-20230612.114412-srg.jar%23203!/:?]
	at net.minecraft.world.level.storage.loot.LootTable$Serializer.deserialize(LootTable.java:294) ~[server-1.20.1-20230612.114412-srg.jar%23203!/:?]
	at net.minecraft.world.level.storage.loot.LootTable$Serializer.deserialize(LootTable.java:291) ~[server-1.20.1-20230612.114412-srg.jar%23203!/:?]
	at com.google.gson.internal.bind.TreeTypeAdapter.read(TreeTypeAdapter.java:76) ~[gson-2.10.jar%2372!/:?]
	at com.google.gson.Gson.fromJson(Gson.java:1214) ~[gson-2.10.jar%2372!/:?]
	at com.google.gson.Gson.fromJson(Gson.java:1319) ~[gson-2.10.jar%2372!/:?]
	at com.google.gson.Gson.fromJson(Gson.java:1261) ~[gson-2.10.jar%2372!/:?]
	at net.minecraftforge.common.ForgeHooks.loadLootTable(ForgeHooks.java:872) ~[forge-1.20.1-47.4.10-universal.jar%23208!/:?]
	at net.minecraftforge.common.ForgeHooks.lambda$getLootTableDeserializer$3(ForgeHooks.java:849) ~[forge-1.20.1-47.4.10-universal.jar%23208!/:?]
	at net.minecraft.world.level.storage.loot.LootDataType.deserialize(LootDataType.java:45) ~[server-1.20.1-20230612.114412-srg.jar%23203!/:?]
	at net.minecraft.world.level.storage.loot.LootDataManager.lambda$scheduleElementParse$4(LootDataManager.java:56) ~[server-1.20.1-20230612.114412-srg.jar%23203!/:?]
	at net.minecraft.world.level.storage.loot.LootDataManager.md8fbb72$lambda$cobblemon$supportICondition$0$0(LootDataManager.java:544) ~[server-1.20.1-20230612.114412-srg.jar%23203!/:?]
	at java.util.HashMap.forEach(HashMap.java:1421) ~[?:?]
	at net.minecraft.world.level.storage.loot.LootDataManager.redirect$zda000$cobblemon$supportICondition(LootDataManager.java:534) ~[server-1.20.1-20230612.114412-srg.jar%23203!/:?]
	at net.minecraft.world.level.storage.loot.LootDataManager.m_278660_(LootDataManager.java:55) ~[server-1.20.1-20230612.114412-srg.jar%23203!/:?]
	at java.util.concurrent.CompletableFuture$AsyncRun.run(CompletableFuture.java:1804) ~[?:?]
	at java.util.concurrent.CompletableFuture$AsyncRun.exec(CompletableFuture.java:1796) ~[?:?]
	at java.util.concurrent.ForkJoinTask.doExec(ForkJoinTask.java:373) ~[?:?]
	at java.util.concurrent.ForkJoinPool$WorkQueue.topLevelExec(ForkJoinPool.java:1182) ~[?:?]
	at java.util.concurrent.ForkJoinPool.scan(ForkJoinPool.java:1655) ~[?:?]
	at java.util.concurrent.ForkJoinPool.runWorker(ForkJoinPool.java:1622) ~[?:?]
	at java.util.concurrent.ForkJoinWorkerThread.run(ForkJoinWorkerThread.java:165) ~[?:?]
[16Feb2026 16:57:56.023] [Worker-Main-2/ERROR] [net.minecraftforge.common.ForgeHooks/]: Couldn't parse element loot_tables:adorn:blocks/cobblemon/apricorn_chair
java.lang.IllegalArgumentException: Can't find block adorn:cobblemon/apricorn_chair
	at net.minecraft.world.level.storage.loot.predicates.LootItemBlockStatePropertyCondition$Serializer.m_81802_(LootItemBlockStatePropertyCondition.java:79) ~[server-1.20.1-20230612.114412-srg.jar%23203!/:?]
	at java.util.Optional.orElseThrow(Optional.java:403) ~[?:?]
	at net.minecraft.world.level.storage.loot.predicates.LootItemBlockStatePropertyCondition$Serializer.m_7561_(LootItemBlockStatePropertyCondition.java:79) ~[server-1.20.1-20230612.114412-srg.jar%23203!/:?]
	at net.minecraft.world.level.storage.loot.predicates.LootItemBlockStatePropertyCondition$Serializer.m_7561_(LootItemBlockStatePropertyCondition.java:68) ~[server-1.20.1-20230612.114412-srg.jar%23203!/:?]
	at net.minecraft.world.level.storage.loot.GsonAdapterFactory$JsonAdapter.deserialize(GsonAdapterFactory.java:102) ~[server-1.20.1-20230612.114412-srg.jar%23203!/:?]
	at com.google.gson.internal.bind.TreeTypeAdapter.read(TreeTypeAdapter.java:76) ~[gson-2.10.jar%2372!/:?]
	at com.google.gson.internal.bind.TypeAdapterRuntimeTypeWrapper.read(TypeAdapterRuntimeTypeWrapper.java:40) ~[gson-2.10.jar%2372!/:?]
	at com.google.gson.internal.bind.ArrayTypeAdapter.read(ArrayTypeAdapter.java:72) ~[gson-2.10.jar%2372!/:?]
	at com.google.gson.Gson.fromJson(Gson.java:1214) ~[gson-2.10.jar%2372!/:?]
	at com.google.gson.Gson.fromJson(Gson.java:1319) ~[gson-2.10.jar%2372!/:?]
	at com.google.gson.Gson.fromJson(Gson.java:1290) ~[gson-2.10.jar%2372!/:?]
	at com.google.gson.internal.bind.TreeTypeAdapter$GsonContextImpl.deserialize(TreeTypeAdapter.java:179) ~[gson-2.10.jar%2372!/:?]
	at net.minecraft.util.GsonHelper.m_13808_(GsonHelper.java:463) ~[server-1.20.1-20230612.114412-srg.jar%23203!/:?]
	at net.minecraft.util.GsonHelper.m_13845_(GsonHelper.java:481) ~[server-1.20.1-20230612.114412-srg.jar%23203!/:?]
	at net.minecraft.world.level.storage.loot.entries.LootPoolEntryContainer$Serializer.m_7561_(LootPoolEntryContainer.java:85) ~[server-1.20.1-20230612.114412-srg.jar%23203!/:?]
	at net.minecraft.world.level.storage.loot.entries.LootPoolEntryContainer$Serializer.m_7561_(LootPoolEntryContainer.java:74) ~[server-1.20.1-20230612.114412-srg.jar%23203!/:?]
	at net.minecraft.world.level.storage.loot.GsonAdapterFactory$JsonAdapter.deserialize(GsonAdapterFactory.java:102) ~[server-1.20.1-20230612.114412-srg.jar%23203!/:?]
	at com.google.gson.internal.bind.TreeTypeAdapter.read(TreeTypeAdapter.java:76) ~[gson-2.10.jar%2372!/:?]
	at com.google.gson.internal.bind.TypeAdapterRuntimeTypeWrapper.read(TypeAdapterRuntimeTypeWrapper.java:40) ~[gson-2.10.jar%2372!/:?]
	at com.google.gson.internal.bind.ArrayTypeAdapter.read(ArrayTypeAdapter.java:72) ~[gson-2.10.jar%2372!/:?]
	at com.google.gson.Gson.fromJson(Gson.java:1214) ~[gson-2.10.jar%2372!/:?]
	at com.google.gson.Gson.fromJson(Gson.java:1319) ~[gson-2.10.jar%2372!/:?]
	at com.google.gson.Gson.fromJson(Gson.java:1290) ~[gson-2.10.jar%2372!/:?]
	at com.google.gson.internal.bind.TreeTypeAdapter$GsonContextImpl.deserialize(TreeTypeAdapter.java:179) ~[gson-2.10.jar%2372!/:?]
	at net.minecraft.util.GsonHelper.m_13808_(GsonHelper.java:463) ~[server-1.20.1-20230612.114412-srg.jar%23203!/:?]
	at net.minecraft.util.GsonHelper.m_13836_(GsonHelper.java:471) ~[server-1.20.1-20230612.114412-srg.jar%23203!/:?]
	at net.minecraft.world.level.storage.loot.LootPool$Serializer.deserialize(LootPool.java:192) ~[server-1.20.1-20230612.114412-srg.jar%23203!/:?]
	at net.minecraft.world.level.storage.loot.LootPool$Serializer.deserialize(LootPool.java:189) ~[server-1.20.1-20230612.114412-srg.jar%23203!/:?]
	at com.google.gson.internal.bind.TreeTypeAdapter.read(TreeTypeAdapter.java:76) ~[gson-2.10.jar%2372!/:?]
	at com.google.gson.internal.bind.TypeAdapterRuntimeTypeWrapper.read(TypeAdapterRuntimeTypeWrapper.java:40) ~[gson-2.10.jar%2372!/:?]
	at com.google.gson.internal.bind.ArrayTypeAdapter.read(ArrayTypeAdapter.java:72) ~[gson-2.10.jar%2372!/:?]
	at com.google.gson.Gson.fromJson(Gson.java:1214) ~[gson-2.10.jar%2372!/:?]
	at com.google.gson.Gson.fromJson(Gson.java:1319) ~[gson-2.10.jar%2372!/:?]
	at com.google.gson.Gson.fromJson(Gson.java:1290) ~[gson-2.10.jar%2372!/:?]
	at com.google.gson.internal.bind.TreeTypeAdapter$GsonContextImpl.deserialize(TreeTypeAdapter.java:179) ~[gson-2.10.jar%2372!/:?]
	at net.minecraft.util.GsonHelper.m_13808_(GsonHelper.java:463) ~[server-1.20.1-20230612.114412-srg.jar%23203!/:?]
	at net.minecraft.util.GsonHelper.m_13845_(GsonHelper.java:481) ~[server-1.20.1-20230612.114412-srg.jar%23203!/:?]
	at net.minecraft.world.level.storage.loot.LootTable$Serializer.deserialize(LootTable.java:294) ~[server-1.20.1-20230612.114412-srg.jar%23203!/:?]
	at net.minecraft.world.level.storage.loot.LootTable$Serializer.deserialize(LootTable.java:291) ~[server-1.20.1-20230612.114412-srg.jar%23203!/:?]
	at com.google.gson.internal.bind.TreeTypeAdapter.read(TreeTypeAdapter.java:76) ~[gson-2.10.jar%2372!/:?]
	at com.google.gson.Gson.fromJson(Gson.java:1214) ~[gson-2.10.jar%2372!/:?]
	at com.google.gson.Gson.fromJson(Gson.java:1319) ~[gson-2.10.jar%2372!/:?]
	at com.google.gson.Gson.fromJson(Gson.java:1261) ~[gson-2.10.jar%2372!/:?]
	at net.minecraftforge.common.ForgeHooks.loadLootTable(ForgeHooks.java:872) ~[forge-1.20.1-47.4.10-universal.jar%23208!/:?]
	at net.minecraftforge.common.ForgeHooks.lambda$getLootTableDeserializer$3(ForgeHooks.java:849) ~[forge-1.20.1-47.4.10-universal.jar%23208!/:?]
	at net.minecraft.world.level.storage.loot.LootDataType.deserialize(LootDataType.java:45) ~[server-1.20.1-20230612.114412-srg.jar%23203!/:?]
	at net.minecraft.world.level.storage.loot.LootDataManager.lambda$scheduleElementParse$4(LootDataManager.java:56) ~[server-1.20.1-20230612.114412-srg.jar%23203!/:?]
	at net.minecraft.world.level.storage.loot.LootDataManager.md8fbb72$lambda$cobblemon$supportICondition$0$0(LootDataManager.java:544) ~[server-1.20.1-20230612.114412-srg.jar%23203!/:?]
	at java.util.HashMap.forEach(HashMap.java:1421) ~[?:?]
	at net.minecraft.world.level.storage.loot.LootDataManager.redirect$zda000$cobblemon$supportICondition(LootDataManager.java:534) ~[server-1.20.1-20230612.114412-srg.jar%23203!/:?]
	at net.minecraft.world.level.storage.loot.LootDataManager.m_278660_(LootDataManager.java:55) ~[server-1.20.1-20230612.114412-srg.jar%23203!/:?]
	at java.util.concurrent.CompletableFuture$AsyncRun.run(CompletableFuture.java:1804) ~[?:?]
	at java.util.concurrent.CompletableFuture$AsyncRun.exec(CompletableFuture.java:1796) ~[?:?]
	at java.util.concurrent.ForkJoinTask.doExec(ForkJoinTask.java:373) ~[?:?]
	at java.util.concurrent.ForkJoinPool$WorkQueue.topLevelExec(ForkJoinPool.java:1182) ~[?:?]
	at java.util.concurrent.ForkJoinPool.scan(ForkJoinPool.java:1655) ~[?:?]
	at java.util.concurrent.ForkJoinPool.runWorker(ForkJoinPool.java:1622) ~[?:?]
	at java.util.concurrent.ForkJoinWorkerThread.run(ForkJoinWorkerThread.java:165) ~[?:?]
[16Feb2026 16:57:56.107] [Worker-Main-2/ERROR] [net.minecraftforge.common.ForgeHooks/]: Couldn't parse element loot_tables:adorn:blocks/cobblemon/apricorn_coffee_table
com.google.gson.JsonSyntaxException: Expected name to be an item, was unknown string 'adorn:cobblemon/apricorn_coffee_table'
	at net.minecraft.util.GsonHelper.m_13866_(GsonHelper.java:145) ~[server-1.20.1-20230612.114412-srg.jar%23203!/:?]
	at java.util.Optional.orElseThrow(Optional.java:403) ~[?:?]
	at net.minecraft.util.GsonHelper.m_13874_(GsonHelper.java:145) ~[server-1.20.1-20230612.114412-srg.jar%23203!/:?]
	at net.minecraft.util.GsonHelper.m_13909_(GsonHelper.java:153) ~[server-1.20.1-20230612.114412-srg.jar%23203!/:?]
	at net.minecraft.world.level.storage.loot.entries.LootItem$Serializer.m_7267_(LootItem.java:55) ~[server-1.20.1-20230612.114412-srg.jar%23203!/:?]
	at net.minecraft.world.level.storage.loot.entries.LootItem$Serializer.m_7267_(LootItem.java:40) ~[server-1.20.1-20230612.114412-srg.jar%23203!/:?]
	at net.minecraft.world.level.storage.loot.entries.LootPoolSingletonContainer$Serializer.m_5921_(LootPoolSingletonContainer.java:151) ~[server-1.20.1-20230612.114412-srg.jar%23203!/:?]
	at net.minecraft.world.level.storage.loot.entries.LootPoolSingletonContainer$Serializer.m_5921_(LootPoolSingletonContainer.java:129) ~[server-1.20.1-20230612.114412-srg.jar%23203!/:?]
	at net.minecraft.world.level.storage.loot.entries.LootPoolEntryContainer$Serializer.m_7561_(LootPoolEntryContainer.java:86) ~[server-1.20.1-20230612.114412-srg.jar%23203!/:?]
	at net.minecraft.world.level.storage.loot.entries.LootPoolEntryContainer$Serializer.m_7561_(LootPoolEntryContainer.java:74) ~[server-1.20.1-20230612.114412-srg.jar%23203!/:?]
	at net.minecraft.world.level.storage.loot.GsonAdapterFactory$JsonAdapter.deserialize(GsonAdapterFactory.java:102) ~[server-1.20.1-20230612.114412-srg.jar%23203!/:?]
	at com.google.gson.internal.bind.TreeTypeAdapter.read(TreeTypeAdapter.java:76) ~[gson-2.10.jar%2372!/:?]
	at com.google.gson.internal.bind.TypeAdapterRuntimeTypeWrapper.read(TypeAdapterRuntimeTypeWrapper.java:40) ~[gson-2.10.jar%2372!/:?]
	at com.google.gson.internal.bind.ArrayTypeAdapter.read(ArrayTypeAdapter.java:72) ~[gson-2.10.jar%2372!/:?]
	at com.google.gson.Gson.fromJson(Gson.java:1214) ~[gson-2.10.jar%2372!/:?]
	at com.google.gson.Gson.fromJson(Gson.java:1319) ~[gson-2.10.jar%2372!/:?]
	at com.google.gson.Gson.fromJson(Gson.java:1290) ~[gson-2.10.jar%2372!/:?]
	at com.google.gson.internal.bind.TreeTypeAdapter$GsonContextImpl.deserialize(TreeTypeAdapter.java:179) ~[gson-2.10.jar%2372!/:?]
	at net.minecraft.util.GsonHelper.m_13808_(GsonHelper.java:463) ~[server-1.20.1-20230612.114412-srg.jar%23203!/:?]
	at net.minecraft.util.GsonHelper.m_13836_(GsonHelper.java:471) ~[server-1.20.1-20230612.114412-srg.jar%23203!/:?]
	at net.minecraft.world.level.storage.loot.LootPool$Serializer.deserialize(LootPool.java:192) ~[server-1.20.1-20230612.114412-srg.jar%23203!/:?]
	at net.minecraft.world.level.storage.loot.LootPool$Serializer.deserialize(LootPool.java:189) ~[server-1.20.1-20230612.114412-srg.jar%23203!/:?]
	at com.google.gson.internal.bind.TreeTypeAdapter.read(TreeTypeAdapter.java:76) ~[gson-2.10.jar%2372!/:?]
	at com.google.gson.internal.bind.TypeAdapterRuntimeTypeWrapper.read(TypeAdapterRuntimeTypeWrapper.java:40) ~[gson-2.10.jar%2372!/:?]
	at com.google.gson.internal.bind.ArrayTypeAdapter.read(ArrayTypeAdapter.java:72) ~[gson-2.10.jar%2372!/:?]
	at com.google.gson.Gson.fromJson(Gson.java:1214) ~[gson-2.10.jar%2372!/:?]
	at com.google.gson.Gson.fromJson(Gson.java:1319) ~[gson-2.10.jar%2372!/:?]
	at com.google.gson.Gson.fromJson(Gson.java:1290) ~[gson-2.10.jar%2372!/:?]
	at com.google.gson.internal.bind.TreeTypeAdapter$GsonContextImpl.deserialize(TreeTypeAdapter.java:179) ~[gson-2.10.jar%2372!/:?]
	at net.minecraft.util.GsonHelper.m_13808_(GsonHelper.java:463) ~[server-1.20.1-20230612.114412-srg.jar%23203!/:?]
	at net.minecraft.util.GsonHelper.m_13845_(GsonHelper.java:481) ~[server-1.20.1-20230612.114412-srg.jar%23203!/:?]
	at net.minecraft.world.level.storage.loot.LootTable$Serializer.deserialize(LootTable.java:294) ~[server-1.20.1-20230612.114412-srg.jar%23203!/:?]
	at net.minecraft.world.level.storage.loot.LootTable$Serializer.deserialize(LootTable.java:291) ~[server-1.20.1-20230612.114412-srg.jar%23203!/:?]
	at com.google.gson.internal.bind.TreeTypeAdapter.read(TreeTypeAdapter.java:76) ~[gson-2.10.jar%2372!/:?]
	at com.google.gson.Gson.fromJson(Gson.java:1214) ~[gson-2.10.jar%2372!/:?]
	at com.google.gson.Gson.fromJson(Gson.java:1319) ~[gson-2.10.jar%2372!/:?]
	at com.google.gson.Gson.fromJson(Gson.java:1261) ~[gson-2.10.jar%2372!/:?]
	at net.minecraftforge.common.ForgeHooks.loadLootTable(ForgeHooks.java:872) ~[forge-1.20.1-47.4.10-universal.jar%23208!/:?]
	at net.minecraftforge.common.ForgeHooks.lambda$getLootTableDeserializer$3(ForgeHooks.java:849) ~[forge-1.20.1-47.4.10-universal.jar%23208!/:?]
	at net.minecraft.world.level.storage.loot.LootDataType.deserialize(LootDataType.java:45) ~[server-1.20.1-20230612.114412-srg.jar%23203!/:?]
	at net.minecraft.world.level.storage.loot.LootDataManager.lambda$scheduleElementParse$4(LootDataManager.java:56) ~[server-1.20.1-20230612.114412-srg.jar%23203!/:?]
	at net.minecraft.world.level.storage.loot.LootDataManager.md8fbb72$lambda$cobblemon$supportICondition$0$0(LootDataManager.java:544) ~[server-1.20.1-20230612.114412-srg.jar%23203!/:?]
	at java.util.HashMap.forEach(HashMap.java:1421) ~[?:?]
	at net.minecraft.world.level.storage.loot.LootDataManager.redirect$zda000$cobblemon$supportICondition(LootDataManager.java:534) ~[server-1.20.1-20230612.114412-srg.jar%23203!/:?]
	at net.minecraft.world.level.storage.loot.LootDataManager.m_278660_(LootDataManager.java:55) ~[server-1.20.1-20230612.114412-srg.jar%23203!/:?]
	at java.util.concurrent.CompletableFuture$AsyncRun.run(CompletableFuture.java:1804) ~[?:?]
	at java.util.concurrent.CompletableFuture$AsyncRun.exec(CompletableFuture.java:1796) ~[?:?]
	at java.util.concurrent.ForkJoinTask.doExec(ForkJoinTask.java:373) ~[?:?]
	at java.util.concurrent.ForkJoinPool$WorkQueue.topLevelExec(ForkJoinPool.java:1182) ~[?:?]
	at java.util.concurrent.ForkJoinPool.scan(ForkJoinPool.java:1655) ~[?:?]
	at java.util.concurrent.ForkJoinPool.runWorker(ForkJoinPool.java:1622) ~[?:?]
	at java.util.concurrent.ForkJoinWorkerThread.run(ForkJoinWorkerThread.java:165) ~[?:?]
[16Feb2026 16:57:56.180] [Worker-Main-2/ERROR] [net.minecraftforge.common.ForgeHooks/]: Couldn't parse element loot_tables:adorn:blocks/cobblemon/apricorn_table
com.google.gson.JsonSyntaxException: Expected name to be an item, was unknown string 'adorn:cobblemon/apricorn_table'
	at net.minecraft.util.GsonHelper.m_13866_(GsonHelper.java:145) ~[server-1.20.1-20230612.114412-srg.jar%23203!/:?]
	at java.util.Optional.orElseThrow(Optional.java:403) ~[?:?]
	at net.minecraft.util.GsonHelper.m_13874_(GsonHelper.java:145) ~[server-1.20.1-20230612.114412-srg.jar%23203!/:?]
	at net.minecraft.util.GsonHelper.m_13909_(GsonHelper.java:153) ~[server-1.20.1-20230612.114412-srg.jar%23203!/:?]
	at net.minecraft.world.level.storage.loot.entries.LootItem$Serializer.m_7267_(LootItem.java:55) ~[server-1.20.1-20230612.114412-srg.jar%23203!/:?]
	at net.minecraft.world.level.storage.loot.entries.LootItem$Serializer.m_7267_(LootItem.java:40) ~[server-1.20.1-20230612.114412-srg.jar%23203!/:?]
	at net.minecraft.world.level.storage.loot.entries.LootPoolSingletonContainer$Serializer.m_5921_(LootPoolSingletonContainer.java:151) ~[server-1.20.1-20230612.114412-srg.jar%23203!/:?]
	at net.minecraft.world.level.storage.loot.entries.LootPoolSingletonContainer$Serializer.m_5921_(LootPoolSingletonContainer.java:129) ~[server-1.20.1-20230612.114412-srg.jar%23203!/:?]
	at net.minecraft.world.level.storage.loot.entries.LootPoolEntryContainer$Serializer.m_7561_(LootPoolEntryContainer.java:86) ~[server-1.20.1-20230612.114412-srg.jar%23203!/:?]
	at net.minecraft.world.level.storage.loot.entries.LootPoolEntryContainer$Serializer.m_7561_(LootPoolEntryContainer.java:74) ~[server-1.20.1-20230612.114412-srg.jar%23203!/:?]
	at net.minecraft.world.level.storage.loot.GsonAdapterFactory$JsonAdapter.deserialize(GsonAdapterFactory.java:102) ~[server-1.20.1-20230612.114412-srg.jar%23203!/:?]
	at com.google.gson.internal.bind.TreeTypeAdapter.read(TreeTypeAdapter.java:76) ~[gson-2.10.jar%2372!/:?]
	at com.google.gson.internal.bind.TypeAdapterRuntimeTypeWrapper.read(TypeAdapterRuntimeTypeWrapper.java:40) ~[gson-2.10.jar%2372!/:?]
	at com.google.gson.internal.bind.ArrayTypeAdapter.read(ArrayTypeAdapter.java:72) ~[gson-2.10.jar%2372!/:?]
	at com.google.gson.Gson.fromJson(Gson.java:1214) ~[gson-2.10.jar%2372!/:?]
	at com.google.gson.Gson.fromJson(Gson.java:1319) ~[gson-2.10.jar%2372!/:?]
	at com.google.gson.Gson.fromJson(Gson.java:1290) ~[gson-2.10.jar%2372!/:?]
	at com.google.gson.internal.bind.TreeTypeAdapter$GsonContextImpl.deserialize(TreeTypeAdapter.java:179) ~[gson-2.10.jar%2372!/:?]
	at net.minecraft.util.GsonHelper.m_13808_(GsonHelper.java:463) ~[server-1.20.1-20230612.114412-srg.jar%23203!/:?]
	at net.minecraft.util.GsonHelper.m_13836_(GsonHelper.java:471) ~[server-1.20.1-20230612.114412-srg.jar%23203!/:?]
	at net.minecraft.world.level.storage.loot.LootPool$Serializer.deserialize(LootPool.java:192) ~[server-1.20.1-20230612.114412-srg.jar%23203!/:?]
	at net.minecraft.world.level.storage.loot.LootPool$Serializer.deserialize(LootPool.java:189) ~[server-1.20.1-20230612.114412-srg.jar%23203!/:?]
	at com.google.gson.internal.bind.TreeTypeAdapter.read(TreeTypeAdapter.java:76) ~[gson-2.10.jar%2372!/:?]
	at com.google.gson.internal.bind.TypeAdapterRuntimeTypeWrapper.read(TypeAdapterRuntimeTypeWrapper.java:40) ~[gson-2.10.jar%2372!/:?]
	at com.google.gson.internal.bind.ArrayTypeAdapter.read(ArrayTypeAdapter.java:72) ~[gson-2.10.jar%2372!/:?]
	at com.google.gson.Gson.fromJson(Gson.java:1214) ~[gson-2.10.jar%2372!/:?]
	at com.google.gson.Gson.fromJson(Gson.java:1319) ~[gson-2.10.jar%2372!/:?]
	at com.google.gson.Gson.fromJson(Gson.java:1290) ~[gson-2.10.jar%2372!/:?]
	at com.google.gson.internal.bind.TreeTypeAdapter$GsonContextImpl.deserialize(TreeTypeAdapter.java:179) ~[gson-2.10.jar%2372!/:?]
	at net.minecraft.util.GsonHelper.m_13808_(GsonHelper.java:463) ~[server-1.20.1-20230612.114412-srg.jar%23203!/:?]
	at net.minecraft.util.GsonHelper.m_13845_(GsonHelper.java:481) ~[server-1.20.1-20230612.114412-srg.jar%23203!/:?]
	at net.minecraft.world.level.storage.loot.LootTable$Serializer.deserialize(LootTable.java:294) ~[server-1.20.1-20230612.114412-srg.jar%23203!/:?]
	at net.minecraft.world.level.storage.loot.LootTable$Serializer.deserialize(LootTable.java:291) ~[server-1.20.1-20230612.114412-srg.jar%23203!/:?]
	at com.google.gson.internal.bind.TreeTypeAdapter.read(TreeTypeAdapter.java:76) ~[gson-2.10.jar%2372!/:?]
	at com.google.gson.Gson.fromJson(Gson.java:1214) ~[gson-2.10.jar%2372!/:?]
	at com.google.gson.Gson.fromJson(Gson.java:1319) ~[gson-2.10.jar%2372!/:?]
	at com.google.gson.Gson.fromJson(Gson.java:1261) ~[gson-2.10.jar%2372!/:?]
	at net.minecraftforge.common.ForgeHooks.loadLootTable(ForgeHooks.java:872) ~[forge-1.20.1-47.4.10-universal.jar%23208!/:?]
	at net.minecraftforge.common.ForgeHooks.lambda$getLootTableDeserializer$3(ForgeHooks.java:849) ~[forge-1.20.1-47.4.10-universal.jar%23208!/:?]
	at net.minecraft.world.level.storage.loot.LootDataType.deserialize(LootDataType.java:45) ~[server-1.20.1-20230612.114412-srg.jar%23203!/:?]
	at net.minecraft.world.level.storage.loot.LootDataManager.lambda$scheduleElementParse$4(LootDataManager.java:56) ~[server-1.20.1-20230612.114412-srg.jar%23203!/:?]
	at net.minecraft.world.level.storage.loot.LootDataManager.md8fbb72$lambda$cobblemon$supportICondition$0$0(LootDataManager.java:544) ~[server-1.20.1-20230612.114412-srg.jar%23203!/:?]
	at java.util.HashMap.forEach(HashMap.java:1421) ~[?:?]
	at net.minecraft.world.level.storage.loot.LootDataManager.redirect$zda000$cobblemon$supportICondition(LootDataManager.java:534) ~[server-1.20.1-20230612.114412-srg.jar%23203!/:?]
	at net.minecraft.world.level.storage.loot.LootDataManager.m_278660_(LootDataManager.java:55) ~[server-1.20.1-20230612.114412-srg.jar%23203!/:?]
	at java.util.concurrent.CompletableFuture$AsyncRun.run(CompletableFuture.java:1804) ~[?:?]
	at java.util.concurrent.CompletableFuture$AsyncRun.exec(CompletableFuture.java:1796) ~[?:?]
	at java.util.concurrent.ForkJoinTask.doExec(ForkJoinTask.java:373) ~[?:?]
	at java.util.concurrent.ForkJoinPool$WorkQueue.topLevelExec(ForkJoinPool.java:1182) ~[?:?]
	at java.util.concurrent.ForkJoinPool.scan(ForkJoinPool.java:1655) ~[?:?]
	at java.util.concurrent.ForkJoinPool.runWorker(ForkJoinPool.java:1622) ~[?:?]
	at java.util.concurrent.ForkJoinWorkerThread.run(ForkJoinWorkerThread.java:165) ~[?:?]
[16Feb2026 16:57:56.266] [Worker-Main-2/ERROR] [net.minecraftforge.common.ForgeHooks/]: Couldn't parse element loot_tables:adorn:blocks/cobblemon/apricorn_shelf
com.google.gson.JsonSyntaxException: Expected name to be an item, was unknown string 'adorn:cobblemon/apricorn_shelf'
	at net.minecraft.util.GsonHelper.m_13866_(GsonHelper.java:145) ~[server-1.20.1-20230612.114412-srg.jar%23203!/:?]
	at java.util.Optional.orElseThrow(Optional.java:403) ~[?:?]
	at net.minecraft.util.GsonHelper.m_13874_(GsonHelper.java:145) ~[server-1.20.1-20230612.114412-srg.jar%23203!/:?]
	at net.minecraft.util.GsonHelper.m_13909_(GsonHelper.java:153) ~[server-1.20.1-20230612.114412-srg.jar%23203!/:?]
	at net.minecraft.world.level.storage.loot.entries.LootItem$Serializer.m_7267_(LootItem.java:55) ~[server-1.20.1-20230612.114412-srg.jar%23203!/:?]
	at net.minecraft.world.level.storage.loot.entries.LootItem$Serializer.m_7267_(LootItem.java:40) ~[server-1.20.1-20230612.114412-srg.jar%23203!/:?]
	at net.minecraft.world.level.storage.loot.entries.LootPoolSingletonContainer$Serializer.m_5921_(LootPoolSingletonContainer.java:151) ~[server-1.20.1-20230612.114412-srg.jar%23203!/:?]
	at net.minecraft.world.level.storage.loot.entries.LootPoolSingletonContainer$Serializer.m_5921_(LootPoolSingletonContainer.java:129) ~[server-1.20.1-20230612.114412-srg.jar%23203!/:?]
	at net.minecraft.world.level.storage.loot.entries.LootPoolEntryContainer$Serializer.m_7561_(LootPoolEntryContainer.java:86) ~[server-1.20.1-20230612.114412-srg.jar%23203!/:?]
	at net.minecraft.world.level.storage.loot.entries.LootPoolEntryContainer$Serializer.m_7561_(LootPoolEntryContainer.java:74) ~[server-1.20.1-20230612.114412-srg.jar%23203!/:?]
	at net.minecraft.world.level.storage.loot.GsonAdapterFactory$JsonAdapter.deserialize(GsonAdapterFactory.java:102) ~[server-1.20.1-20230612.114412-srg.jar%23203!/:?]
	at com.google.gson.internal.bind.TreeTypeAdapter.read(TreeTypeAdapter.java:76) ~[gson-2.10.jar%2372!/:?]
	at com.google.gson.internal.bind.TypeAdapterRuntimeTypeWrapper.read(TypeAdapterRuntimeTypeWrapper.java:40) ~[gson-2.10.jar%2372!/:?]
	at com.google.gson.internal.bind.ArrayTypeAdapter.read(ArrayTypeAdapter.java:72) ~[gson-2.10.jar%2372!/:?]
	at com.google.gson.Gson.fromJson(Gson.java:1214) ~[gson-2.10.jar%2372!/:?]
	at com.google.gson.Gson.fromJson(Gson.java:1319) ~[gson-2.10.jar%2372!/:?]
	at com.google.gson.Gson.fromJson(Gson.java:1290) ~[gson-2.10.jar%2372!/:?]
	at com.google.gson.internal.bind.TreeTypeAdapter$GsonContextImpl.deserialize(TreeTypeAdapter.java:179) ~[gson-2.10.jar%2372!/:?]
	at net.minecraft.util.GsonHelper.m_13808_(GsonHelper.java:463) ~[server-1.20.1-20230612.114412-srg.jar%23203!/:?]
	at net.minecraft.util.GsonHelper.m_13836_(GsonHelper.java:471) ~[server-1.20.1-20230612.114412-srg.jar%23203!/:?]
	at net.minecraft.world.level.storage.loot.LootPool$Serializer.deserialize(LootPool.java:192) ~[server-1.20.1-20230612.114412-srg.jar%23203!/:?]
	at net.minecraft.world.level.storage.loot.LootPool$Serializer.deserialize(LootPool.java:189) ~[server-1.20.1-20230612.114412-srg.jar%23203!/:?]
	at com.google.gson.internal.bind.TreeTypeAdapter.read(TreeTypeAdapter.java:76) ~[gson-2.10.jar%2372!/:?]
	at com.google.gson.internal.bind.TypeAdapterRuntimeTypeWrapper.read(TypeAdapterRuntimeTypeWrapper.java:40) ~[gson-2.10.jar%2372!/:?]
	at com.google.gson.internal.bind.ArrayTypeAdapter.read(ArrayTypeAdapter.java:72) ~[gson-2.10.jar%2372!/:?]
	at com.google.gson.Gson.fromJson(Gson.java:1214) ~[gson-2.10.jar%2372!/:?]
	at com.google.gson.Gson.fromJson(Gson.java:1319) ~[gson-2.10.jar%2372!/:?]
	at com.google.gson.Gson.fromJson(Gson.java:1290) ~[gson-2.10.jar%2372!/:?]
	at com.google.gson.internal.bind.TreeTypeAdapter$GsonContextImpl.deserialize(TreeTypeAdapter.java:179) ~[gson-2.10.jar%2372!/:?]
	at net.minecraft.util.GsonHelper.m_13808_(GsonHelper.java:463) ~[server-1.20.1-20230612.114412-srg.jar%23203!/:?]
	at net.minecraft.util.GsonHelper.m_13845_(GsonHelper.java:481) ~[server-1.20.1-20230612.114412-srg.jar%23203!/:?]
	at net.minecraft.world.level.storage.loot.LootTable$Serializer.deserialize(LootTable.java:294) ~[server-1.20.1-20230612.114412-srg.jar%23203!/:?]
	at net.minecraft.world.level.storage.loot.LootTable$Serializer.deserialize(LootTable.java:291) ~[server-1.20.1-20230612.114412-srg.jar%23203!/:?]
	at com.google.gson.internal.bind.TreeTypeAdapter.read(TreeTypeAdapter.java:76) ~[gson-2.10.jar%2372!/:?]
	at com.google.gson.Gson.fromJson(Gson.java:1214) ~[gson-2.10.jar%2372!/:?]
	at com.google.gson.Gson.fromJson(Gson.java:1319) ~[gson-2.10.jar%2372!/:?]
	at com.google.gson.Gson.fromJson(Gson.java:1261) ~[gson-2.10.jar%2372!/:?]
	at net.minecraftforge.common.ForgeHooks.loadLootTable(ForgeHooks.java:872) ~[forge-1.20.1-47.4.10-universal.jar%23208!/:?]
	at net.minecraftforge.common.ForgeHooks.lambda$getLootTableDeserializer$3(ForgeHooks.java:849) ~[forge-1.20.1-47.4.10-universal.jar%23208!/:?]
	at net.minecraft.world.level.storage.loot.LootDataType.deserialize(LootDataType.java:45) ~[server-1.20.1-20230612.114412-srg.jar%23203!/:?]
	at net.minecraft.world.level.storage.loot.LootDataManager.lambda$scheduleElementParse$4(LootDataManager.java:56) ~[server-1.20.1-20230612.114412-srg.jar%23203!/:?]
	at net.minecraft.world.level.storage.loot.LootDataManager.md8fbb72$lambda$cobblemon$supportICondition$0$0(LootDataManager.java:544) ~[server-1.20.1-20230612.114412-srg.jar%23203!/:?]
	at java.util.HashMap.forEach(HashMap.java:1421) ~[?:?]
	at net.minecraft.world.level.storage.loot.LootDataManager.redirect$zda000$cobblemon$supportICondition(LootDataManager.java:534) ~[server-1.20.1-20230612.114412-srg.jar%23203!/:?]
	at net.minecraft.world.level.storage.loot.LootDataManager.m_278660_(LootDataManager.java:55) ~[server-1.20.1-20230612.114412-srg.jar%23203!/:?]
	at java.util.concurrent.CompletableFuture$AsyncRun.run(CompletableFuture.java:1804) ~[?:?]
	at java.util.concurrent.CompletableFuture$AsyncRun.exec(CompletableFuture.java:1796) ~[?:?]
	at java.util.concurrent.ForkJoinTask.doExec(ForkJoinTask.java:373) ~[?:?]
	at java.util.concurrent.ForkJoinPool$WorkQueue.topLevelExec(ForkJoinPool.java:1182) ~[?:?]
	at java.util.concurrent.ForkJoinPool.scan(ForkJoinPool.java:1655) ~[?:?]
	at java.util.concurrent.ForkJoinPool.runWorker(ForkJoinPool.java:1622) ~[?:?]
	at java.util.concurrent.ForkJoinWorkerThread.run(ForkJoinWorkerThread.java:165) ~[?:?]
[16Feb2026 16:57:56.366] [Worker-Main-2/ERROR] [net.minecraftforge.common.ForgeHooks/]: Couldn't parse element loot_tables:adorn:blocks/cobblemon/apricorn_kitchen_cupboard
com.google.gson.JsonSyntaxException: Expected name to be an item, was unknown string 'adorn:cobblemon/apricorn_kitchen_cupboard'
	at net.minecraft.util.GsonHelper.m_13866_(GsonHelper.java:145) ~[server-1.20.1-20230612.114412-srg.jar%23203!/:?]
	at java.util.Optional.orElseThrow(Optional.java:403) ~[?:?]
	at net.minecraft.util.GsonHelper.m_13874_(GsonHelper.java:145) ~[server-1.20.1-20230612.114412-srg.jar%23203!/:?]
	at net.minecraft.util.GsonHelper.m_13909_(GsonHelper.java:153) ~[server-1.20.1-20230612.114412-srg.jar%23203!/:?]
	at net.minecraft.world.level.storage.loot.entries.LootItem$Serializer.m_7267_(LootItem.java:55) ~[server-1.20.1-20230612.114412-srg.jar%23203!/:?]
	at net.minecraft.world.level.storage.loot.entries.LootItem$Serializer.m_7267_(LootItem.java:40) ~[server-1.20.1-20230612.114412-srg.jar%23203!/:?]
	at net.minecraft.world.level.storage.loot.entries.LootPoolSingletonContainer$Serializer.m_5921_(LootPoolSingletonContainer.java:151) ~[server-1.20.1-20230612.114412-srg.jar%23203!/:?]
	at net.minecraft.world.level.storage.loot.entries.LootPoolSingletonContainer$Serializer.m_5921_(LootPoolSingletonContainer.java:129) ~[server-1.20.1-20230612.114412-srg.jar%23203!/:?]
	at net.minecraft.world.level.storage.loot.entries.LootPoolEntryContainer$Serializer.m_7561_(LootPoolEntryContainer.java:86) ~[server-1.20.1-20230612.114412-srg.jar%23203!/:?]
	at net.minecraft.world.level.storage.loot.entries.LootPoolEntryContainer$Serializer.m_7561_(LootPoolEntryContainer.java:74) ~[server-1.20.1-20230612.114412-srg.jar%23203!/:?]
	at net.minecraft.world.level.storage.loot.GsonAdapterFactory$JsonAdapter.deserialize(GsonAdapterFactory.java:102) ~[server-1.20.1-20230612.114412-srg.jar%23203!/:?]
	at com.google.gson.internal.bind.TreeTypeAdapter.read(TreeTypeAdapter.java:76) ~[gson-2.10.jar%2372!/:?]
	at com.google.gson.internal.bind.TypeAdapterRuntimeTypeWrapper.read(TypeAdapterRuntimeTypeWrapper.java:40) ~[gson-2.10.jar%2372!/:?]
	at com.google.gson.internal.bind.ArrayTypeAdapter.read(ArrayTypeAdapter.java:72) ~[gson-2.10.jar%2372!/:?]
	at com.google.gson.Gson.fromJson(Gson.java:1214) ~[gson-2.10.jar%2372!/:?]
	at com.google.gson.Gson.fromJson(Gson.java:1319) ~[gson-2.10.jar%2372!/:?]
	at com.google.gson.Gson.fromJson(Gson.java:1290) ~[gson-2.10.jar%2372!/:?]
	at com.google.gson.internal.bind.TreeTypeAdapter$GsonContextImpl.deserialize(TreeTypeAdapter.java:179) ~[gson-2.10.jar%2372!/:?]
	at net.minecraft.util.GsonHelper.m_13808_(GsonHelper.java:463) ~[server-1.20.1-20230612.114412-srg.jar%23203!/:?]
	at net.minecraft.util.GsonHelper.m_13836_(GsonHelper.java:471) ~[server-1.20.1-20230612.114412-srg.jar%23203!/:?]
	at net.minecraft.world.level.storage.loot.LootPool$Serializer.deserialize(LootPool.java:192) ~[server-1.20.1-20230612.114412-srg.jar%23203!/:?]
	at net.minecraft.world.level.storage.loot.LootPool$Serializer.deserialize(LootPool.java:189) ~[server-1.20.1-20230612.114412-srg.jar%23203!/:?]
	at com.google.gson.internal.bind.TreeTypeAdapter.read(TreeTypeAdapter.java:76) ~[gson-2.10.jar%2372!/:?]
	at com.google.gson.internal.bind.TypeAdapterRuntimeTypeWrapper.read(TypeAdapterRuntimeTypeWrapper.java:40) ~[gson-2.10.jar%2372!/:?]
	at com.google.gson.internal.bind.ArrayTypeAdapter.read(ArrayTypeAdapter.java:72) ~[gson-2.10.jar%2372!/:?]
	at com.google.gson.Gson.fromJson(Gson.java:1214) ~[gson-2.10.jar%2372!/:?]
	at com.google.gson.Gson.fromJson(Gson.java:1319) ~[gson-2.10.jar%2372!/:?]
	at com.google.gson.Gson.fromJson(Gson.java:1290) ~[gson-2.10.jar%2372!/:?]
	at com.google.gson.internal.bind.TreeTypeAdapter$GsonContextImpl.deserialize(TreeTypeAdapter.java:179) ~[gson-2.10.jar%2372!/:?]
	at net.minecraft.util.GsonHelper.m_13808_(GsonHelper.java:463) ~[server-1.20.1-20230612.114412-srg.jar%23203!/:?]
	at net.minecraft.util.GsonHelper.m_13845_(GsonHelper.java:481) ~[server-1.20.1-20230612.114412-srg.jar%23203!/:?]
	at net.minecraft.world.level.storage.loot.LootTable$Serializer.deserialize(LootTable.java:294) ~[server-1.20.1-20230612.114412-srg.jar%23203!/:?]
	at net.minecraft.world.level.storage.loot.LootTable$Serializer.deserialize(LootTable.java:291) ~[server-1.20.1-20230612.114412-srg.jar%23203!/:?]
	at com.google.gson.internal.bind.TreeTypeAdapter.read(TreeTypeAdapter.java:76) ~[gson-2.10.jar%2372!/:?]
	at com.google.gson.Gson.fromJson(Gson.java:1214) ~[gson-2.10.jar%2372!/:?]
	at com.google.gson.Gson.fromJson(Gson.java:1319) ~[gson-2.10.jar%2372!/:?]
	at com.google.gson.Gson.fromJson(Gson.java:1261) ~[gson-2.10.jar%2372!/:?]
	at net.minecraftforge.common.ForgeHooks.loadLootTable(ForgeHooks.java:872) ~[forge-1.20.1-47.4.10-universal.jar%23208!/:?]
	at net.minecraftforge.common.ForgeHooks.lambda$getLootTableDeserializer$3(ForgeHooks.java:849) ~[forge-1.20.1-47.4.10-universal.jar%23208!/:?]
	at net.minecraft.world.level.storage.loot.LootDataType.deserialize(LootDataType.java:45) ~[server-1.20.1-20230612.114412-srg.jar%23203!/:?]
	at net.minecraft.world.level.storage.loot.LootDataManager.lambda$scheduleElementParse$4(LootDataManager.java:56) ~[server-1.20.1-20230612.114412-srg.jar%23203!/:?]
	at net.minecraft.world.level.storage.loot.LootDataManager.md8fbb72$lambda$cobblemon$supportICondition$0$0(LootDataManager.java:544) ~[server-1.20.1-20230612.114412-srg.jar%23203!/:?]
	at java.util.HashMap.forEach(HashMap.java:1421) ~[?:?]
	at net.minecraft.world.level.storage.loot.LootDataManager.redirect$zda000$cobblemon$supportICondition(LootDataManager.java:534) ~[server-1.20.1-20230612.114412-srg.jar%23203!/:?]
	at net.minecraft.world.level.storage.loot.LootDataManager.m_278660_(LootDataManager.java:55) ~[server-1.20.1-20230612.114412-srg.jar%23203!/:?]
	at java.util.concurrent.CompletableFuture$AsyncRun.run(CompletableFuture.java:1804) ~[?:?]
	at java.util.concurrent.CompletableFuture$AsyncRun.exec(CompletableFuture.java:1796) ~[?:?]
	at java.util.concurrent.ForkJoinTask.doExec(ForkJoinTask.java:373) ~[?:?]
	at java.util.concurrent.ForkJoinPool$WorkQueue.topLevelExec(ForkJoinPool.java:1182) ~[?:?]
	at java.util.concurrent.ForkJoinPool.scan(ForkJoinPool.java:1655) ~[?:?]
	at java.util.concurrent.ForkJoinPool.runWorker(ForkJoinPool.java:1622) ~[?:?]
	at java.util.concurrent.ForkJoinWorkerThread.run(ForkJoinWorkerThread.java:165) ~[?:?]
[16Feb2026 16:57:56.438] [Worker-Main-2/ERROR] [net.minecraftforge.common.ForgeHooks/]: Couldn't parse element loot_tables:adorn:blocks/cobblemon/apricorn_kitchen_sink
com.google.gson.JsonSyntaxException: Expected name to be an item, was unknown string 'adorn:cobblemon/apricorn_kitchen_sink'
	at net.minecraft.util.GsonHelper.m_13866_(GsonHelper.java:145) ~[server-1.20.1-20230612.114412-srg.jar%23203!/:?]
	at java.util.Optional.orElseThrow(Optional.java:403) ~[?:?]
	at net.minecraft.util.GsonHelper.m_13874_(GsonHelper.java:145) ~[server-1.20.1-20230612.114412-srg.jar%23203!/:?]
	at net.minecraft.util.GsonHelper.m_13909_(GsonHelper.java:153) ~[server-1.20.1-20230612.114412-srg.jar%23203!/:?]
	at net.minecraft.world.level.storage.loot.entries.LootItem$Serializer.m_7267_(LootItem.java:55) ~[server-1.20.1-20230612.114412-srg.jar%23203!/:?]
	at net.minecraft.world.level.storage.loot.entries.LootItem$Serializer.m_7267_(LootItem.java:40) ~[server-1.20.1-20230612.114412-srg.jar%23203!/:?]
	at net.minecraft.world.level.storage.loot.entries.LootPoolSingletonContainer$Serializer.m_5921_(LootPoolSingletonContainer.java:151) ~[server-1.20.1-20230612.114412-srg.jar%23203!/:?]
	at net.minecraft.world.level.storage.loot.entries.LootPoolSingletonContainer$Serializer.m_5921_(LootPoolSingletonContainer.java:129) ~[server-1.20.1-20230612.114412-srg.jar%23203!/:?]
	at net.minecraft.world.level.storage.loot.entries.LootPoolEntryContainer$Serializer.m_7561_(LootPoolEntryContainer.java:86) ~[server-1.20.1-20230612.114412-srg.jar%23203!/:?]
	at net.minecraft.world.level.storage.loot.entries.LootPoolEntryContainer$Serializer.m_7561_(LootPoolEntryContainer.java:74) ~[server-1.20.1-20230612.114412-srg.jar%23203!/:?]
	at net.minecraft.world.level.storage.loot.GsonAdapterFactory$JsonAdapter.deserialize(GsonAdapterFactory.java:102) ~[server-1.20.1-20230612.114412-srg.jar%23203!/:?]
	at com.google.gson.internal.bind.TreeTypeAdapter.read(TreeTypeAdapter.java:76) ~[gson-2.10.jar%2372!/:?]
	at com.google.gson.internal.bind.TypeAdapterRuntimeTypeWrapper.read(TypeAdapterRuntimeTypeWrapper.java:40) ~[gson-2.10.jar%2372!/:?]
	at com.google.gson.internal.bind.ArrayTypeAdapter.read(ArrayTypeAdapter.java:72) ~[gson-2.10.jar%2372!/:?]
	at com.google.gson.Gson.fromJson(Gson.java:1214) ~[gson-2.10.jar%2372!/:?]
	at com.google.gson.Gson.fromJson(Gson.java:1319) ~[gson-2.10.jar%2372!/:?]
	at com.google.gson.Gson.fromJson(Gson.java:1290) ~[gson-2.10.jar%2372!/:?]
	at com.google.gson.internal.bind.TreeTypeAdapter$GsonContextImpl.deserialize(TreeTypeAdapter.java:179) ~[gson-2.10.jar%2372!/:?]
	at net.minecraft.util.GsonHelper.m_13808_(GsonHelper.java:463) ~[server-1.20.1-20230612.114412-srg.jar%23203!/:?]
	at net.minecraft.util.GsonHelper.m_13836_(GsonHelper.java:471) ~[server-1.20.1-20230612.114412-srg.jar%23203!/:?]
	at net.minecraft.world.level.storage.loot.LootPool$Serializer.deserialize(LootPool.java:192) ~[server-1.20.1-20230612.114412-srg.jar%23203!/:?]
	at net.minecraft.world.level.storage.loot.LootPool$Serializer.deserialize(LootPool.java:189) ~[server-1.20.1-20230612.114412-srg.jar%23203!/:?]
	at com.google.gson.internal.bind.TreeTypeAdapter.read(TreeTypeAdapter.java:76) ~[gson-2.10.jar%2372!/:?]
	at com.google.gson.internal.bind.TypeAdapterRuntimeTypeWrapper.read(TypeAdapterRuntimeTypeWrapper.java:40) ~[gson-2.10.jar%2372!/:?]
	at com.google.gson.internal.bind.ArrayTypeAdapter.read(ArrayTypeAdapter.java:72) ~[gson-2.10.jar%2372!/:?]
	at com.google.gson.Gson.fromJson(Gson.java:1214) ~[gson-2.10.jar%2372!/:?]
	at com.google.gson.Gson.fromJson(Gson.java:1319) ~[gson-2.10.jar%2372!/:?]
	at com.google.gson.Gson.fromJson(Gson.java:1290) ~[gson-2.10.jar%2372!/:?]
	at com.google.gson.internal.bind.TreeTypeAdapter$GsonContextImpl.deserialize(TreeTypeAdapter.java:179) ~[gson-2.10.jar%2372!/:?]
	at net.minecraft.util.GsonHelper.m_13808_(GsonHelper.java:463) ~[server-1.20.1-20230612.114412-srg.jar%23203!/:?]
	at net.minecraft.util.GsonHelper.m_13845_(GsonHelper.java:481) ~[server-1.20.1-20230612.114412-srg.jar%23203!/:?]
	at net.minecraft.world.level.storage.loot.LootTable$Serializer.deserialize(LootTable.java:294) ~[server-1.20.1-20230612.114412-srg.jar%23203!/:?]
	at net.minecraft.world.level.storage.loot.LootTable$Serializer.deserialize(LootTable.java:291) ~[server-1.20.1-20230612.114412-srg.jar%23203!/:?]
	at com.google.gson.internal.bind.TreeTypeAdapter.read(TreeTypeAdapter.java:76) ~[gson-2.10.jar%2372!/:?]
	at com.google.gson.Gson.fromJson(Gson.java:1214) ~[gson-2.10.jar%2372!/:?]
	at com.google.gson.Gson.fromJson(Gson.java:1319) ~[gson-2.10.jar%2372!/:?]
	at com.google.gson.Gson.fromJson(Gson.java:1261) ~[gson-2.10.jar%2372!/:?]
	at net.minecraftforge.common.ForgeHooks.loadLootTable(ForgeHooks.java:872) ~[forge-1.20.1-47.4.10-universal.jar%23208!/:?]
	at net.minecraftforge.common.ForgeHooks.lambda$getLootTableDeserializer$3(ForgeHooks.java:849) ~[forge-1.20.1-47.4.10-universal.jar%23208!/:?]
	at net.minecraft.world.level.storage.loot.LootDataType.deserialize(LootDataType.java:45) ~[server-1.20.1-20230612.114412-srg.jar%23203!/:?]
	at net.minecraft.world.level.storage.loot.LootDataManager.lambda$scheduleElementParse$4(LootDataManager.java:56) ~[server-1.20.1-20230612.114412-srg.jar%23203!/:?]
	at net.minecraft.world.level.storage.loot.LootDataManager.md8fbb72$lambda$cobblemon$supportICondition$0$0(LootDataManager.java:544) ~[server-1.20.1-20230612.114412-srg.jar%23203!/:?]
	at java.util.HashMap.forEach(HashMap.java:1421) ~[?:?]
	at net.minecraft.world.level.storage.loot.LootDataManager.redirect$zda000$cobblemon$supportICondition(LootDataManager.java:534) ~[server-1.20.1-20230612.114412-srg.jar%23203!/:?]
	at net.minecraft.world.level.storage.loot.LootDataManager.m_278660_(LootDataManager.java:55) ~[server-1.20.1-20230612.114412-srg.jar%23203!/:?]
	at java.util.concurrent.CompletableFuture$AsyncRun.run(CompletableFuture.java:1804) ~[?:?]
	at java.util.concurrent.CompletableFuture$AsyncRun.exec(CompletableFuture.java:1796) ~[?:?]
	at java.util.concurrent.ForkJoinTask.doExec(ForkJoinTask.java:373) ~[?:?]
	at java.util.concurrent.ForkJoinPool$WorkQueue.topLevelExec(ForkJoinPool.java:1182) ~[?:?]
	at java.util.concurrent.ForkJoinPool.scan(ForkJoinPool.java:1655) ~[?:?]
	at java.util.concurrent.ForkJoinPool.runWorker(ForkJoinPool.java:1622) ~[?:?]
	at java.util.concurrent.ForkJoinWorkerThread.run(ForkJoinWorkerThread.java:165) ~[?:?]
[16Feb2026 16:57:56.500] [Worker-Main-2/ERROR] [net.minecraftforge.common.ForgeHooks/]: Couldn't parse element loot_tables:adorn:blocks/cobblemon/apricorn_step
com.google.gson.JsonSyntaxException: Expected name to be an item, was unknown string 'adorn:cobblemon/apricorn_step'
	at net.minecraft.util.GsonHelper.m_13866_(GsonHelper.java:145) ~[server-1.20.1-20230612.114412-srg.jar%23203!/:?]
	at java.util.Optional.orElseThrow(Optional.java:403) ~[?:?]
	at net.minecraft.util.GsonHelper.m_13874_(GsonHelper.java:145) ~[server-1.20.1-20230612.114412-srg.jar%23203!/:?]
	at net.minecraft.util.GsonHelper.m_13909_(GsonHelper.java:153) ~[server-1.20.1-20230612.114412-srg.jar%23203!/:?]
	at net.minecraft.world.level.storage.loot.entries.LootItem$Serializer.m_7267_(LootItem.java:55) ~[server-1.20.1-20230612.114412-srg.jar%23203!/:?]
	at net.minecraft.world.level.storage.loot.entries.LootItem$Serializer.m_7267_(LootItem.java:40) ~[server-1.20.1-20230612.114412-srg.jar%23203!/:?]
	at net.minecraft.world.level.storage.loot.entries.LootPoolSingletonContainer$Serializer.m_5921_(LootPoolSingletonContainer.java:151) ~[server-1.20.1-20230612.114412-srg.jar%23203!/:?]
	at net.minecraft.world.level.storage.loot.entries.LootPoolSingletonContainer$Serializer.m_5921_(LootPoolSingletonContainer.java:129) ~[server-1.20.1-20230612.114412-srg.jar%23203!/:?]
	at net.minecraft.world.level.storage.loot.entries.LootPoolEntryContainer$Serializer.m_7561_(LootPoolEntryContainer.java:86) ~[server-1.20.1-20230612.114412-srg.jar%23203!/:?]
	at net.minecraft.world.level.storage.loot.entries.LootPoolEntryContainer$Serializer.m_7561_(LootPoolEntryContainer.java:74) ~[server-1.20.1-20230612.114412-srg.jar%23203!/:?]
	at net.minecraft.world.level.storage.loot.GsonAdapterFactory$JsonAdapter.deserialize(GsonAdapterFactory.java:102) ~[server-1.20.1-20230612.114412-srg.jar%23203!/:?]
	at com.google.gson.internal.bind.TreeTypeAdapter.read(TreeTypeAdapter.java:76) ~[gson-2.10.jar%2372!/:?]
	at com.google.gson.internal.bind.TypeAdapterRuntimeTypeWrapper.read(TypeAdapterRuntimeTypeWrapper.java:40) ~[gson-2.10.jar%2372!/:?]
	at com.google.gson.internal.bind.ArrayTypeAdapter.read(ArrayTypeAdapter.java:72) ~[gson-2.10.jar%2372!/:?]
	at com.google.gson.Gson.fromJson(Gson.java:1214) ~[gson-2.10.jar%2372!/:?]
	at com.google.gson.Gson.fromJson(Gson.java:1319) ~[gson-2.10.jar%2372!/:?]
	at com.google.gson.Gson.fromJson(Gson.java:1290) ~[gson-2.10.jar%2372!/:?]
	at com.google.gson.internal.bind.TreeTypeAdapter$GsonContextImpl.deserialize(TreeTypeAdapter.java:179) ~[gson-2.10.jar%2372!/:?]
	at net.minecraft.util.GsonHelper.m_13808_(GsonHelper.java:463) ~[server-1.20.1-20230612.114412-srg.jar%23203!/:?]
	at net.minecraft.util.GsonHelper.m_13836_(GsonHelper.java:471) ~[server-1.20.1-20230612.114412-srg.jar%23203!/:?]
	at net.minecraft.world.level.storage.loot.LootPool$Serializer.deserialize(LootPool.java:192) ~[server-1.20.1-20230612.114412-srg.jar%23203!/:?]
	at net.minecraft.world.level.storage.loot.LootPool$Serializer.deserialize(LootPool.java:189) ~[server-1.20.1-20230612.114412-srg.jar%23203!/:?]
	at com.google.gson.internal.bind.TreeTypeAdapter.read(TreeTypeAdapter.java:76) ~[gson-2.10.jar%2372!/:?]
	at com.google.gson.internal.bind.TypeAdapterRuntimeTypeWrapper.read(TypeAdapterRuntimeTypeWrapper.java:40) ~[gson-2.10.jar%2372!/:?]
	at com.google.gson.internal.bind.ArrayTypeAdapter.read(ArrayTypeAdapter.java:72) ~[gson-2.10.jar%2372!/:?]
	at com.google.gson.Gson.fromJson(Gson.java:1214) ~[gson-2.10.jar%2372!/:?]
	at com.google.gson.Gson.fromJson(Gson.java:1319) ~[gson-2.10.jar%2372!/:?]
	at com.google.gson.Gson.fromJson(Gson.java:1290) ~[gson-2.10.jar%2372!/:?]
	at com.google.gson.internal.bind.TreeTypeAdapter$GsonContextImpl.deserialize(TreeTypeAdapter.java:179) ~[gson-2.10.jar%2372!/:?]
	at net.minecraft.util.GsonHelper.m_13808_(GsonHelper.java:463) ~[server-1.20.1-20230612.114412-srg.jar%23203!/:?]
	at net.minecraft.util.GsonHelper.m_13845_(GsonHelper.java:481) ~[server-1.20.1-20230612.114412-srg.jar%23203!/:?]
	at net.minecraft.world.level.storage.loot.LootTable$Serializer.deserialize(LootTable.java:294) ~[server-1.20.1-20230612.114412-srg.jar%23203!/:?]
	at net.minecraft.world.level.storage.loot.LootTable$Serializer.deserialize(LootTable.java:291) ~[server-1.20.1-20230612.114412-srg.jar%23203!/:?]
	at com.google.gson.internal.bind.TreeTypeAdapter.read(TreeTypeAdapter.java:76) ~[gson-2.10.jar%2372!/:?]
	at com.google.gson.Gson.fromJson(Gson.java:1214) ~[gson-2.10.jar%2372!/:?]
	at com.google.gson.Gson.fromJson(Gson.java:1319) ~[gson-2.10.jar%2372!/:?]
	at com.google.gson.Gson.fromJson(Gson.java:1261) ~[gson-2.10.jar%2372!/:?]
	at net.minecraftforge.common.ForgeHooks.loadLootTable(ForgeHooks.java:872) ~[forge-1.20.1-47.4.10-universal.jar%23208!/:?]
	at net.minecraftforge.common.ForgeHooks.lambda$getLootTableDeserializer$3(ForgeHooks.java:849) ~[forge-1.20.1-47.4.10-universal.jar%23208!/:?]
	at net.minecraft.world.level.storage.loot.LootDataType.deserialize(LootDataType.java:45) ~[server-1.20.1-20230612.114412-srg.jar%23203!/:?]
	at net.minecraft.world.level.storage.loot.LootDataManager.lambda$scheduleElementParse$4(LootDataManager.java:56) ~[server-1.20.1-20230612.114412-srg.jar%23203!/:?]
	at net.minecraft.world.level.storage.loot.LootDataManager.md8fbb72$lambda$cobblemon$supportICondition$0$0(LootDataManager.java:544) ~[server-1.20.1-20230612.114412-srg.jar%23203!/:?]
	at java.util.HashMap.forEach(HashMap.java:1421) ~[?:?]
	at net.minecraft.world.level.storage.loot.LootDataManager.redirect$zda000$cobblemon$supportICondition(LootDataManager.java:534) ~[server-1.20.1-20230612.114412-srg.jar%23203!/:?]
	at net.minecraft.world.level.storage.loot.LootDataManager.m_278660_(LootDataManager.java:55) ~[server-1.20.1-20230612.114412-srg.jar%23203!/:?]
	at java.util.concurrent.CompletableFuture$AsyncRun.run(CompletableFuture.java:1804) ~[?:?]
	at java.util.concurrent.CompletableFuture$AsyncRun.exec(CompletableFuture.java:1796) ~[?:?]
	at java.util.concurrent.ForkJoinTask.doExec(ForkJoinTask.java:373) ~[?:?]
	at java.util.concurrent.ForkJoinPool$WorkQueue.topLevelExec(ForkJoinPool.java:1182) ~[?:?]
	at java.util.concurrent.ForkJoinPool.scan(ForkJoinPool.java:1655) ~[?:?]
	at java.util.concurrent.ForkJoinPool.runWorker(ForkJoinPool.java:1622) ~[?:?]
	at java.util.concurrent.ForkJoinWorkerThread.run(ForkJoinWorkerThread.java:165) ~[?:?]
[16Feb2026 16:57:56.521] [Worker-Main-2/ERROR] [net.minecraftforge.common.ForgeHooks/]: Couldn't parse element loot_tables:adorn:blocks/cobblemon/apricorn_platform
com.google.gson.JsonSyntaxException: Expected name to be an item, was unknown string 'adorn:cobblemon/apricorn_platform'
	at net.minecraft.util.GsonHelper.m_13866_(GsonHelper.java:145) ~[server-1.20.1-20230612.114412-srg.jar%23203!/:?]
	at java.util.Optional.orElseThrow(Optional.java:403) ~[?:?]
	at net.minecraft.util.GsonHelper.m_13874_(GsonHelper.java:145) ~[server-1.20.1-20230612.114412-srg.jar%23203!/:?]
	at net.minecraft.util.GsonHelper.m_13909_(GsonHelper.java:153) ~[server-1.20.1-20230612.114412-srg.jar%23203!/:?]
	at net.minecraft.world.level.storage.loot.entries.LootItem$Serializer.m_7267_(LootItem.java:55) ~[server-1.20.1-20230612.114412-srg.jar%23203!/:?]
	at net.minecraft.world.level.storage.loot.entries.LootItem$Serializer.m_7267_(LootItem.java:40) ~[server-1.20.1-20230612.114412-srg.jar%23203!/:?]
	at net.minecraft.world.level.storage.loot.entries.LootPoolSingletonContainer$Serializer.m_5921_(LootPoolSingletonContainer.java:151) ~[server-1.20.1-20230612.114412-srg.jar%23203!/:?]
	at net.minecraft.world.level.storage.loot.entries.LootPoolSingletonContainer$Serializer.m_5921_(LootPoolSingletonContainer.java:129) ~[server-1.20.1-20230612.114412-srg.jar%23203!/:?]
	at net.minecraft.world.level.storage.loot.entries.LootPoolEntryContainer$Serializer.m_7561_(LootPoolEntryContainer.java:86) ~[server-1.20.1-20230612.114412-srg.jar%23203!/:?]
	at net.minecraft.world.level.storage.loot.entries.LootPoolEntryContainer$Serializer.m_7561_(LootPoolEntryContainer.java:74) ~[server-1.20.1-20230612.114412-srg.jar%23203!/:?]
	at net.minecraft.world.level.storage.loot.GsonAdapterFactory$JsonAdapter.deserialize(GsonAdapterFactory.java:102) ~[server-1.20.1-20230612.114412-srg.jar%23203!/:?]
	at com.google.gson.internal.bind.TreeTypeAdapter.read(TreeTypeAdapter.java:76) ~[gson-2.10.jar%2372!/:?]
	at com.google.gson.internal.bind.TypeAdapterRuntimeTypeWrapper.read(TypeAdapterRuntimeTypeWrapper.java:40) ~[gson-2.10.jar%2372!/:?]
	at com.google.gson.internal.bind.ArrayTypeAdapter.read(ArrayTypeAdapter.java:72) ~[gson-2.10.jar%2372!/:?]
	at com.google.gson.Gson.fromJson(Gson.java:1214) ~[gson-2.10.jar%2372!/:?]
	at com.google.gson.Gson.fromJson(Gson.java:1319) ~[gson-2.10.jar%2372!/:?]
	at com.google.gson.Gson.fromJson(Gson.java:1290) ~[gson-2.10.jar%2372!/:?]
	at com.google.gson.internal.bind.TreeTypeAdapter$GsonContextImpl.deserialize(TreeTypeAdapter.java:179) ~[gson-2.10.jar%2372!/:?]
	at net.minecraft.util.GsonHelper.m_13808_(GsonHelper.java:463) ~[server-1.20.1-20230612.114412-srg.jar%23203!/:?]
	at net.minecraft.util.GsonHelper.m_13836_(GsonHelper.java:471) ~[server-1.20.1-20230612.114412-srg.jar%23203!/:?]
	at net.minecraft.world.level.storage.loot.LootPool$Serializer.deserialize(LootPool.java:192) ~[server-1.20.1-20230612.114412-srg.jar%23203!/:?]
	at net.minecraft.world.level.storage.loot.LootPool$Serializer.deserialize(LootPool.java:189) ~[server-1.20.1-20230612.114412-srg.jar%23203!/:?]
	at com.google.gson.internal.bind.TreeTypeAdapter.read(TreeTypeAdapter.java:76) ~[gson-2.10.jar%2372!/:?]
	at com.google.gson.internal.bind.TypeAdapterRuntimeTypeWrapper.read(TypeAdapterRuntimeTypeWrapper.java:40) ~[gson-2.10.jar%2372!/:?]
	at com.google.gson.internal.bind.ArrayTypeAdapter.read(ArrayTypeAdapter.java:72) ~[gson-2.10.jar%2372!/:?]
	at com.google.gson.Gson.fromJson(Gson.java:1214) ~[gson-2.10.jar%2372!/:?]
	at com.google.gson.Gson.fromJson(Gson.java:1319) ~[gson-2.10.jar%2372!/:?]
	at com.google.gson.Gson.fromJson(Gson.java:1290) ~[gson-2.10.jar%2372!/:?]
	at com.google.gson.internal.bind.TreeTypeAdapter$GsonContextImpl.deserialize(TreeTypeAdapter.java:179) ~[gson-2.10.jar%2372!/:?]
	at net.minecraft.util.GsonHelper.m_13808_(GsonHelper.java:463) ~[server-1.20.1-20230612.114412-srg.jar%23203!/:?]
	at net.minecraft.util.GsonHelper.m_13845_(GsonHelper.java:481) ~[server-1.20.1-20230612.114412-srg.jar%23203!/:?]
	at net.minecraft.world.level.storage.loot.LootTable$Serializer.deserialize(LootTable.java:294) ~[server-1.20.1-20230612.114412-srg.jar%23203!/:?]
	at net.minecraft.world.level.storage.loot.LootTable$Serializer.deserialize(LootTable.java:291) ~[server-1.20.1-20230612.114412-srg.jar%23203!/:?]
	at com.google.gson.internal.bind.TreeTypeAdapter.read(TreeTypeAdapter.java:76) ~[gson-2.10.jar%2372!/:?]
	at com.google.gson.Gson.fromJson(Gson.java:1214) ~[gson-2.10.jar%2372!/:?]
	at com.google.gson.Gson.fromJson(Gson.java:1319) ~[gson-2.10.jar%2372!/:?]
	at com.google.gson.Gson.fromJson(Gson.java:1261) ~[gson-2.10.jar%2372!/:?]
	at net.minecraftforge.common.ForgeHooks.loadLootTable(ForgeHooks.java:872) ~[forge-1.20.1-47.4.10-universal.jar%23208!/:?]
	at net.minecraftforge.common.ForgeHooks.lambda$getLootTableDeserializer$3(ForgeHooks.java:849) ~[forge-1.20.1-47.4.10-universal.jar%23208!/:?]
	at net.minecraft.world.level.storage.loot.LootDataType.deserialize(LootDataType.java:45) ~[server-1.20.1-20230612.114412-srg.jar%23203!/:?]
	at net.minecraft.world.level.storage.loot.LootDataManager.lambda$scheduleElementParse$4(LootDataManager.java:56) ~[server-1.20.1-20230612.114412-srg.jar%23203!/:?]
	at net.minecraft.world.level.storage.loot.LootDataManager.md8fbb72$lambda$cobblemon$supportICondition$0$0(LootDataManager.java:544) ~[server-1.20.1-20230612.114412-srg.jar%23203!/:?]
	at java.util.HashMap.forEach(HashMap.java:1421) ~[?:?]
	at net.minecraft.world.level.storage.loot.LootDataManager.redirect$zda000$cobblemon$supportICondition(LootDataManager.java:534) ~[server-1.20.1-20230612.114412-srg.jar%23203!/:?]
	at net.minecraft.world.level.storage.loot.LootDataManager.m_278660_(LootDataManager.java:55) ~[server-1.20.1-20230612.114412-srg.jar%23203!/:?]
	at java.util.concurrent.CompletableFuture$AsyncRun.run(CompletableFuture.java:1804) ~[?:?]
	at java.util.concurrent.CompletableFuture$AsyncRun.exec(CompletableFuture.java:1796) ~[?:?]
	at java.util.concurrent.ForkJoinTask.doExec(ForkJoinTask.java:373) ~[?:?]
	at java.util.concurrent.ForkJoinPool$WorkQueue.topLevelExec(ForkJoinPool.java:1182) ~[?:?]
	at java.util.concurrent.ForkJoinPool.scan(ForkJoinPool.java:1655) ~[?:?]
	at java.util.concurrent.ForkJoinPool.runWorker(ForkJoinPool.java:1622) ~[?:?]
	at java.util.concurrent.ForkJoinWorkerThread.run(ForkJoinWorkerThread.java:165) ~[?:?]
[16Feb2026 16:57:56.524] [Worker-Main-2/ERROR] [net.minecraftforge.common.ForgeHooks/]: Couldn't parse element loot_tables:adorn:blocks/cobblemon/apricorn_bench
com.google.gson.JsonSyntaxException: Expected name to be an item, was unknown string 'adorn:cobblemon/apricorn_bench'
	at net.minecraft.util.GsonHelper.m_13866_(GsonHelper.java:145) ~[server-1.20.1-20230612.114412-srg.jar%23203!/:?]
	at java.util.Optional.orElseThrow(Optional.java:403) ~[?:?]
	at net.minecraft.util.GsonHelper.m_13874_(GsonHelper.java:145) ~[server-1.20.1-20230612.114412-srg.jar%23203!/:?]
	at net.minecraft.util.GsonHelper.m_13909_(GsonHelper.java:153) ~[server-1.20.1-20230612.114412-srg.jar%23203!/:?]
	at net.minecraft.world.level.storage.loot.entries.LootItem$Serializer.m_7267_(LootItem.java:55) ~[server-1.20.1-20230612.114412-srg.jar%23203!/:?]
	at net.minecraft.world.level.storage.loot.entries.LootItem$Serializer.m_7267_(LootItem.java:40) ~[server-1.20.1-20230612.114412-srg.jar%23203!/:?]
	at net.minecraft.world.level.storage.loot.entries.LootPoolSingletonContainer$Serializer.m_5921_(LootPoolSingletonContainer.java:151) ~[server-1.20.1-20230612.114412-srg.jar%23203!/:?]
	at net.minecraft.world.level.storage.loot.entries.LootPoolSingletonContainer$Serializer.m_5921_(LootPoolSingletonContainer.java:129) ~[server-1.20.1-20230612.114412-srg.jar%23203!/:?]
	at net.minecraft.world.level.storage.loot.entries.LootPoolEntryContainer$Serializer.m_7561_(LootPoolEntryContainer.java:86) ~[server-1.20.1-20230612.114412-srg.jar%23203!/:?]
	at net.minecraft.world.level.storage.loot.entries.LootPoolEntryContainer$Serializer.m_7561_(LootPoolEntryContainer.java:74) ~[server-1.20.1-20230612.114412-srg.jar%23203!/:?]
	at net.minecraft.world.level.storage.loot.GsonAdapterFactory$JsonAdapter.deserialize(GsonAdapterFactory.java:102) ~[server-1.20.1-20230612.114412-srg.jar%23203!/:?]
	at com.google.gson.internal.bind.TreeTypeAdapter.read(TreeTypeAdapter.java:76) ~[gson-2.10.jar%2372!/:?]
	at com.google.gson.internal.bind.TypeAdapterRuntimeTypeWrapper.read(TypeAdapterRuntimeTypeWrapper.java:40) ~[gson-2.10.jar%2372!/:?]
	at com.google.gson.internal.bind.ArrayTypeAdapter.read(ArrayTypeAdapter.java:72) ~[gson-2.10.jar%2372!/:?]
	at com.google.gson.Gson.fromJson(Gson.java:1214) ~[gson-2.10.jar%2372!/:?]
	at com.google.gson.Gson.fromJson(Gson.java:1319) ~[gson-2.10.jar%2372!/:?]
	at com.google.gson.Gson.fromJson(Gson.java:1290) ~[gson-2.10.jar%2372!/:?]
	at com.google.gson.internal.bind.TreeTypeAdapter$GsonContextImpl.deserialize(TreeTypeAdapter.java:179) ~[gson-2.10.jar%2372!/:?]
	at net.minecraft.util.GsonHelper.m_13808_(GsonHelper.java:463) ~[server-1.20.1-20230612.114412-srg.jar%23203!/:?]
	at net.minecraft.util.GsonHelper.m_13836_(GsonHelper.java:471) ~[server-1.20.1-20230612.114412-srg.jar%23203!/:?]
	at net.minecraft.world.level.storage.loot.LootPool$Serializer.deserialize(LootPool.java:192) ~[server-1.20.1-20230612.114412-srg.jar%23203!/:?]
	at net.minecraft.world.level.storage.loot.LootPool$Serializer.deserialize(LootPool.java:189) ~[server-1.20.1-20230612.114412-srg.jar%23203!/:?]
	at com.google.gson.internal.bind.TreeTypeAdapter.read(TreeTypeAdapter.java:76) ~[gson-2.10.jar%2372!/:?]
	at com.google.gson.internal.bind.TypeAdapterRuntimeTypeWrapper.read(TypeAdapterRuntimeTypeWrapper.java:40) ~[gson-2.10.jar%2372!/:?]
	at com.google.gson.internal.bind.ArrayTypeAdapter.read(ArrayTypeAdapter.java:72) ~[gson-2.10.jar%2372!/:?]
	at com.google.gson.Gson.fromJson(Gson.java:1214) ~[gson-2.10.jar%2372!/:?]
	at com.google.gson.Gson.fromJson(Gson.java:1319) ~[gson-2.10.jar%2372!/:?]
	at com.google.gson.Gson.fromJson(Gson.java:1290) ~[gson-2.10.jar%2372!/:?]
	at com.google.gson.internal.bind.TreeTypeAdapter$GsonContextImpl.deserialize(TreeTypeAdapter.java:179) ~[gson-2.10.jar%2372!/:?]
	at net.minecraft.util.GsonHelper.m_13808_(GsonHelper.java:463) ~[server-1.20.1-20230612.114412-srg.jar%23203!/:?]
	at net.minecraft.util.GsonHelper.m_13845_(GsonHelper.java:481) ~[server-1.20.1-20230612.114412-srg.jar%23203!/:?]
	at net.minecraft.world.level.storage.loot.LootTable$Serializer.deserialize(LootTable.java:294) ~[server-1.20.1-20230612.114412-srg.jar%23203!/:?]
	at net.minecraft.world.level.storage.loot.LootTable$Serializer.deserialize(LootTable.java:291) ~[server-1.20.1-20230612.114412-srg.jar%23203!/:?]
	at com.google.gson.internal.bind.TreeTypeAdapter.read(TreeTypeAdapter.java:76) ~[gson-2.10.jar%2372!/:?]
	at com.google.gson.Gson.fromJson(Gson.java:1214) ~[gson-2.10.jar%2372!/:?]
	at com.google.gson.Gson.fromJson(Gson.java:1319) ~[gson-2.10.jar%2372!/:?]
	at com.google.gson.Gson.fromJson(Gson.java:1261) ~[gson-2.10.jar%2372!/:?]
	at net.minecraftforge.common.ForgeHooks.loadLootTable(ForgeHooks.java:872) ~[forge-1.20.1-47.4.10-universal.jar%23208!/:?]
	at net.minecraftforge.common.ForgeHooks.lambda$getLootTableDeserializer$3(ForgeHooks.java:849) ~[forge-1.20.1-47.4.10-universal.jar%23208!/:?]
	at net.minecraft.world.level.storage.loot.LootDataType.deserialize(LootDataType.java:45) ~[server-1.20.1-20230612.114412-srg.jar%23203!/:?]
	at net.minecraft.world.level.storage.loot.LootDataManager.lambda$scheduleElementParse$4(LootDataManager.java:56) ~[server-1.20.1-20230612.114412-srg.jar%23203!/:?]
	at net.minecraft.world.level.storage.loot.LootDataManager.md8fbb72$lambda$cobblemon$supportICondition$0$0(LootDataManager.java:544) ~[server-1.20.1-20230612.114412-srg.jar%23203!/:?]
	at java.util.HashMap.forEach(HashMap.java:1421) ~[?:?]
	at net.minecraft.world.level.storage.loot.LootDataManager.redirect$zda000$cobblemon$supportICondition(LootDataManager.java:534) ~[server-1.20.1-20230612.114412-srg.jar%23203!/:?]
	at net.minecraft.world.level.storage.loot.LootDataManager.m_278660_(LootDataManager.java:55) ~[server-1.20.1-20230612.114412-srg.jar%23203!/:?]
	at java.util.concurrent.CompletableFuture$AsyncRun.run(CompletableFuture.java:1804) ~[?:?]
	at java.util.concurrent.CompletableFuture$AsyncRun.exec(CompletableFuture.java:1796) ~[?:?]
	at java.util.concurrent.ForkJoinTask.doExec(ForkJoinTask.java:373) ~[?:?]
	at java.util.concurrent.ForkJoinPool$WorkQueue.topLevelExec(ForkJoinPool.java:1182) ~[?:?]
	at java.util.concurrent.ForkJoinPool.scan(ForkJoinPool.java:1655) ~[?:?]
	at java.util.concurrent.ForkJoinPool.runWorker(ForkJoinPool.java:1622) ~[?:?]
	at java.util.concurrent.ForkJoinWorkerThread.run(ForkJoinWorkerThread.java:165) ~[?:?]
[16Feb2026 16:57:56.563] [Worker-Main-2/ERROR] [net.minecraftforge.common.ForgeHooks/]: Couldn't parse element loot_tables:adorn:blocks/cobblemon/apricorn_post
com.google.gson.JsonSyntaxException: Expected name to be an item, was unknown string 'adorn:cobblemon/apricorn_post'
	at net.minecraft.util.GsonHelper.m_13866_(GsonHelper.java:145) ~[server-1.20.1-20230612.114412-srg.jar%23203!/:?]
	at java.util.Optional.orElseThrow(Optional.java:403) ~[?:?]
	at net.minecraft.util.GsonHelper.m_13874_(GsonHelper.java:145) ~[server-1.20.1-20230612.114412-srg.jar%23203!/:?]
	at net.minecraft.util.GsonHelper.m_13909_(GsonHelper.java:153) ~[server-1.20.1-20230612.114412-srg.jar%23203!/:?]
	at net.minecraft.world.level.storage.loot.entries.LootItem$Serializer.m_7267_(LootItem.java:55) ~[server-1.20.1-20230612.114412-srg.jar%23203!/:?]
	at net.minecraft.world.level.storage.loot.entries.LootItem$Serializer.m_7267_(LootItem.java:40) ~[server-1.20.1-20230612.114412-srg.jar%23203!/:?]
	at net.minecraft.world.level.storage.loot.entries.LootPoolSingletonContainer$Serializer.m_5921_(LootPoolSingletonContainer.java:151) ~[server-1.20.1-20230612.114412-srg.jar%23203!/:?]
	at net.minecraft.world.level.storage.loot.entries.LootPoolSingletonContainer$Serializer.m_5921_(LootPoolSingletonContainer.java:129) ~[server-1.20.1-20230612.114412-srg.jar%23203!/:?]
	at net.minecraft.world.level.storage.loot.entries.LootPoolEntryContainer$Serializer.m_7561_(LootPoolEntryContainer.java:86) ~[server-1.20.1-20230612.114412-srg.jar%23203!/:?]
	at net.minecraft.world.level.storage.loot.entries.LootPoolEntryContainer$Serializer.m_7561_(LootPoolEntryContainer.java:74) ~[server-1.20.1-20230612.114412-srg.jar%23203!/:?]
	at net.minecraft.world.level.storage.loot.GsonAdapterFactory$JsonAdapter.deserialize(GsonAdapterFactory.java:102) ~[server-1.20.1-20230612.114412-srg.jar%23203!/:?]
	at com.google.gson.internal.bind.TreeTypeAdapter.read(TreeTypeAdapter.java:76) ~[gson-2.10.jar%2372!/:?]
	at com.google.gson.internal.bind.TypeAdapterRuntimeTypeWrapper.read(TypeAdapterRuntimeTypeWrapper.java:40) ~[gson-2.10.jar%2372!/:?]
	at com.google.gson.internal.bind.ArrayTypeAdapter.read(ArrayTypeAdapter.java:72) ~[gson-2.10.jar%2372!/:?]
	at com.google.gson.Gson.fromJson(Gson.java:1214) ~[gson-2.10.jar%2372!/:?]
	at com.google.gson.Gson.fromJson(Gson.java:1319) ~[gson-2.10.jar%2372!/:?]
	at com.google.gson.Gson.fromJson(Gson.java:1290) ~[gson-2.10.jar%2372!/:?]
	at com.google.gson.internal.bind.TreeTypeAdapter$GsonContextImpl.deserialize(TreeTypeAdapter.java:179) ~[gson-2.10.jar%2372!/:?]
	at net.minecraft.util.GsonHelper.m_13808_(GsonHelper.java:463) ~[server-1.20.1-20230612.114412-srg.jar%23203!/:?]
	at net.minecraft.util.GsonHelper.m_13836_(GsonHelper.java:471) ~[server-1.20.1-20230612.114412-srg.jar%23203!/:?]
	at net.minecraft.world.level.storage.loot.LootPool$Serializer.deserialize(LootPool.java:192) ~[server-1.20.1-20230612.114412-srg.jar%23203!/:?]
	at net.minecraft.world.level.storage.loot.LootPool$Serializer.deserialize(LootPool.java:189) ~[server-1.20.1-20230612.114412-srg.jar%23203!/:?]
	at com.google.gson.internal.bind.TreeTypeAdapter.read(TreeTypeAdapter.java:76) ~[gson-2.10.jar%2372!/:?]
	at com.google.gson.internal.bind.TypeAdapterRuntimeTypeWrapper.read(TypeAdapterRuntimeTypeWrapper.java:40) ~[gson-2.10.jar%2372!/:?]
	at com.google.gson.internal.bind.ArrayTypeAdapter.read(ArrayTypeAdapter.java:72) ~[gson-2.10.jar%2372!/:?]
	at com.google.gson.Gson.fromJson(Gson.java:1214) ~[gson-2.10.jar%2372!/:?]
	at com.google.gson.Gson.fromJson(Gson.java:1319) ~[gson-2.10.jar%2372!/:?]
	at com.google.gson.Gson.fromJson(Gson.java:1290) ~[gson-2.10.jar%2372!/:?]
	at com.google.gson.internal.bind.TreeTypeAdapter$GsonContextImpl.deserialize(TreeTypeAdapter.java:179) ~[gson-2.10.jar%2372!/:?]
	at net.minecraft.util.GsonHelper.m_13808_(GsonHelper.java:463) ~[server-1.20.1-20230612.114412-srg.jar%23203!/:?]
	at net.minecraft.util.GsonHelper.m_13845_(GsonHelper.java:481) ~[server-1.20.1-20230612.114412-srg.jar%23203!/:?]
	at net.minecraft.world.level.storage.loot.LootTable$Serializer.deserialize(LootTable.java:294) ~[server-1.20.1-20230612.114412-srg.jar%23203!/:?]
	at net.minecraft.world.level.storage.loot.LootTable$Serializer.deserialize(LootTable.java:291) ~[server-1.20.1-20230612.114412-srg.jar%23203!/:?]
	at com.google.gson.internal.bind.TreeTypeAdapter.read(TreeTypeAdapter.java:76) ~[gson-2.10.jar%2372!/:?]
	at com.google.gson.Gson.fromJson(Gson.java:1214) ~[gson-2.10.jar%2372!/:?]
	at com.google.gson.Gson.fromJson(Gson.java:1319) ~[gson-2.10.jar%2372!/:?]
	at com.google.gson.Gson.fromJson(Gson.java:1261) ~[gson-2.10.jar%2372!/:?]
	at net.minecraftforge.common.ForgeHooks.loadLootTable(ForgeHooks.java:872) ~[forge-1.20.1-47.4.10-universal.jar%23208!/:?]
	at net.minecraftforge.common.ForgeHooks.lambda$getLootTableDeserializer$3(ForgeHooks.java:849) ~[forge-1.20.1-47.4.10-universal.jar%23208!/:?]
	at net.minecraft.world.level.storage.loot.LootDataType.deserialize(LootDataType.java:45) ~[server-1.20.1-20230612.114412-srg.jar%23203!/:?]
	at net.minecraft.world.level.storage.loot.LootDataManager.lambda$scheduleElementParse$4(LootDataManager.java:56) ~[server-1.20.1-20230612.114412-srg.jar%23203!/:?]
	at net.minecraft.world.level.storage.loot.LootDataManager.md8fbb72$lambda$cobblemon$supportICondition$0$0(LootDataManager.java:544) ~[server-1.20.1-20230612.114412-srg.jar%23203!/:?]
	at java.util.HashMap.forEach(HashMap.java:1421) ~[?:?]
	at net.minecraft.world.level.storage.loot.LootDataManager.redirect$zda000$cobblemon$supportICondition(LootDataManager.java:534) ~[server-1.20.1-20230612.114412-srg.jar%23203!/:?]
	at net.minecraft.world.level.storage.loot.LootDataManager.m_278660_(LootDataManager.java:55) ~[server-1.20.1-20230612.114412-srg.jar%23203!/:?]
	at java.util.concurrent.CompletableFuture$AsyncRun.run(CompletableFuture.java:1804) ~[?:?]
	at java.util.concurrent.CompletableFuture$AsyncRun.exec(CompletableFuture.java:1796) ~[?:?]
	at java.util.concurrent.ForkJoinTask.doExec(ForkJoinTask.java:373) ~[?:?]
	at java.util.concurrent.ForkJoinPool$WorkQueue.topLevelExec(ForkJoinPool.java:1182) ~[?:?]
	at java.util.concurrent.ForkJoinPool.scan(ForkJoinPool.java:1655) ~[?:?]
	at java.util.concurrent.ForkJoinPool.runWorker(ForkJoinPool.java:1622) ~[?:?]
	at java.util.concurrent.ForkJoinWorkerThread.run(ForkJoinWorkerThread.java:165) ~[?:?]
[16Feb2026 16:57:56.699] [main/INFO] [net.minecraft.world.item.crafting.RecipeManager/]: Loaded 7 recipes
[16Feb2026 16:57:56.808] [main/ERROR] [net.minecraft.server.ServerAdvancementManager/]: Parsing error loading custom advancement beautify:progression/candelabra: Expected item to be an item, was unknown string 'beautify:lamp_candleabra'
[16Feb2026 16:57:56.827] [main/INFO] [net.minecraft.advancements.AdvancementList/]: Loaded 2067 advancements
[16Feb2026 16:57:56.829] [main/INFO] [com.scouter.cobbleoutbreaks.data.OutbreaksJsonDataManager/]: Beginning loading of data for data loader: outbreaks
[16Feb2026 16:57:56.839] [main/INFO] [com.scouter.cobbleoutbreaks.data.OutbreaksJsonDataManager/]: Data loader for outbreaks loaded 52 jsons
[16Feb2026 16:57:56.848] [main/INFO] [top.theillusivec4.curios.Curios/]: Loaded 10 curio slots
[16Feb2026 16:57:56.852] [main/INFO] [top.theillusivec4.curios.Curios/]: Loaded 1 curio entities
[16Feb2026 16:58:01.390] [main/ERROR] [com.cobblemon.mod.common.Cobblemon/]: Caught exception trying to resolve the move 'acesplay'
java.util.NoSuchElementException: Collection contains no element matching the predicate.
	at com.cobblemon.mod.common.api.moves.categories.DamageCategories.getOrException(DamageCategories.java:68) ~[Cobblemon-forge-1.5.2+1.20.1.jar%23166!/:?]
	at com.cobblemon.mod.common.api.moves.Moves.reload(Moves.java:51) ~[Cobblemon-forge-1.5.2+1.20.1.jar%23166!/:?]
	at com.cobblemon.mod.common.data.CobblemonDataProvider$SimpleResourceReloader.m_6213_(CobblemonDataProvider.java:129) ~[Cobblemon-forge-1.5.2+1.20.1.jar%23166!/:?]
	at net.minecraft.server.packs.resources.ResourceManagerReloadListener.m_10759_(ResourceManagerReloadListener.java:15) ~[server-1.20.1-20230612.114412-srg.jar%23203!/:?]
	at java.util.concurrent.CompletableFuture$UniRun.tryFire(CompletableFuture.java:787) ~[?:?]
	at java.util.concurrent.CompletableFuture$Completion.run(CompletableFuture.java:482) ~[?:?]
	at net.minecraft.server.packs.resources.SimpleReloadInstance.m_143940_(SimpleReloadInstance.java:69) ~[server-1.20.1-20230612.114412-srg.jar%23203!/:?]
	at net.minecraft.Util.m_214652_(Util.java:783) ~[server-1.20.1-20230612.114412-srg.jar%23203!/:?]
	at net.minecraft.Util.m_214679_(Util.java:772) ~[server-1.20.1-20230612.114412-srg.jar%23203!/:?]
	at net.minecraft.server.Main.main(Main.java:166) ~[server-1.20.1-20230612.114412-srg.jar%23203!/:?]
	at jdk.internal.reflect.NativeMethodAccessorImpl.invoke0(Native Method) ~[?:?]
	at jdk.internal.reflect.NativeMethodAccessorImpl.invoke(NativeMethodAccessorImpl.java:77) ~[?:?]
	at jdk.internal.reflect.DelegatingMethodAccessorImpl.invoke(DelegatingMethodAccessorImpl.java:43) ~[?:?]
	at java.lang.reflect.Method.invoke(Method.java:569) ~[?:?]
	at net.minecraftforge.fml.loading.targets.CommonLaunchHandler.runTarget(CommonLaunchHandler.java:111) ~[fmlloader-1.20.1-47.4.10.jar%2369!/:?]
	at net.minecraftforge.fml.loading.targets.CommonLaunchHandler.serverService(CommonLaunchHandler.java:103) ~[fmlloader-1.20.1-47.4.10.jar%2369!/:?]
	at net.minecraftforge.fml.loading.targets.CommonServerLaunchHandler.lambda$makeService$0(CommonServerLaunchHandler.java:27) ~[fmlloader-1.20.1-47.4.10.jar%2369!/:?]
	at cpw.mods.modlauncher.LaunchServiceHandlerDecorator.launch(LaunchServiceHandlerDecorator.java:30) ~[modlauncher-10.0.9.jar%2355!/:?]
	at cpw.mods.modlauncher.LaunchServiceHandler.launch(LaunchServiceHandler.java:53) ~[modlauncher-10.0.9.jar%2355!/:?]
	at cpw.mods.modlauncher.LaunchServiceHandler.launch(LaunchServiceHandler.java:71) ~[modlauncher-10.0.9.jar%2355!/:?]
	at cpw.mods.modlauncher.Launcher.run(Launcher.java:108) ~[modlauncher-10.0.9.jar%2355!/:?]
	at cpw.mods.modlauncher.Launcher.main(Launcher.java:78) ~[modlauncher-10.0.9.jar%2355!/:?]
	at cpw.mods.modlauncher.BootstrapLaunchConsumer.accept(BootstrapLaunchConsumer.java:26) ~[modlauncher-10.0.9.jar%2355!/:?]
	at cpw.mods.modlauncher.BootstrapLaunchConsumer.accept(BootstrapLaunchConsumer.java:23) ~[modlauncher-10.0.9.jar%2355!/:?]
	at cpw.mods.bootstraplauncher.BootstrapLauncher.main(BootstrapLauncher.java:141) ~[bootstraplauncher-1.1.2.jar:?]
[16Feb2026 16:58:01.410] [main/INFO] [com.cobblemon.mod.common.Cobblemon/]: Loaded 1378 moves
[16Feb2026 16:58:01.579] [main/INFO] [com.cobblemon.mod.common.Cobblemon/]: Loaded 479 abilities
[16Feb2026 16:58:01.880] [main/INFO] [com.cobblemon.mod.common.Cobblemon/]: Finished additions
[16Feb2026 16:58:02.806] [main/INFO] [com.cobblemon.mod.common.Cobblemon/]: Imported 244 held item IDs from showdown
[16Feb2026 16:58:02.806] [main/INFO] [com.cobblemon.mod.common.Cobblemon/]: Loaded 1133 Pokémon species
[16Feb2026 16:58:02.873] [main/INFO] [com.cobblemon.mod.common.Cobblemon/]: Loaded 43 spawn detail presets.
[16Feb2026 16:58:02.887] [main/INFO] [com.cobblemon.mod.common.Cobblemon/]: Starting dummy Showdown battle to force it to pre-load data.
[16Feb2026 16:58:03.107] [main/INFO] [com.cobblemon.mod.common.Cobblemon/]: Loaded 16 fossils
[16Feb2026 16:58:03.827] [main/ERROR] [com.cobblemon.mod.common.Cobblemon/]: Unknown preset name: underground.
[16Feb2026 16:58:03.829] [main/ERROR] [com.cobblemon.mod.common.Cobblemon/]: Unknown preset name: underground.
[16Feb2026 16:58:04.482] [main/INFO] [com.cobblemon.mod.common.Cobblemon/]: Loaded 69 berries
[16Feb2026 16:58:05.256] [Server thread/INFO] [net.minecraft.server.dedicated.DedicatedServer/]: Starting minecraft server version 1.20.1
[16Feb2026 16:58:05.257] [Server thread/INFO] [net.minecraft.server.dedicated.DedicatedServer/]: Loading properties
[16Feb2026 16:58:05.257] [Server thread/INFO] [net.minecraft.server.dedicated.DedicatedServer/]: Default game type: SURVIVAL
[16Feb2026 16:58:05.257] [Server thread/INFO] [net.minecraft.server.MinecraftServer/]: Generating keypair
[16Feb2026 16:58:05.342] [Server thread/INFO] [net.minecraft.server.dedicated.DedicatedServer/]: Starting Minecraft server on *:25565
[16Feb2026 16:58:05.371] [Server thread/INFO] [net.minecraft.server.network.ServerConnectionListener/]: Using epoll channel type
[16Feb2026 16:58:05.481] [Server thread/WARN] [net.minecraft.server.dedicated.DedicatedServer/]: **** SERVER IS RUNNING IN OFFLINE/INSECURE MODE!
[16Feb2026 16:58:05.481] [Server thread/WARN] [net.minecraft.server.dedicated.DedicatedServer/]: The server will make no attempt to authenticate usernames. Beware.
[16Feb2026 16:58:05.481] [Server thread/WARN] [net.minecraft.server.dedicated.DedicatedServer/]: While this makes the game possible to play without internet access, it also opens up the ability for hackers to connect with any username they choose.
[16Feb2026 16:58:05.481] [Server thread/WARN] [net.minecraft.server.dedicated.DedicatedServer/]: To change this, set "online-mode" to "true" in the server.properties file.
[16Feb2026 16:58:05.500] [Server thread/INFO] [journeymap/]: Loading JourneyMap Forge Configs
[16Feb2026 16:58:05.500] [Thread-1/INFO] [journeymap/]: Loading JourneyMap Forge Configs
[16Feb2026 16:58:05.501] [Thread-1/INFO] [journeymap/]: Loading JourneyMap Forge Configs
[16Feb2026 16:58:05.558] [Server thread/INFO] [FTB Teams/]: loaded team data: 2 known players, 2 teams total
[16Feb2026 16:58:05.584] [Server thread/INFO] [dev.zanckor.cobblemonrider.CobblemonRider/]: Cobblemon pokemon ride config file already exists at /workspaces/RPG_minecraft/servidor_minecraft/./world/./serverconfig/pokemonRideConfig.json
[16Feb2026 16:58:05.612] [Server thread/INFO] [terrablender/]: Initialized TerraBlender biomes for level stem minecraft:the_nether
[16Feb2026 16:58:05.978] [Server thread/INFO] [terrablender/]: Initialized TerraBlender biomes for level stem minecraft:overworld
[16Feb2026 16:58:05.979] [Server thread/INFO] [net.minecraft.server.dedicated.DedicatedServer/]: Preparing level "world"
[16Feb2026 16:58:11.583] [Server thread/INFO] [net.minecraft.server.MinecraftServer/]: Preparing start region for dimension minecraft:overworld
[16Feb2026 16:58:15.685] [Worker-Main-2/INFO] [net.minecraft.server.level.progress.LoggerChunkProgressListener/]: Preparing spawn area: 0%
[16Feb2026 16:58:15.725] [Worker-Main-1/INFO] [net.minecraft.server.level.progress.LoggerChunkProgressListener/]: Preparing spawn area: 0%
[16Feb2026 16:58:15.737] [Worker-Main-2/INFO] [net.minecraft.server.level.progress.LoggerChunkProgressListener/]: Preparing spawn area: 0%
[16Feb2026 16:58:15.748] [Worker-Main-2/INFO] [net.minecraft.server.level.progress.LoggerChunkProgressListener/]: Preparing spawn area: 0%
[16Feb2026 16:58:15.760] [Worker-Main-2/INFO] [net.minecraft.server.level.progress.LoggerChunkProgressListener/]: Preparing spawn area: 0%
[16Feb2026 16:58:15.771] [Worker-Main-2/INFO] [net.minecraft.server.level.progress.LoggerChunkProgressListener/]: Preparing spawn area: 0%
[16Feb2026 16:58:15.781] [Worker-Main-3/INFO] [net.minecraft.server.level.progress.LoggerChunkProgressListener/]: Preparing spawn area: 0%
[16Feb2026 16:58:15.794] [Worker-Main-2/INFO] [net.minecraft.server.level.progress.LoggerChunkProgressListener/]: Preparing spawn area: 0%
[16Feb2026 16:58:15.826] [Worker-Main-1/INFO] [net.minecraft.server.level.progress.LoggerChunkProgressListener/]: Preparing spawn area: 0%
[16Feb2026 16:58:16.112] [Worker-Main-2/INFO] [net.minecraft.server.level.progress.LoggerChunkProgressListener/]: Preparing spawn area: 0%
[16Feb2026 16:58:16.585] [Worker-Main-1/INFO] [net.minecraft.server.level.progress.LoggerChunkProgressListener/]: Preparing spawn area: 1%
[16Feb2026 16:58:17.085] [Worker-Main-3/INFO] [net.minecraft.server.level.progress.LoggerChunkProgressListener/]: Preparing spawn area: 56%
[16Feb2026 16:58:17.337] [Server thread/INFO] [net.minecraft.server.level.progress.LoggerChunkProgressListener/]: Time elapsed: 5753 ms
[16Feb2026 16:58:17.338] [Server thread/INFO] [net.minecraft.server.dedicated.DedicatedServer/]: Done (11.842s)! For help, type "help"
[16Feb2026 16:58:17.409] [Server thread/INFO] [com.cobblemon.mod.common.Cobblemon/]: Starting Forge permission node registry
[16Feb2026 16:58:17.413] [Server thread/INFO] [net.minecraftforge.server.permission.PermissionAPI/]: Successfully initialized permission handler forge:default_handler
[16Feb2026 16:58:17.414] [Server thread/INFO] [com.selfdot.cobblemontrainers.libs.io.ReadOnlyJsonFile/]: config/trainers/config.json loaded
[16Feb2026 16:58:17.415] [Server thread/INFO] [com.selfdot.cobblemontrainers.libs.io.JsonFile/]: Saved config/trainers/config.json
[16Feb2026 16:58:17.417] [Server thread/INFO] [com.selfdot.cobblemontrainers.libs.io.ReadOnlyJsonFile/]: trainers/trainerWins.json loaded
[16Feb2026 16:58:17.418] [Server thread/INFO] [com.selfdot.cobblemontrainers.libs.io.ReadOnlyJsonFile/]: trainers/timesLastBattled.json loaded
[16Feb2026 16:58:17.449] [Server thread/INFO] [com.selfdot.cobblemonmegas.common.util.DisableableMod/]: config/cobblemonmegas/config.json loaded
[16Feb2026 16:58:17.450] [Server thread/INFO] [com.selfdot.cobblemonmegas.common.util.DisableableMod/]: Saved config/cobblemonmegas/config.json
[16Feb2026 16:58:17.485] [Server thread/INFO] [com.scouter.cobbleoutbreaks.data.OutbreakManager/]: Finished loading 39 outbreaks
[16Feb2026 16:58:17.486] [Server thread/INFO] [net.doctorx.cobblemonalatia.CobblemonAlatiasFakemonPack/]: HELLO from server starting
[16Feb2026 16:58:17.522] [Server thread/INFO] [Cobbledex/]: Server initialized...
[16Feb2026 16:58:17.523] [Server thread/INFO] [Cobbledex/]: Loading CobbledexCoopDiscovery at "/workspaces/RPG_minecraft/servidor_minecraft/./world/./cobbledex-coop.json"...
[16Feb2026 16:58:17.529] [Server thread/INFO] [patchouli/]: Sending reload packet to clients
[16Feb2026 16:58:17.730] [Server thread/ERROR] [net.minecraft.server.MinecraftServer/]: Couldn't load server icon
java.lang.IllegalStateException: Must be 64 pixels wide
	at com.google.common.base.Preconditions.checkState(Preconditions.java:502) ~[guava-31.1-jre.jar%2374!/:?]
	at net.minecraft.server.MinecraftServer.m_271593_(MinecraftServer.java:784) ~[server-1.20.1-20230612.114412-srg.jar%23203!/:?]
	at java.util.Optional.flatMap(Optional.java:289) ~[?:?]
	at net.minecraft.server.MinecraftServer.m_272273_(MinecraftServer.java:781) ~[server-1.20.1-20230612.114412-srg.jar%23203!/:?]
	at net.minecraft.server.MinecraftServer.m_130011_(MinecraftServer.java:640) ~[server-1.20.1-20230612.114412-srg.jar%23203!/:?]
	at net.minecraft.server.MinecraftServer.m_206580_(MinecraftServer.java:251) ~[server-1.20.1-20230612.114412-srg.jar%23203!/:?]
	at java.lang.Thread.run(Thread.java:840) ~[?:?]
[16Feb2026 16:59:25.664] [Server thread/INFO] [net.minecraft.server.players.PlayerList/]: Amorger2[/10.147.18.56:65021] logged in with entity id 94 at (3208.292691747435, 69.0, -1708.0151149277337)
[16Feb2026 16:59:25.921] [Server thread/INFO] [net.minecraft.server.MinecraftServer/]: Amorger2 joined the game
[16Feb2026 16:59:25.988] [Server thread/INFO] [Jade/]: Syncing config to Amorger2 (f4d898ac-81ff-3a5f-8dfd-7b46bc2b0971)
[16Feb2026 16:59:36.133] [Server thread/INFO] [net.minecraft.server.players.PlayerList/]: Dortodoloncio[/10.147.18.192:59662] logged in with entity id 241 at (1112.0924270833843, 67.9375, -900.1779868555918)
[16Feb2026 16:59:36.200] [Server thread/INFO] [net.minecraft.server.MinecraftServer/]: Dortodoloncio joined the game
[16Feb2026 16:59:36.230] [Server thread/INFO] [Jade/]: Syncing config to Dortodoloncio (091afbde-1efc-39d6-9ec3-af33e116b96e)
[16Feb2026 17:00:04.308] [Server thread/INFO] [net.minecraft.server.MinecraftServer/]: [Amorger2: Set own game mode to Creative Mode]
[16Feb2026 17:00:06.136] [Server thread/INFO] [net.minecraft.server.MinecraftServer/]: [Dortodoloncio: Teleported Dortodoloncio to Amorger2]
[16Feb2026 17:00:35.914] [Server thread/INFO] [net.minecraft.server.MinecraftServer/]: [Not Secure] <Amorger2> tu estas en creativo?
[16Feb2026 17:00:40.324] [Server thread/INFO] [net.minecraft.server.MinecraftServer/]: [Not Secure] <Dortodoloncio> no
[16Feb2026 17:00:47.731] [Server thread/INFO] [net.minecraft.server.MinecraftServer/]: [Not Secure] <Amorger2> tocaste algo deel server?
[16Feb2026 17:00:52.048] [Server thread/INFO] [net.minecraft.server.MinecraftServer/]: [Not Secure] <Dortodoloncio> peor
[16Feb2026 17:01:01.604] [Server thread/INFO] [net.minecraft.server.MinecraftServer/]: [Not Secure] <Amorger2> y xq estoy en creativo?
[16Feb2026 17:01:08.434] [Server thread/INFO] [net.minecraft.server.MinecraftServer/]: [Amorger2: Set own game mode to Survival Mode]
[16Feb2026 17:01:12.909] [Server thread/INFO] [net.minecraft.server.MinecraftServer/]: [Not Secure] <Dortodoloncio> no tengo ni idea tramposo
[16Feb2026 17:01:23.060] [Server thread/INFO] [net.minecraft.server.MinecraftServer/]: [Not Secure] <Amorger2> sisisi si no tengo nd bobo
[16Feb2026 17:01:28.848] [Server thread/INFO] [net.minecraft.server.MinecraftServer/]: [Not Secure] <Dortodoloncio> xd
[16Feb2026 17:01:29.011] [Server thread/INFO] [net.minecraft.server.MinecraftServer/]: [Not Secure] <Amorger2> solo pokebal rojas
[16Feb2026 17:01:36.668] [Server thread/INFO] [net.minecraft.server.MinecraftServer/]: [Not Secure] <Dortodoloncio> ps ns
[16Feb2026 17:01:36.721] [Server thread/INFO] [net.minecraft.server.MinecraftServer/]: [Not Secure] <Amorger2> a ver q era
[16Feb2026 17:01:44.061] [Server thread/INFO] [net.minecraft.server.MinecraftServer/]: [Not Secure] <Dortodoloncio> q cosa
[16Feb2026 17:01:44.667] [Server thread/INFO] [net.minecraft.server.MinecraftServer/]: [Not Secure] <Amorger2> lo q me ibas a mostrar
[16Feb2026 17:01:48.920] [Server thread/INFO] [net.minecraft.server.MinecraftServer/]: [Not Secure] <Amorger2> de pvp
[16Feb2026 17:01:59.103] [Server thread/INFO] [net.minecraft.server.MinecraftServer/]: [Not Secure] <Amorger2> alaaaaaaaaaaaaaaaaaaa
[16Feb2026 17:02:16.156] [Server thread/INFO] [net.minecraft.server.MinecraftServer/]: [Not Secure] <Dortodoloncio> listo para la cogida
[16Feb2026 17:02:18.108] [Server thread/INFO] [net.minecraft.server.MinecraftServer/]: [Not Secure] <Amorger2> yo te dije q me avises de veias un fenequin ;(
[16Feb2026 17:02:32.450] [Server thread/INFO] [net.minecraft.server.MinecraftServer/]: [Not Secure] <Dortodoloncio> xd lo encontre a nuvel
[16Feb2026 17:02:40.146] [Server thread/INFO] [net.minecraft.server.MinecraftServer/]: [Not Secure] <Dortodoloncio> 69 y no lo desaprobeche
[16Feb2026 17:02:55.365] [Server thread/INFO] [net.minecraft.server.MinecraftServer/]: [Not Secure] <Dortodoloncio> todo pa ganar xd
[16Feb2026 17:05:44.952] [Server thread/INFO] [net.minecraft.server.MinecraftServer/]: [Not Secure] <Amorger2> xq vrg es nivel 70
[16Feb2026 17:06:38.547] [Server thread/ERROR] [com.scouter.cobbleoutbreaks.data.OutbreaksJsonDataManager/]: Tag for TagKey[minecraft:worldgen/biome / cobblemon:is_abyss] does not have any biomes!
[16Feb2026 17:06:38.547] [Server thread/ERROR] [com.scouter.cobbleoutbreaks.data.OutbreaksJsonDataManager/]: Outbreak for cobblemonoutbreaks:haunter_outbreak might not have any biomes assigned!
[16Feb2026 17:06:38.548] [Server thread/INFO] [com.scouter.cobbleoutbreaks.data.OutbreaksJsonDataManager/]: Registered 79 biomes with pokemon!
[16Feb2026 17:07:19.020] [Server thread/INFO] [net.minecraft.server.MinecraftServer/]: [Amorger2: Fully healed Amorger2's party.]
[16Feb2026 17:08:31.636] [Server thread/INFO] [net.minecraft.server.MinecraftServer/]: [Amorger2: Teleported Amorger2 to 3194.500000, 67.000000, -1740.500000]
[16Feb2026 17:10:25.252] [Server thread/INFO] [net.minecraft.server.MinecraftServer/]: [Dortodoloncio: Fully healed Dortodoloncio's party.]
[16Feb2026 17:13:01.914] [Server thread/INFO] [net.minecraft.server.commands.LocateCommand/]: Locating element #cobblemon:is_cold_ocean (minecraft:cold_ocean) took 1184 ms
[16Feb2026 17:13:31.640] [Server thread/INFO] [net.minecraft.server.MinecraftServer/]: [Amorger2: Teleported Amorger2 to 1755.500000, 63.000000, -3760.500000]
[16Feb2026 17:13:31.641] [Server thread/WARN] [net.minecraft.server.MinecraftServer/]: Can't keep up! Is the server overloaded? Running 3250ms or 65 ticks behind
[16Feb2026 17:13:32.576] [Worker-Main-10/WARN] [net.minecraft.world.level.levelgen.structure.pools.JigsawPlacement/]: Empty or non-existent pool: minecraft:ruins/forest_ruins_gate
[16Feb2026 17:13:32.576] [Worker-Main-10/WARN] [net.minecraft.world.level.levelgen.structure.pools.JigsawPlacement/]: Empty or non-existent pool: minecraft:ruins/forest_ruins_gate
[16Feb2026 17:13:32.599] [Worker-Main-10/WARN] [net.minecraft.world.level.levelgen.structure.pools.JigsawPlacement/]: Empty or non-existent pool: minecraft:ruins/forest_ruins_gate
[16Feb2026 17:13:59.501] [Server thread/WARN] [net.minecraft.world.level.chunk.LevelChunk/]: Tried to load a block entity for block Block{cobblemon:pc}[facing=west,on=false,part=top,waterlogged=false] but failed at location BlockPos{x=1666, y=70, z=-3588}
[16Feb2026 17:14:34.368] [Server thread/WARN] [net.minecraft.world.level.chunk.LevelChunk/]: Tried to load a block entity for block Block{cobblemon:pc}[facing=east,on=false,part=top,waterlogged=false] but failed at location BlockPos{x=3662, y=78, z=-1612}
[16Feb2026 17:16:35.960] [Server thread/WARN] [net.minecraft.world.level.chunk.LevelChunk/]: Tried to load a block entity for block Block{cobblemon:pc}[facing=west,on=false,part=top,waterlogged=false] but failed at location BlockPos{x=4066, y=68, z=-1588}
[16Feb2026 17:16:37.254] [Server thread/WARN] [net.minecraft.world.level.chunk.LevelChunk/]: Tried to load a block entity for block Block{cobblemon:pc}[facing=east,on=false,part=top,waterlogged=false] but failed at location BlockPos{x=2046, y=64, z=-3580}
[16Feb2026 17:17:10.202] [Server thread/WARN] [net.minecraft.world.level.chunk.LevelChunk/]: Tried to load a block entity for block Block{cobblemon:pc}[facing=south,on=false,part=top,waterlogged=false] but failed at location BlockPos{x=2012, y=64, z=-3986}
[16Feb2026 17:17:31.679] [Server thread/WARN] [net.minecraft.server.MinecraftServer/]: Can't keep up! Is the server overloaded? Running 6338ms or 126 ticks behind
[16Feb2026 17:17:31.706] [Server thread/WARN] [net.minecraft.server.network.ServerGamePacketListenerImpl/]: Dortodoloncio moved too quickly! -3.5114913648362744,-1.2392592750642422,-9.354058541566928
[16Feb2026 17:17:58.471] [Server thread/WARN] [net.minecraft.world.level.chunk.LevelChunk/]: Tried to load a block entity for block Block{cobblemon:pc}[facing=north,on=false,part=top,waterlogged=false] but failed at location BlockPos{x=4004, y=72, z=-1950}
[16Feb2026 17:18:39.359] [Server thread/WARN] [net.minecraft.world.level.chunk.LevelChunk/]: Tried to load a block entity for block Block{cobblemon:pc}[facing=east,on=false,part=top,waterlogged=false] but failed at location BlockPos{x=3646, y=64, z=-1948}
[16Feb2026 17:20:55.307] [Server thread/INFO] [net.minecraft.server.network.ServerGamePacketListenerImpl/]: Amorger2 lost connection: Disconnected
[16Feb2026 17:20:55.307] [Server thread/INFO] [net.minecraft.server.MinecraftServer/]: Amorger2 left the game
[16Feb2026 17:20:59.763] [Server thread/INFO] [net.minecraft.server.players.PlayerList/]: Amorger2[/10.147.18.56:52657] logged in with entity id 4722 at (2142.1842722519527, 62.501890888684194, -3805.82982885925)
[16Feb2026 17:20:59.808] [Server thread/INFO] [net.minecraft.server.MinecraftServer/]: Amorger2 joined the game
[16Feb2026 17:20:59.830] [Server thread/INFO] [Jade/]: Syncing config to Amorger2 (f4d898ac-81ff-3a5f-8dfd-7b46bc2b0971)
[16Feb2026 17:21:36.957] [Server thread/INFO] [com.cobblemon.mod.common.Cobblemon/]: No battle could be found with the id: 89c90f83-e99a-42c0-9172-476bfb78686e
[16Feb2026 17:21:36.957] [Server thread/INFO] [com.cobblemon.mod.common.Cobblemon/]: No battle could be found with the id: 89c90f83-e99a-42c0-9172-476bfb78686e
[16Feb2026 17:21:53.667] [Server thread/INFO] [net.minecraft.server.MinecraftServer/]: [Amorger2: Fully healed Amorger2's party.]
[16Feb2026 17:23:20.250] [Server thread/INFO] [net.minecraft.server.network.ServerGamePacketListenerImpl/]: Amorger2 lost connection: Disconnected
[16Feb2026 17:23:20.250] [Server thread/INFO] [net.minecraft.server.MinecraftServer/]: Amorger2 left the game
[16Feb2026 17:23:24.758] [Server thread/INFO] [net.minecraft.server.players.PlayerList/]: Amorger2[/10.147.18.56:52783] logged in with entity id 5069 at (2125.030900675814, 63.085764312744146, -3806.6949046522614)
[16Feb2026 17:23:24.799] [Server thread/INFO] [net.minecraft.server.MinecraftServer/]: Amorger2 joined the game
[16Feb2026 17:23:24.820] [Server thread/INFO] [Jade/]: Syncing config to Amorger2 (f4d898ac-81ff-3a5f-8dfd-7b46bc2b0971)
[16Feb2026 17:24:49.355] [Server thread/WARN] [net.minecraft.world.level.chunk.LevelChunk/]: Tried to load a block entity for block Block{cobblemon:pc}[facing=west,on=false,part=top,waterlogged=false] but failed at location BlockPos{x=2067, y=64, z=-4041}
[16Feb2026 17:25:17.618] [Server thread/INFO] [net.minecraft.server.MinecraftServer/]: [Dortodoloncio: Fully healed Dortodoloncio's party.]
[16Feb2026 17:26:11.915] [Server thread/WARN] [net.minecraft.world.level.chunk.LevelChunk/]: Tried to load a block entity for block Block{cobblemon:pc}[facing=south,on=false,part=top,waterlogged=false] but failed at location BlockPos{x=2412, y=64, z=-3986}
[16Feb2026 17:27:40.901] [Server thread/WARN] [net.minecraft.world.level.chunk.LevelChunk/]: Tried to load a block entity for block Block{cobblemon:pc}[facing=west,on=false,part=top,waterlogged=false] but failed at location BlockPos{x=4147, y=70, z=-2009}
[16Feb2026 17:33:00.450] [Server thread/INFO] [net.minecraft.server.MinecraftServer/]: [Not Secure] <Amorger2> dere
[16Feb2026 17:33:03.960] [Server thread/INFO] [net.minecraft.server.MinecraftServer/]: [Not Secure] <Dortodoloncio> q
[16Feb2026 17:33:20.798] [Server thread/INFO] [net.minecraft.server.MinecraftServer/]: [Not Secure] <Amorger2> de casualidad no tienes casdo de tortuga?
[16Feb2026 17:33:27.002] [Server thread/INFO] [net.minecraft.server.MinecraftServer/]: [Not Secure] <Dortodoloncio> noup
[16Feb2026 17:34:01.683] [Server thread/INFO] [net.minecraft.server.MinecraftServer/]: [Not Secure] <Amorger2> oka
[16Feb2026 17:34:53.848] [Server thread/INFO] [net.minecraft.server.MinecraftServer/]: Dortodoloncio has made the advancement [Bring Home the Beacon]
[16Feb2026 17:36:32.304] [Server thread/INFO] [net.minecraft.server.network.ServerGamePacketListenerImpl/]: Amorger2 lost connection: Disconnected
[16Feb2026 17:36:32.305] [Server thread/INFO] [net.minecraft.server.MinecraftServer/]: Amorger2 left the game
[16Feb2026 17:36:36.704] [Server thread/INFO] [net.minecraft.server.players.PlayerList/]: Amorger2[/10.147.18.56:65324] logged in with entity id 8199 at (2359.0066744719443, 62.073264324665075, -3840.8545099777907)
[16Feb2026 17:36:36.744] [Server thread/INFO] [net.minecraft.server.MinecraftServer/]: Amorger2 joined the game
[16Feb2026 17:36:37.234] [Server thread/INFO] [Jade/]: Syncing config to Amorger2 (f4d898ac-81ff-3a5f-8dfd-7b46bc2b0971)
[16Feb2026 17:39:02.853] [Server thread/WARN] [net.minecraft.world.level.chunk.LevelChunk/]: Tried to load a block entity for block Block{cobblemon:pc}[facing=south,on=false,part=top,waterlogged=false] but failed at location BlockPos{x=2428, y=64, z=-4402}
[16Feb2026 17:41:04.119] [Server thread/WARN] [net.minecraft.server.network.ServerGamePacketListenerImpl/]: Boat (vehicle of Amorger2) moved too quickly! 9.42859137182586,0.0,-3.916370758071025
[16Feb2026 17:41:04.119] [Server thread/WARN] [net.minecraft.server.network.ServerGamePacketListenerImpl/]: Boat (vehicle of Amorger2) moved too quickly! 9.818108982251943,0.0,-3.9600712541978282
[16Feb2026 17:41:04.120] [Server thread/WARN] [net.minecraft.server.network.ServerGamePacketListenerImpl/]: Boat (vehicle of Amorger2) moved too quickly! 10.208509720313941,0.0,-3.995774987771256
[16Feb2026 17:41:04.121] [Server thread/WARN] [net.minecraft.server.network.ServerGamePacketListenerImpl/]: Boat (vehicle of Amorger2) moved too quickly! 10.59966477187072,0.0,-4.023861737510742
[16Feb2026 17:41:04.122] [Server thread/WARN] [net.minecraft.server.network.ServerGamePacketListenerImpl/]: Boat (vehicle of Amorger2) moved too quickly! 10.991458468694873,0.0,-4.044715677337081
[16Feb2026 17:41:04.123] [Server thread/WARN] [net.minecraft.server.network.ServerGamePacketListenerImpl/]: Boat (vehicle of Amorger2) moved too quickly! 11.383864847347468,0.0,-4.059414722080874
[16Feb2026 17:41:04.123] [Server thread/WARN] [net.minecraft.server.network.ServerGamePacketListenerImpl/]: Boat (vehicle of Amorger2) moved too quickly! 11.776913566516669,0.0,-4.069590378679095
[16Feb2026 17:41:04.124] [Server thread/WARN] [net.minecraft.server.network.ServerGamePacketListenerImpl/]: Boat (vehicle of Amorger2) moved too quickly! 12.170631278042947,0.0,-4.0773068397720635
[16Feb2026 17:48:57.250] [Server thread/WARN] [net.minecraft.world.level.chunk.LevelChunk/]: Tried to load a block entity for block Block{cobblemon:pc}[facing=west,on=false,part=top,waterlogged=false] but failed at location BlockPos{x=2002, y=64, z=-5140}
[16Feb2026 17:51:10.303] [Server thread/INFO] [net.minecraft.server.MinecraftServer/]: Dortodoloncio fell from a high place
[16Feb2026 17:52:38.351] [Server thread/INFO] [net.minecraft.server.network.ServerGamePacketListenerImpl/]: Amorger2 lost connection: Timed out
[16Feb2026 17:52:38.351] [Server thread/INFO] [net.minecraft.server.MinecraftServer/]: Amorger2 left the game
[16Feb2026 17:52:44.359] [Server thread/INFO] [net.minecraft.server.players.PlayerList/]: Amorger2[/10.147.18.56:58468] logged in with entity id 12148 at (1963.2018787879945, 176.0625, -4859.8368534533065)
[16Feb2026 17:52:44.400] [Server thread/INFO] [net.minecraft.server.MinecraftServer/]: Amorger2 joined the game
[16Feb2026 17:52:44.439] [Server thread/INFO] [Jade/]: Syncing config to Amorger2 (f4d898ac-81ff-3a5f-8dfd-7b46bc2b0971)
[16Feb2026 17:55:40.349] [Server thread/INFO] [net.minecraft.server.network.ServerGamePacketListenerImpl/]: Amorger2 lost connection: Disconnected
[16Feb2026 17:55:40.349] [Server thread/INFO] [net.minecraft.server.MinecraftServer/]: Amorger2 left the game
[16Feb2026 17:56:55.210] [Server thread/INFO] [net.minecraft.server.players.PlayerList/]: Amorger2[/10.147.18.56:64474] logged in with entity id 13569 at (1936.6247701494672, 175.0, -4859.754035266176)
[16Feb2026 17:56:55.253] [Server thread/INFO] [net.minecraft.server.MinecraftServer/]: Amorger2 joined the game
[16Feb2026 17:56:55.268] [Server thread/INFO] [Jade/]: Syncing config to Amorger2 (f4d898ac-81ff-3a5f-8dfd-7b46bc2b0971)
[16Feb2026 17:58:16.051] [Server thread/INFO] [com.cobblemon.mod.common.Cobblemon/]: No battle could be found with the id: 665281ae-b97d-4dcb-b31e-0cdf297ba2ea
[16Feb2026 17:58:16.052] [Server thread/INFO] [com.cobblemon.mod.common.Cobblemon/]: No battle could be found with the id: 665281ae-b97d-4dcb-b31e-0cdf297ba2ea
[16Feb2026 18:00:53.851] [Server thread/INFO] [net.minecraft.server.commands.LocateCommand/]: Locating element #cobblemon:evolution/vivillon_tundra (biomesoplenty:coniferous_forest) took 2 ms
[16Feb2026 18:01:14.351] [Server thread/INFO] [com.cobblemon.mod.common.Cobblemon/]: No battle could be found with the id: 3fa0cb3c-ddca-40ab-b63c-aeec58f1c165
[16Feb2026 18:01:14.351] [Server thread/INFO] [com.cobblemon.mod.common.Cobblemon/]: No battle could be found with the id: 3fa0cb3c-ddca-40ab-b63c-aeec58f1c165
[16Feb2026 18:01:16.853] [Server thread/INFO] [net.minecraft.server.MinecraftServer/]: [Amorger2: Teleported Amorger2 to 1969.500000, 116.000000, -5023.500000]
[16Feb2026 18:01:22.640] [Server thread/INFO] [net.minecraft.server.MinecraftServer/]: [Dortodoloncio: Fully healed Dortodoloncio's party.]
[16Feb2026 18:01:57.746] [Server thread/INFO] [net.minecraft.server.commands.LocateCommand/]: Locating element minecraft:swamp took 408 ms
[16Feb2026 18:02:21.818] [Server thread/INFO] [net.minecraft.server.MinecraftServer/]: [Amorger2: Teleported Amorger2 to 814.500000, 63.000000, -6173.500000]
[16Feb2026 18:02:50.059] [Server thread/WARN] [net.minecraft.world.level.chunk.LevelChunk/]: Tried to load a block entity for block Block{cobblemon:pc}[facing=north,on=false,part=top,waterlogged=false] but failed at location BlockPos{x=852, y=65, z=-6366}
[16Feb2026 18:02:54.549] [Server thread/WARN] [net.minecraft.world.level.chunk.LevelChunk/]: Tried to load a block entity for block Block{cobblemon:pc}[facing=south,on=false,part=top,waterlogged=false] but failed at location BlockPos{x=876, y=96, z=-5986}
[16Feb2026 18:04:29.101] [Server thread/WARN] [net.minecraft.world.level.chunk.LevelChunk/]: Tried to load a block entity for block Block{cobblemon:pc}[facing=east,on=false,part=top,waterlogged=false] but failed at location BlockPos{x=1262, y=64, z=-6364}
[16Feb2026 18:04:59.826] [Server thread/INFO] [net.minecraft.server.commands.LocateCommand/]: Locating element minecraft:swamp took 0 ms
[16Feb2026 18:05:05.305] [Server thread/INFO] [net.minecraft.server.MinecraftServer/]: [Amorger2: Teleported Amorger2 to 1078.500000, 71.000000, -6277.500000]
[16Feb2026 18:06:09.261] [Server thread/INFO] [net.minecraft.server.commands.LocateCommand/]: Locating element minecraft:badlands took 2731 ms
[16Feb2026 18:06:09.261] [Server thread/WARN] [net.minecraft.server.MinecraftServer/]: Can't keep up! Is the server overloaded? Running 2721ms or 54 ticks behind
[16Feb2026 18:06:09.282] [Server thread/WARN] [net.minecraft.server.network.ServerGamePacketListenerImpl/]: Dortodoloncio moved too quickly! 9.8717079722378,-0.1621414210269876,-2.730843574557184
[16Feb2026 18:06:17.272] [Server thread/INFO] [net.minecraft.server.MinecraftServer/]: [Amorger2: Teleported Amorger2 to 4022.500000, 70.000000, -9286.500000]
[16Feb2026 18:06:31.151] [Server thread/WARN] [net.minecraft.world.level.chunk.LevelChunk/]: Tried to load a block entity for block Block{cobblemon:pc}[facing=north,on=false,part=top,waterlogged=false] but failed at location BlockPos{x=3988, y=68, z=-9182}
[16Feb2026 18:06:42.929] [Worker-Main-10/WARN] [net.minecraft.world.level.levelgen.structure.pools.JigsawPlacement/]: Empty or non-existent pool: minecraft:
[16Feb2026 18:07:32.295] [Server thread/WARN] [net.minecraft.world.level.chunk.LevelChunk/]: Tried to load a block entity for block Block{cobblemon:pc}[facing=south,on=false,part=top,waterlogged=false] but failed at location BlockPos{x=4012, y=81, z=-9554}
[16Feb2026 18:09:36.234] [Server thread/INFO] [net.minecraft.server.commands.LocateCommand/]: Locating element minecraft:swamp took 1751 ms
[16Feb2026 18:09:45.252] [Server thread/INFO] [net.minecraft.server.MinecraftServer/]: [Amorger2: Teleported Amorger2 to 1410.500000, 95.000000, -7488.500000]
[16Feb2026 18:09:45.252] [Server thread/WARN] [net.minecraft.server.MinecraftServer/]: Can't keep up! Is the server overloaded? Running 2662ms or 53 ticks behind
[16Feb2026 18:09:45.291] [Server thread/WARN] [net.minecraft.server.network.ServerGamePacketListenerImpl/]: Amorger2 moved too quickly! 0.0,-10.806526110008988,0.0
[16Feb2026 18:10:04.499] [Server thread/WARN] [net.minecraft.world.level.chunk.LevelChunk/]: Tried to load a block entity for block Block{cobblemon:pc}[facing=west,on=false,part=top,waterlogged=false] but failed at location BlockPos{x=1266, y=64, z=-7540}
[16Feb2026 18:10:36.202] [Server thread/WARN] [net.minecraft.server.MinecraftServer/]: Can't keep up! Is the server overloaded? Running 2412ms or 48 ticks behind
[16Feb2026 18:10:36.213] [Server thread/INFO] [net.minecraft.server.network.ServerGamePacketListenerImpl/]: Amorger2 lost connection: Disconnected
[16Feb2026 18:10:36.213] [Server thread/INFO] [net.minecraft.server.MinecraftServer/]: Amorger2 left the game
[16Feb2026 18:10:36.224] [Server thread/WARN] [net.minecraft.server.network.ServerGamePacketListenerImpl/]: Dortodoloncio moved too quickly! 5.467513251416904,0.32909161606769644,8.455602198944462
[16Feb2026 18:10:55.051] [Server thread/INFO] [net.minecraft.server.network.ServerLoginPacketListenerImpl/]: com.mojang.authlib.GameProfile@2659c1df[id=<null>,name=Amorger2,properties={},legacy=false] (/10.147.18.56:55824) lost connection: Disconnected
[16Feb2026 18:11:01.654] [Server thread/INFO] [net.minecraft.server.players.PlayerList/]: Amorger2[/10.147.18.56:55853] logged in with entity id 17802 at (-10607.5, 64.0, -4110.5)
[16Feb2026 18:11:01.688] [Server thread/INFO] [net.minecraft.server.MinecraftServer/]: Amorger2 joined the game
[16Feb2026 18:11:01.700] [Server thread/INFO] [Jade/]: Syncing config to Amorger2 (f4d898ac-81ff-3a5f-8dfd-7b46bc2b0971)
[16Feb2026 18:11:27.600] [Server thread/WARN] [net.minecraft.world.level.chunk.LevelChunk/]: Tried to load a block entity for block Block{cobblemon:pc}[facing=east,on=false,part=top,waterlogged=false] but failed at location BlockPos{x=-10754, y=109, z=-3964}
[16Feb2026 18:11:41.781] [Server thread/INFO] [net.minecraft.server.MinecraftServer/]: [Amorger2: Fully healed Amorger2's party.]
[16Feb2026 18:13:14.153] [Server thread/WARN] [net.minecraft.world.level.chunk.LevelChunk/]: Tried to load a block entity for block Block{cobblemon:pc}[facing=south,on=false,part=top,waterlogged=false] but failed at location BlockPos{x=-10772, y=64, z=-4354}
[16Feb2026 18:13:16.457] [Server thread/WARN] [net.minecraft.server.network.ServerGamePacketListenerImpl/]: Amorger2 moved too quickly! 5.639485913943645,-1.1661092609382138,-8.481483132371068
[16Feb2026 18:13:29.341] [Worker-Main-3/WARN] [net.minecraft.world.level.levelgen.structure.pools.JigsawPlacement/]: Empty or non-existent pool: minecraft:ruins/forest_ruins_gate
[16Feb2026 18:13:29.376] [Worker-Main-3/WARN] [net.minecraft.world.level.levelgen.structure.pools.JigsawPlacement/]: Empty or non-existent pool: minecraft:ruins/forest_ruins_gate
[16Feb2026 18:13:29.379] [Worker-Main-3/WARN] [net.minecraft.world.level.levelgen.structure.pools.JigsawPlacement/]: Empty or non-existent pool: minecraft:ruins/forest_ruins_gate
[16Feb2026 18:13:50.602] [Server thread/WARN] [net.minecraft.server.network.ServerGamePacketListenerImpl/]: Amorger2 was kicked for floating too long!
[16Feb2026 18:13:50.655] [Server thread/WARN] [net.minecraft.server.network.ServerGamePacketListenerImpl/]: Amorger2 was kicked for floating too long!
[16Feb2026 18:13:50.725] [Server thread/WARN] [net.minecraft.server.network.ServerGamePacketListenerImpl/]: Amorger2 was kicked for floating too long!
[16Feb2026 18:13:50.754] [Server thread/WARN] [net.minecraft.server.network.ServerGamePacketListenerImpl/]: Amorger2 was kicked for floating too long!
[16Feb2026 18:13:50.804] [Server thread/WARN] [net.minecraft.server.network.ServerGamePacketListenerImpl/]: Amorger2 was kicked for floating too long!
[16Feb2026 18:13:50.856] [Server thread/WARN] [net.minecraft.server.network.ServerGamePacketListenerImpl/]: Amorger2 was kicked for floating too long!
[16Feb2026 18:13:50.903] [Server thread/WARN] [net.minecraft.server.network.ServerGamePacketListenerImpl/]: Amorger2 was kicked for floating too long!
[16Feb2026 18:13:50.958] [Server thread/WARN] [net.minecraft.server.network.ServerGamePacketListenerImpl/]: Amorger2 was kicked for floating too long!
[16Feb2026 18:13:51.002] [Server thread/WARN] [net.minecraft.server.network.ServerGamePacketListenerImpl/]: Amorger2 was kicked for floating too long!
[16Feb2026 18:13:51.053] [Server thread/WARN] [net.minecraft.server.network.ServerGamePacketListenerImpl/]: Amorger2 was kicked for floating too long!
[16Feb2026 18:13:51.102] [Server thread/WARN] [net.minecraft.server.network.ServerGamePacketListenerImpl/]: Amorger2 was kicked for floating too long!
[16Feb2026 18:13:51.154] [Server thread/WARN] [net.minecraft.server.network.ServerGamePacketListenerImpl/]: Amorger2 was kicked for floating too long!
[16Feb2026 18:13:51.204] [Server thread/WARN] [net.minecraft.server.network.ServerGamePacketListenerImpl/]: Amorger2 was kicked for floating too long!
[16Feb2026 18:13:51.254] [Server thread/WARN] [net.minecraft.server.network.ServerGamePacketListenerImpl/]: Amorger2 was kicked for floating too long!
[16Feb2026 18:13:51.305] [Server thread/WARN] [net.minecraft.server.network.ServerGamePacketListenerImpl/]: Amorger2 was kicked for floating too long!
[16Feb2026 18:13:51.351] [Server thread/WARN] [net.minecraft.server.network.ServerGamePacketListenerImpl/]: Amorger2 was kicked for floating too long!
[16Feb2026 18:13:51.403] [Server thread/WARN] [net.minecraft.server.network.ServerGamePacketListenerImpl/]: Amorger2 was kicked for floating too long!
[16Feb2026 18:13:51.454] [Server thread/WARN] [net.minecraft.server.network.ServerGamePacketListenerImpl/]: Amorger2 was kicked for floating too long!
[16Feb2026 18:13:51.502] [Server thread/WARN] [net.minecraft.server.network.ServerGamePacketListenerImpl/]: Amorger2 was kicked for floating too long!
[16Feb2026 18:13:51.559] [Server thread/WARN] [net.minecraft.server.network.ServerGamePacketListenerImpl/]: Amorger2 was kicked for floating too long!
[16Feb2026 18:13:51.628] [Server thread/WARN] [net.minecraft.server.network.ServerGamePacketListenerImpl/]: Amorger2 was kicked for floating too long!
[16Feb2026 18:13:51.656] [Server thread/WARN] [net.minecraft.server.network.ServerGamePacketListenerImpl/]: Amorger2 was kicked for floating too long!
[16Feb2026 18:13:51.704] [Server thread/WARN] [net.minecraft.server.network.ServerGamePacketListenerImpl/]: Amorger2 was kicked for floating too long!
[16Feb2026 18:13:51.754] [Server thread/WARN] [net.minecraft.server.network.ServerGamePacketListenerImpl/]: Amorger2 was kicked for floating too long!
[16Feb2026 18:13:51.815] [Server thread/WARN] [net.minecraft.server.network.ServerGamePacketListenerImpl/]: Amorger2 was kicked for floating too long!
[16Feb2026 18:13:51.853] [Server thread/WARN] [net.minecraft.server.network.ServerGamePacketListenerImpl/]: Amorger2 was kicked for floating too long!
[16Feb2026 18:13:51.908] [Server thread/WARN] [net.minecraft.server.network.ServerGamePacketListenerImpl/]: Amorger2 was kicked for floating too long!
[16Feb2026 18:13:51.956] [Server thread/WARN] [net.minecraft.server.network.ServerGamePacketListenerImpl/]: Amorger2 was kicked for floating too long!
[16Feb2026 18:13:52.005] [Server thread/WARN] [net.minecraft.server.network.ServerGamePacketListenerImpl/]: Amorger2 was kicked for floating too long!
[16Feb2026 18:13:52.057] [Server thread/WARN] [net.minecraft.server.network.ServerGamePacketListenerImpl/]: Amorger2 was kicked for floating too long!
[16Feb2026 18:13:52.105] [Server thread/WARN] [net.minecraft.server.network.ServerGamePacketListenerImpl/]: Amorger2 was kicked for floating too long!
[16Feb2026 18:13:52.158] [Server thread/WARN] [net.minecraft.server.network.ServerGamePacketListenerImpl/]: Amorger2 was kicked for floating too long!
[16Feb2026 18:13:52.203] [Server thread/WARN] [net.minecraft.server.network.ServerGamePacketListenerImpl/]: Amorger2 was kicked for floating too long!
[16Feb2026 18:13:52.254] [Server thread/WARN] [net.minecraft.server.network.ServerGamePacketListenerImpl/]: Amorger2 was kicked for floating too long!
[16Feb2026 18:13:52.305] [Server thread/WARN] [net.minecraft.server.network.ServerGamePacketListenerImpl/]: Amorger2 was kicked for floating too long!
[16Feb2026 18:13:52.356] [Server thread/WARN] [net.minecraft.server.network.ServerGamePacketListenerImpl/]: Amorger2 was kicked for floating too long!
[16Feb2026 18:13:52.405] [Server thread/WARN] [net.minecraft.server.network.ServerGamePacketListenerImpl/]: Amorger2 was kicked for floating too long!
[16Feb2026 18:13:52.460] [Server thread/WARN] [net.minecraft.server.network.ServerGamePacketListenerImpl/]: Amorger2 was kicked for floating too long!
[16Feb2026 18:13:52.507] [Server thread/WARN] [net.minecraft.server.network.ServerGamePacketListenerImpl/]: Amorger2 was kicked for floating too long!
[16Feb2026 18:13:52.558] [Server thread/WARN] [net.minecraft.server.network.ServerGamePacketListenerImpl/]: Amorger2 was kicked for floating too long!
[16Feb2026 18:13:52.602] [Server thread/WARN] [net.minecraft.server.network.ServerGamePacketListenerImpl/]: Amorger2 was kicked for floating too long!
[16Feb2026 18:13:52.656] [Server thread/WARN] [net.minecraft.server.network.ServerGamePacketListenerImpl/]: Amorger2 was kicked for floating too long!
[16Feb2026 18:13:52.702] [Server thread/WARN] [net.minecraft.server.network.ServerGamePacketListenerImpl/]: Amorger2 was kicked for floating too long!
[16Feb2026 18:13:52.752] [Server thread/WARN] [net.minecraft.server.network.ServerGamePacketListenerImpl/]: Amorger2 was kicked for floating too long!
[16Feb2026 18:13:52.804] [Server thread/WARN] [net.minecraft.server.network.ServerGamePacketListenerImpl/]: Amorger2 was kicked for floating too long!
[16Feb2026 18:13:52.855] [Server thread/WARN] [net.minecraft.server.network.ServerGamePacketListenerImpl/]: Amorger2 was kicked for floating too long!
[16Feb2026 18:13:52.909] [Server thread/WARN] [net.minecraft.server.network.ServerGamePacketListenerImpl/]: Amorger2 was kicked for floating too long!
[16Feb2026 18:13:52.955] [Server thread/WARN] [net.minecraft.server.network.ServerGamePacketListenerImpl/]: Amorger2 was kicked for floating too long!
[16Feb2026 18:13:53.012] [Server thread/WARN] [net.minecraft.server.network.ServerGamePacketListenerImpl/]: Amorger2 was kicked for floating too long!
[16Feb2026 18:13:53.057] [Server thread/WARN] [net.minecraft.server.network.ServerGamePacketListenerImpl/]: Amorger2 was kicked for floating too long!
[16Feb2026 18:13:53.104] [Server thread/WARN] [net.minecraft.server.network.ServerGamePacketListenerImpl/]: Amorger2 was kicked for floating too long!
[16Feb2026 18:13:53.152] [Server thread/WARN] [net.minecraft.server.network.ServerGamePacketListenerImpl/]: Amorger2 was kicked for floating too long!
[16Feb2026 18:13:53.205] [Server thread/WARN] [net.minecraft.server.network.ServerGamePacketListenerImpl/]: Amorger2 was kicked for floating too long!
[16Feb2026 18:13:53.254] [Server thread/WARN] [net.minecraft.server.network.ServerGamePacketListenerImpl/]: Amorger2 was kicked for floating too long!
[16Feb2026 18:13:53.302] [Server thread/WARN] [net.minecraft.server.network.ServerGamePacketListenerImpl/]: Amorger2 was kicked for floating too long!
[16Feb2026 18:13:53.353] [Server thread/WARN] [net.minecraft.server.network.ServerGamePacketListenerImpl/]: Amorger2 was kicked for floating too long!
[16Feb2026 18:13:53.403] [Server thread/WARN] [net.minecraft.server.network.ServerGamePacketListenerImpl/]: Amorger2 was kicked for floating too long!
[16Feb2026 18:13:53.452] [Server thread/WARN] [net.minecraft.server.network.ServerGamePacketListenerImpl/]: Amorger2 was kicked for floating too long!
[16Feb2026 18:13:53.512] [Server thread/WARN] [net.minecraft.server.network.ServerGamePacketListenerImpl/]: Amorger2 was kicked for floating too long!
[16Feb2026 18:13:53.555] [Server thread/WARN] [net.minecraft.server.network.ServerGamePacketListenerImpl/]: Amorger2 was kicked for floating too long!
[16Feb2026 18:13:53.605] [Server thread/WARN] [net.minecraft.server.network.ServerGamePacketListenerImpl/]: Amorger2 was kicked for floating too long!
[16Feb2026 18:13:53.652] [Server thread/INFO] [net.minecraft.server.network.ServerGamePacketListenerImpl/]: Amorger2 lost connection: Disconnected
[16Feb2026 18:13:53.652] [Server thread/INFO] [net.minecraft.server.MinecraftServer/]: Amorger2 left the game
[16Feb2026 18:13:58.005] [Server thread/INFO] [net.minecraft.server.players.PlayerList/]: Amorger2[/10.147.18.56:58430] logged in with entity id 18949 at (-10630.286632971012, 70.49520087700593, -4305.214952509472)
[16Feb2026 18:13:58.043] [Server thread/INFO] [net.minecraft.server.MinecraftServer/]: Amorger2 joined the game
[16Feb2026 18:13:58.060] [Server thread/INFO] [Jade/]: Syncing config to Amorger2 (f4d898ac-81ff-3a5f-8dfd-7b46bc2b0971)
[16Feb2026 18:17:19.678] [Server thread/INFO] [net.minecraft.server.MinecraftServer/]: [Amorger2: Fully healed Amorger2's party.]
[16Feb2026 18:19:02.871] [Server thread/INFO] [net.minecraft.server.network.ServerGamePacketListenerImpl/]: Amorger2 lost connection: Disconnected
[16Feb2026 18:19:02.871] [Server thread/INFO] [net.minecraft.server.MinecraftServer/]: Amorger2 left the game
[16Feb2026 18:19:06.650] [Server thread/INFO] [net.minecraft.server.players.PlayerList/]: Amorger2[/10.147.18.56:58697] logged in with entity id 20510 at (-10887.546758535053, 73.67647087614428, -3974.208137126904)
[16Feb2026 18:19:06.684] [Server thread/INFO] [net.minecraft.server.MinecraftServer/]: Amorger2 joined the game
[16Feb2026 18:19:06.698] [Server thread/INFO] [Jade/]: Syncing config to Amorger2 (f4d898ac-81ff-3a5f-8dfd-7b46bc2b0971)
[16Feb2026 18:19:53.265] [Server thread/WARN] [net.minecraft.world.level.chunk.LevelChunk/]: Tried to load a block entity for block Block{cobblemon:pc}[facing=north,on=false,part=top,waterlogged=false] but failed at location BlockPos{x=-11164, y=79, z=-3950}
[16Feb2026 18:20:08.949] [Server thread/WARN] [net.minecraft.world.level.chunk.LevelChunk/]: Tried to load a block entity for block Block{cobblemon:pc}[facing=south,on=false,part=top,waterlogged=false] but failed at location BlockPos{x=-10756, y=64, z=-3586}
[16Feb2026 18:20:29.300] [Server thread/WARN] [net.minecraft.world.level.chunk.LevelChunk/]: Tried to load a block entity for block Block{cobblemon:pc}[facing=west,on=false,part=top,waterlogged=false] but failed at location BlockPos{x=-11182, y=64, z=-3572}
[16Feb2026 18:21:07.311] [Server thread/INFO] [net.minecraft.server.commands.LocateCommand/]: Locating element minecraft:badlands took 5010 ms
[16Feb2026 18:21:07.311] [Server thread/WARN] [net.minecraft.server.MinecraftServer/]: Can't keep up! Is the server overloaded? Running 4971ms or 99 ticks behind
[16Feb2026 18:21:14.830] [Server thread/INFO] [net.minecraft.server.MinecraftServer/]: [Amorger2: Teleported Amorger2 to -15056.500000, 62.000000, -7492.500000]
[16Feb2026 18:21:27.852] [Server thread/WARN] [net.minecraft.world.level.chunk.LevelChunk/]: Tried to load a block entity for block Block{cobblemon:pc}[facing=west,on=false,part=top,waterlogged=false] but failed at location BlockPos{x=-15182, y=71, z=-7524}
[16Feb2026 18:21:54.825] [Server thread/INFO] [net.minecraft.server.MinecraftServer/]: Dortodoloncio fell from a high place
[16Feb2026 18:23:04.000] [Server thread/INFO] [net.minecraft.server.MinecraftServer/]: [Amorger2: Fully healed Amorger2's party.]
[16Feb2026 18:23:15.155] [Server thread/WARN] [net.minecraft.world.level.chunk.LevelChunk/]: Tried to load a block entity for block Block{cobblemon:pc}[facing=east,on=false,part=top,waterlogged=false] but failed at location BlockPos{x=2414, y=111, z=-5212}
[16Feb2026 18:23:48.780] [Server thread/INFO] [com.selfdot.cobblemontrainers.libs.io.JsonFile/]: Saved config/trainers/groups/Ungrouped/124593e7-ae84-46c9-973b-c59bae6fd25e.json
[16Feb2026 18:23:48.781] [Server thread/INFO] [com.selfdot.cobblemontrainers.libs.io.JsonFile/]: Saved config/trainers/groups/Ungrouped/124593e7-ae84-46c9-973b-c59bae6fd25e.json
[16Feb2026 18:23:48.782] [Server thread/INFO] [com.selfdot.cobblemontrainers.libs.io.JsonFile/]: Saved config/trainers/groups/Ungrouped/124593e7-ae84-46c9-973b-c59bae6fd25e.json
[16Feb2026 18:23:48.783] [Server thread/INFO] [com.selfdot.cobblemontrainers.libs.io.JsonFile/]: Saved config/trainers/groups/Ungrouped/124593e7-ae84-46c9-973b-c59bae6fd25e.json
[16Feb2026 18:23:48.783] [Server thread/INFO] [com.selfdot.cobblemontrainers.libs.io.JsonFile/]: Saved config/trainers/groups/Ungrouped/124593e7-ae84-46c9-973b-c59bae6fd25e.json
[16Feb2026 18:23:48.784] [Server thread/INFO] [com.selfdot.cobblemontrainers.libs.io.JsonFile/]: Saved config/trainers/groups/Ungrouped/124593e7-ae84-46c9-973b-c59bae6fd25e.json
[16Feb2026 18:23:48.784] [Server thread/INFO] [com.selfdot.cobblemontrainers.libs.io.JsonFile/]: Saved config/trainers/groups/Ungrouped/124593e7-ae84-46c9-973b-c59bae6fd25e.json
[16Feb2026 18:23:48.785] [Server thread/INFO] [com.selfdot.cobblemontrainers.libs.io.JsonFile/]: Saved config/trainers/groups/Ungrouped/658b92e4-8119-4135-b4e0-ac81b4411540.json
[16Feb2026 18:23:48.785] [Server thread/INFO] [com.selfdot.cobblemontrainers.libs.io.JsonFile/]: Saved config/trainers/groups/Ungrouped/658b92e4-8119-4135-b4e0-ac81b4411540.json
[16Feb2026 18:23:48.786] [Server thread/INFO] [com.selfdot.cobblemontrainers.libs.io.JsonFile/]: Saved config/trainers/groups/Ungrouped/658b92e4-8119-4135-b4e0-ac81b4411540.json
[16Feb2026 18:23:48.786] [Server thread/INFO] [com.selfdot.cobblemontrainers.libs.io.JsonFile/]: Saved config/trainers/groups/Ungrouped/658b92e4-8119-4135-b4e0-ac81b4411540.json
[16Feb2026 18:23:48.786] [Server thread/INFO] [com.selfdot.cobblemontrainers.libs.io.JsonFile/]: Saved config/trainers/groups/Ungrouped/658b92e4-8119-4135-b4e0-ac81b4411540.json
[16Feb2026 18:23:48.787] [Server thread/INFO] [com.selfdot.cobblemontrainers.libs.io.JsonFile/]: Saved config/trainers/groups/Ungrouped/658b92e4-8119-4135-b4e0-ac81b4411540.json
[16Feb2026 18:23:48.787] [Server thread/INFO] [com.selfdot.cobblemontrainers.libs.io.JsonFile/]: Saved config/trainers/groups/Ungrouped/658b92e4-8119-4135-b4e0-ac81b4411540.json
[16Feb2026 18:23:48.788] [Server thread/INFO] [com.selfdot.cobblemontrainers.libs.io.JsonFile/]: Saved config/trainers/groups/Ungrouped/658b92e4-8119-4135-b4e0-ac81b4411540.json
[16Feb2026 18:23:48.788] [Server thread/INFO] [com.selfdot.cobblemontrainers.libs.io.JsonFile/]: Saved config/trainers/groups/Ungrouped/eae44dd6-1c03-4aac-92d7-7483ae95e6eb.json
[16Feb2026 18:23:48.789] [Server thread/INFO] [com.selfdot.cobblemontrainers.libs.io.JsonFile/]: Saved config/trainers/groups/Ungrouped/eae44dd6-1c03-4aac-92d7-7483ae95e6eb.json
[16Feb2026 18:23:48.789] [Server thread/INFO] [com.selfdot.cobblemontrainers.libs.io.JsonFile/]: Saved config/trainers/groups/Ungrouped/eae44dd6-1c03-4aac-92d7-7483ae95e6eb.json
[16Feb2026 18:23:48.789] [Server thread/INFO] [com.selfdot.cobblemontrainers.libs.io.JsonFile/]: Saved config/trainers/groups/Ungrouped/eae44dd6-1c03-4aac-92d7-7483ae95e6eb.json
[16Feb2026 18:23:48.790] [Server thread/INFO] [com.selfdot.cobblemontrainers.libs.io.JsonFile/]: Saved config/trainers/groups/Ungrouped/eae44dd6-1c03-4aac-92d7-7483ae95e6eb.json
[16Feb2026 18:23:48.790] [Server thread/INFO] [com.selfdot.cobblemontrainers.libs.io.JsonFile/]: Saved config/trainers/groups/Ungrouped/eae44dd6-1c03-4aac-92d7-7483ae95e6eb.json
[16Feb2026 18:23:48.791] [Server thread/INFO] [com.selfdot.cobblemontrainers.libs.io.JsonFile/]: Saved config/trainers/groups/Ungrouped/eae44dd6-1c03-4aac-92d7-7483ae95e6eb.json
[16Feb2026 18:23:48.791] [Server thread/INFO] [com.selfdot.cobblemontrainers.libs.io.JsonFile/]: Saved config/trainers/groups/Ungrouped/eae44dd6-1c03-4aac-92d7-7483ae95e6eb.json
[16Feb2026 18:23:48.792] [Server thread/INFO] [com.selfdot.cobblemontrainers.libs.io.JsonFile/]: Saved config/trainers/groups/Ungrouped/eae44dd6-1c03-4aac-92d7-7483ae95e6eb.json
[16Feb2026 18:23:48.792] [Server thread/INFO] [com.selfdot.cobblemontrainers.libs.io.JsonFile/]: Saved config/trainers/groups/Ungrouped/eae44dd6-1c03-4aac-92d7-7483ae95e6eb.json
[16Feb2026 18:23:48.793] [Server thread/INFO] [com.selfdot.cobblemontrainers.libs.io.JsonFile/]: Saved config/trainers/groups/Ungrouped/eae44dd6-1c03-4aac-92d7-7483ae95e6eb.json
[16Feb2026 18:23:48.794] [Server thread/INFO] [com.selfdot.cobblemontrainers.libs.io.JsonFile/]: Saved config/trainers/groups/Ungrouped/eae44dd6-1c03-4aac-92d7-7483ae95e6eb.json
[16Feb2026 18:23:49.124] [Server thread/INFO] [cobgyms/]: Successfully placed structure: cobgyms:gym_volcanic01 at 0,0,0
[16Feb2026 18:23:49.139] [Server thread/INFO] [cobgyms/]: Gym initialised, took: 365ms
[16Feb2026 18:23:52.904] [Server thread/INFO] [com.selfdot.cobblemontrainers.libs.io.JsonFile/]: Saved trainers/timesLastBattled.json
[16Feb2026 18:25:36.006] [Server thread/WARN] [net.minecraft.world.level.chunk.LevelChunk/]: Tried to load a block entity for block Block{cobblemon:pc}[facing=west,on=false,part=top,waterlogged=false] but failed at location BlockPos{x=2418, y=209, z=-5588}
[16Feb2026 18:27:52.557] [Server thread/INFO] [com.selfdot.cobblemontrainers.libs.io.JsonFile/]: Saved trainers/trainerWins.json
[16Feb2026 18:27:57.219] [Server thread/INFO] [net.minecraft.server.MinecraftServer/]: [Amorger2: Fully healed Amorger2's party.]
[16Feb2026 18:28:39.791] [Server thread/INFO] [net.minecraft.server.MinecraftServer/]: Currently clearing the pokemon saved in the outbreaks. Any outbreaks in the world will spawn new pokemon or finish!
[16Feb2026 18:30:59.839] [Server thread/INFO] [com.selfdot.cobblemontrainers.libs.io.JsonFile/]: Saved trainers/timesLastBattled.json
[16Feb2026 18:32:16.500] [Server thread/INFO] [com.cobblemon.mod.common.Cobblemon/]: No battle could be found with the id: 54b3b12c-816a-4e0d-9e0d-93879525c959
[16Feb2026 18:32:16.500] [Server thread/INFO] [com.cobblemon.mod.common.Cobblemon/]: No battle could be found with the id: 54b3b12c-816a-4e0d-9e0d-93879525c959
[16Feb2026 18:32:24.229] [Server thread/INFO] [net.minecraft.server.MinecraftServer/]: [Dortodoloncio: Fully healed Dortodoloncio's party.]
[16Feb2026 18:33:44.779] [Server thread/INFO] [net.minecraft.server.MinecraftServer/]: [Amorger2: Fully healed Amorger2's party.]
[16Feb2026 18:34:44.149] [Server thread/INFO] [net.minecraft.server.commands.LocateCommand/]: Locating element #cobblemon:evolution/alolan (minecraft:beach) took 44 ms
[16Feb2026 18:34:47.960] [Server thread/INFO] [net.minecraft.server.MinecraftServer/]: [Amorger2: Teleported Amorger2 to -14913.500000, 63.000000, -7351.500000]
[16Feb2026 18:35:09.539] [Server thread/WARN] [net.minecraft.world.level.chunk.LevelChunk/]: Tried to load a block entity for block Block{cobblemon:pc}[facing=north,on=false,part=top,waterlogged=false] but failed at location BlockPos{x=-14796, y=66, z=-7582}
[16Feb2026 18:38:02.605] [Server thread/INFO] [com.cobblemon.mod.common.Cobblemon/]: No battle could be found with the id: 51762829-26b1-40ee-92a2-b39b0e93a93e
[16Feb2026 18:38:02.605] [Server thread/INFO] [com.cobblemon.mod.common.Cobblemon/]: No battle could be found with the id: 51762829-26b1-40ee-92a2-b39b0e93a93e
[16Feb2026 18:38:38.058] [Server thread/INFO] [net.minecraft.server.MinecraftServer/]: [Amorger2: Fully healed Amorger2's party.]
[16Feb2026 18:46:04.602] [Server thread/INFO] [net.minecraft.server.MinecraftServer/]: Dortodoloncio has made the advancement [What a Deal!]
[16Feb2026 18:50:06.407] [Server thread/INFO] [com.selfdot.cobblemontrainers.libs.io.JsonFile/]: Saved config/trainers/groups/Ungrouped/0bdb9356-8b12-4062-9282-e2974a3cb9fc.json
[16Feb2026 18:50:06.409] [Server thread/INFO] [com.selfdot.cobblemontrainers.libs.io.JsonFile/]: Saved config/trainers/groups/Ungrouped/0bdb9356-8b12-4062-9282-e2974a3cb9fc.json
[16Feb2026 18:50:06.410] [Server thread/INFO] [com.selfdot.cobblemontrainers.libs.io.JsonFile/]: Saved config/trainers/groups/Ungrouped/0bdb9356-8b12-4062-9282-e2974a3cb9fc.json
[16Feb2026 18:50:06.410] [Server thread/INFO] [com.selfdot.cobblemontrainers.libs.io.JsonFile/]: Saved config/trainers/groups/Ungrouped/0bdb9356-8b12-4062-9282-e2974a3cb9fc.json
[16Feb2026 18:50:06.410] [Server thread/INFO] [com.selfdot.cobblemontrainers.libs.io.JsonFile/]: Saved config/trainers/groups/Ungrouped/0bdb9356-8b12-4062-9282-e2974a3cb9fc.json
[16Feb2026 18:50:06.411] [Server thread/INFO] [com.selfdot.cobblemontrainers.libs.io.JsonFile/]: Saved config/trainers/groups/Ungrouped/0bdb9356-8b12-4062-9282-e2974a3cb9fc.json
[16Feb2026 18:50:06.411] [Server thread/INFO] [com.selfdot.cobblemontrainers.libs.io.JsonFile/]: Saved config/trainers/groups/Ungrouped/ba4c159c-1ca6-4337-a308-c84f59378f05.json
[16Feb2026 18:50:06.412] [Server thread/INFO] [com.selfdot.cobblemontrainers.libs.io.JsonFile/]: Saved config/trainers/groups/Ungrouped/ba4c159c-1ca6-4337-a308-c84f59378f05.json
[16Feb2026 18:50:06.412] [Server thread/INFO] [com.selfdot.cobblemontrainers.libs.io.JsonFile/]: Saved config/trainers/groups/Ungrouped/ba4c159c-1ca6-4337-a308-c84f59378f05.json
[16Feb2026 18:50:06.413] [Server thread/INFO] [com.selfdot.cobblemontrainers.libs.io.JsonFile/]: Saved config/trainers/groups/Ungrouped/ba4c159c-1ca6-4337-a308-c84f59378f05.json
[16Feb2026 18:50:06.413] [Server thread/INFO] [com.selfdot.cobblemontrainers.libs.io.JsonFile/]: Saved config/trainers/groups/Ungrouped/ba4c159c-1ca6-4337-a308-c84f59378f05.json
[16Feb2026 18:50:06.414] [Server thread/INFO] [com.selfdot.cobblemontrainers.libs.io.JsonFile/]: Saved config/trainers/groups/Ungrouped/ba4c159c-1ca6-4337-a308-c84f59378f05.json
[16Feb2026 18:50:06.414] [Server thread/INFO] [com.selfdot.cobblemontrainers.libs.io.JsonFile/]: Saved config/trainers/groups/Ungrouped/ba4c159c-1ca6-4337-a308-c84f59378f05.json
[16Feb2026 18:50:06.415] [Server thread/INFO] [com.selfdot.cobblemontrainers.libs.io.JsonFile/]: Saved config/trainers/groups/Ungrouped/a1838df3-6d3c-4214-970e-0b8568dc4df3.json
[16Feb2026 18:50:06.415] [Server thread/INFO] [com.selfdot.cobblemontrainers.libs.io.JsonFile/]: Saved config/trainers/groups/Ungrouped/a1838df3-6d3c-4214-970e-0b8568dc4df3.json
[16Feb2026 18:50:06.415] [Server thread/INFO] [com.selfdot.cobblemontrainers.libs.io.JsonFile/]: Saved config/trainers/groups/Ungrouped/a1838df3-6d3c-4214-970e-0b8568dc4df3.json
[16Feb2026 18:50:06.416] [Server thread/INFO] [com.selfdot.cobblemontrainers.libs.io.JsonFile/]: Saved config/trainers/groups/Ungrouped/a1838df3-6d3c-4214-970e-0b8568dc4df3.json
[16Feb2026 18:50:06.416] [Server thread/INFO] [com.selfdot.cobblemontrainers.libs.io.JsonFile/]: Saved config/trainers/groups/Ungrouped/a1838df3-6d3c-4214-970e-0b8568dc4df3.json
[16Feb2026 18:50:06.416] [Server thread/INFO] [com.selfdot.cobblemontrainers.libs.io.JsonFile/]: Saved config/trainers/groups/Ungrouped/a1838df3-6d3c-4214-970e-0b8568dc4df3.json
[16Feb2026 18:50:06.417] [Server thread/INFO] [com.selfdot.cobblemontrainers.libs.io.JsonFile/]: Saved config/trainers/groups/Ungrouped/a1838df3-6d3c-4214-970e-0b8568dc4df3.json
[16Feb2026 18:50:06.418] [Server thread/INFO] [com.selfdot.cobblemontrainers.libs.io.JsonFile/]: Saved config/trainers/groups/Ungrouped/a1838df3-6d3c-4214-970e-0b8568dc4df3.json
[16Feb2026 18:50:06.421] [Server thread/INFO] [com.selfdot.cobblemontrainers.libs.io.JsonFile/]: Saved config/trainers/groups/Ungrouped/a1838df3-6d3c-4214-970e-0b8568dc4df3.json
[16Feb2026 18:50:06.421] [Server thread/INFO] [com.selfdot.cobblemontrainers.libs.io.JsonFile/]: Saved config/trainers/groups/Ungrouped/a1838df3-6d3c-4214-970e-0b8568dc4df3.json
[16Feb2026 18:50:06.422] [Server thread/INFO] [com.selfdot.cobblemontrainers.libs.io.JsonFile/]: Saved config/trainers/groups/Ungrouped/a1838df3-6d3c-4214-970e-0b8568dc4df3.json
[16Feb2026 18:50:06.521] [Server thread/INFO] [cobgyms/]: Successfully placed structure: cobgyms:gym_aquatic01 at 0,0,0
[16Feb2026 18:50:06.530] [Server thread/INFO] [cobgyms/]: Gym initialised, took: 123ms
[16Feb2026 18:50:10.497] [Server thread/INFO] [com.selfdot.cobblemontrainers.libs.io.JsonFile/]: Saved trainers/timesLastBattled.json
[16Feb2026 18:50:52.800] [Server thread/INFO] [com.selfdot.cobblemontrainers.libs.io.JsonFile/]: Saved trainers/trainerWins.json
[16Feb2026 18:50:56.153] [Server thread/INFO] [com.selfdot.cobblemontrainers.libs.io.JsonFile/]: Saved trainers/timesLastBattled.json
[16Feb2026 18:51:10.065] [Server thread/INFO] [net.minecraft.server.MinecraftServer/]: [Dortodoloncio: Fully healed Dortodoloncio's party.]
[16Feb2026 18:51:14.766] [Server thread/INFO] [net.minecraft.server.MinecraftServer/]: [Dortodoloncio: Fully healed Dortodoloncio's party.]
[16Feb2026 18:51:35.399] [Server thread/INFO] [com.selfdot.cobblemontrainers.libs.io.JsonFile/]: Saved trainers/trainerWins.json
[16Feb2026 18:51:45.184] [Server thread/INFO] [com.selfdot.cobblemontrainers.libs.io.JsonFile/]: Saved trainers/timesLastBattled.json
[16Feb2026 18:51:46.085] [Server thread/INFO] [net.minecraft.server.MinecraftServer/]: [Dortodoloncio: Fully healed Dortodoloncio's party.]
[16Feb2026 18:52:40.147] [Server thread/INFO] [com.selfdot.cobblemontrainers.libs.io.JsonFile/]: Saved trainers/trainerWins.json
[16Feb2026 18:55:17.501] [Server thread/INFO] [net.minecraft.server.MinecraftServer/]: Gamerule sendCommandFeedback is now set to: false
[16Feb2026 18:55:26.431] [Server thread/INFO] [net.minecraft.server.MinecraftServer/]: [Amorger2: Set own game mode to Creative Mode]
[16Feb2026 18:55:59.380] [Server thread/INFO] [net.minecraft.server.MinecraftServer/]: [Amorger2: Set own game mode to Survival Mode]
[16Feb2026 18:56:12.118] [Server thread/INFO] [net.minecraft.server.MinecraftServer/]: Gamerule sendCommandFeedback is now set to: true
[16Feb2026 18:57:11.849] [Server thread/INFO] [net.minecraft.server.MinecraftServer/]: Dortodoloncio drowned
[16Feb2026 18:58:56.528] [Server thread/INFO] [net.minecraft.server.MinecraftServer/]: [Amorger2: Gamerule sendCommandFeedback is now set to: false]
[16Feb2026 18:59:07.610] [Server thread/INFO] [net.minecraft.server.MinecraftServer/]: [Amorger2: Set own game mode to Spectator Mode]
[16Feb2026 18:59:12.469] [Server thread/INFO] [net.minecraft.server.MinecraftServer/]: [Amorger2: Set own game mode to Creative Mode]
[16Feb2026 18:59:32.255] [Server thread/INFO] [net.minecraft.server.MinecraftServer/]: [Amorger2: Set own game mode to Survival Mode]
[16Feb2026 18:59:38.505] [Server thread/INFO] [net.minecraft.server.MinecraftServer/]: [Amorger2: Gamerule sendCommandFeedback is now set to: true]
[16Feb2026 19:00:43.350] [Server thread/INFO] [net.minecraft.server.MinecraftServer/]: Dortodoloncio has made the advancement [The Root of Basic Healing]
[16Feb2026 19:01:38.456] [Server thread/INFO] [net.minecraft.server.MinecraftServer/]: [Amorger2: Gamerule sendCommandFeedback is now set to: false]
[16Feb2026 19:01:48.274] [Server thread/INFO] [net.minecraft.server.MinecraftServer/]: [Amorger2: Set own game mode to Creative Mode]
[16Feb2026 19:03:00.051] [Server thread/INFO] [net.minecraft.server.MinecraftServer/]: [Amorger2: Set own game mode to Spectator Mode]
[16Feb2026 19:03:03.652] [Server thread/INFO] [net.minecraft.server.MinecraftServer/]: [Amorger2: Set own game mode to Survival Mode]
[16Feb2026 19:03:08.405] [Server thread/INFO] [net.minecraft.server.MinecraftServer/]: [Amorger2: Gamerule sendCommandFeedback is now set to: true]
[16Feb2026 19:03:17.622] [Server thread/INFO] [net.minecraft.server.MinecraftServer/]: [Amorger2: Teleported Amorger2 to Dortodoloncio]
[16Feb2026 19:03:30.249] [Server thread/INFO] [net.minecraft.server.MinecraftServer/]: [Amorger2: Teleported Amorger2 to Dortodoloncio]
[16Feb2026 19:09:11.149] [Server thread/INFO] [net.minecraft.server.network.ServerGamePacketListenerImpl/]: Amorger2 lost connection: Disconnected
[16Feb2026 19:09:11.149] [Server thread/INFO] [net.minecraft.server.MinecraftServer/]: Amorger2 left the game
[16Feb2026 19:09:15.205] [Server thread/INFO] [net.minecraft.server.players.PlayerList/]: Amorger2[/10.147.18.56:63761] logged in with entity id 29729 at (1725.3370382507796, 63.0, -1676.2486230139245)
[16Feb2026 19:09:15.236] [Server thread/INFO] [net.minecraft.server.MinecraftServer/]: Amorger2 joined the game
[16Feb2026 19:09:15.288] [Server thread/INFO] [Jade/]: Syncing config to Amorger2 (f4d898ac-81ff-3a5f-8dfd-7b46bc2b0971)
[16Feb2026 19:09:25.098] [Server thread/INFO] [net.minecraft.server.network.ServerGamePacketListenerImpl/]: Amorger2 lost connection: Disconnected
[16Feb2026 19:09:25.098] [Server thread/INFO] [net.minecraft.server.MinecraftServer/]: Amorger2 left the game
[16Feb2026 19:09:28.554] [Server thread/INFO] [net.minecraft.server.players.PlayerList/]: Amorger2[/10.147.18.56:63777] logged in with entity id 29750 at (1725.3370382507796, 63.0, -1676.2486230139245)
[16Feb2026 19:09:28.589] [Server thread/INFO] [net.minecraft.server.MinecraftServer/]: Amorger2 joined the game
[16Feb2026 19:09:28.635] [Server thread/INFO] [Jade/]: Syncing config to Amorger2 (f4d898ac-81ff-3a5f-8dfd-7b46bc2b0971)
